Driver,Team,Year,Event,CircuitName,TrackLength_m,NumCorners,CornerDensity,GapToPole,TeamYearStrength,DriverSkillDelta,DriverCircuitAffinity,TyreConditionScore,CompoundPenalty,TyreLifePenalty,WeatherGripPenalty,TrackTempPenalty,RainfallPenalty,TrackTemp,Humidity,IsStreetCircuit,SpeedClassNum,NormTrackLength,NormNumCorners,NormCornerDensity,Altitude_m,DRSZones,CircuitArchetype,QualiSegmentNum,S1_share,S2_share,S3_share,LapTime_sec,PoleLapTime,Compound,TyreLife,QualiSegment
AIT,Williams,2020,Sakhir Grand Prix,Bahrain International,5006.652008539475,15.0,0.0029960140977275,1.5150000000000006,2.551000000000009,0.04800000000000182,1.5150000000000006,0.05,0.0,0.05,0.3975,0.264,0.0,26.8,76.7,0,1,0.07662692066868529,-0.4680556125916825,-0.5250797315138804,35.0,2.0,Permanent-Medium,1,0.34680827807330755,0.35083436566348464,0.30235735626320775,54.892,53.377,SOFT,2.0,Q1
ALB,RB,2019,Australian Grand Prix,Albert Park,4843.53245567963,14.0,0.0028904523977295,2.1499999999999915,1.8175000000000026,0.09000000000000341,1.2149999999999892,0.05,0.0,0.05,0.17100000000000004,0.07200000000000004,0.0,36.4,69.8,1,1,-0.12177618446144439,-0.7429799002383637,-0.6510272976721347,31.0,2.0,Street-Medium,2,0.3316956290236701,0.2706810591025703,0.3976233118737596,82.636,80.486,SOFT,2.0,Q2
ALB,RB,2019,Austrian Grand Prix,Red Bull Ring,3999.68196710701,10.0,0.0025001987863632,1.6620000000000061,1.8175000000000026,0.09000000000000341,1.4550000000000054,0.2,0.0,0.2,0.0,0.0,0.0,50.3,25.2,0,2,-1.148155635993153,-1.8426770508250885,-1.1166459125389459,700.0,2.0,Permanent-Fast,2,0.25157349416222063,0.44299079873192604,0.3054357071058532,64.665,63.003,SOFT,5.0,Q2
ALB,RB,2019,Azerbaijan Grand Prix,Baku City,4978.250124294395,20.0,0.0040174759203837,1.6589999999999918,1.8175000000000026,0.09000000000000341,1.6589999999999918,0.05,0.0,0.05,0.17700000000000005,0.08400000000000006,0.0,35.8,68.6,1,2,0.042081570788943895,0.9065658256417235,0.6936447726344993,28.0,2.0,Street-Fast,2,0.3505687491434501,0.4046929146191045,0.24473833623744545,102.154,100.495,SOFT,2.0,Q2
ALB,RB,2019,Bahrain Grand Prix,Bahrain International,5006.652008539475,15.0,0.0029960140977275,1.6470000000000056,1.8175000000000026,0.09000000000000341,1.3024999999999949,0.05,0.0,0.05,0.24700000000000005,0.23200000000000004,0.0,28.4,53.0,0,1,0.07662692066868529,-0.4680556125916825,-0.5250797315138804,35.0,2.0,Permanent-Medium,2,0.31445711796051967,0.4341827444058405,0.2513601376336398,89.513,87.866,SOFT,2.0,Q2
ALB,RB,2019,British Grand Prix,Silverstone,5729.156782444218,18.0,0.003141823602237,1.2519999999999953,1.8175000000000026,0.09000000000000341,1.4550000000000054,0.15000000000000002,0.0,0.15000000000000002,0.30200000000000005,0.21200000000000002,0.0,29.4,68.0,0,2,0.9554129895418016,0.3567172503483611,-0.3511117846537936,140.0,2.0,Permanent-Fast,3,0.3213388152180207,0.40520006948867915,0.27346111529330014,86.345,85.093,SOFT,4.0,Q3
ALB,RB,2019,Canadian Grand Prix,Gilles Villeneuve,3927.405044134453,14.0,0.0035646947138566,1.7800000000000011,1.8175000000000026,0.09000000000000341,1.3024999999999949,0.05,0.0,0.05,0.0,0.0,0.0,47.5,22.4,0,1,-1.2360664087705144,-0.7429799002383637,0.15342335743024896,22.0,2.0,Permanent-Medium,2,0.2777145237434046,0.31843932241044154,0.4038461538461538,72.02,70.24,SOFT,2.0,Q2
ALB,RB,2019,French Grand Prix,Paul Ricard,5247.8799638259,15.0,0.0028582970844219,2.141999999999996,1.8175000000000026,0.09000000000000341,1.4550000000000054,0.05,0.0,0.05,0.0,0.0,0.0,54.4,42.1,0,2,0.37003365538516214,-0.4680556125916825,-0.6893923813172924,40.0,3.0,Permanent-Fast,2,0.2513901018118305,0.30801118714142006,0.4405987110467494,90.461,88.319,SOFT,2.0,Q2
ALB,RB,2019,German Grand Prix,Hockenheimring,4317.957322804004,17.0,0.0039370467860392,1.6940000000000026,1.8175000000000026,0.09000000000000341,1.3024999999999949,0.2,0.0,0.2,0.01,0.0,0.0,43.2,52.0,0,1,-0.7610357736003405,0.0817929627016799,0.5976833233674174,100.0,2.0,Permanent-Medium,1,0.21529791317842123,0.4810852016716353,0.3036168851499435,73.461,71.767,SOFT,5.0,Q1
ALB,RB,2019,Hungarian Grand Prix,Hungaroring,4122.248439558155,14.0,0.0033962048152295,2.114999999999995,1.8175000000000026,0.09000000000000341,2.114999999999995,0.05,0.0,0.05,0.0,0.0,0.0,45.3,49.0,0,0,-0.9990774397082004,-0.7429799002383637,-0.04760497628108983,150.0,1.0,Permanent-Slow,2,0.3608825485414738,0.354571178948192,0.28454627251033426,76.687,74.572,SOFT,2.0,Q2
ALB,RB,2019,Monaco Grand Prix,Monaco,2982.89347053333,19.0,0.0063696542259026,1.2630000000000052,1.8175000000000026,0.09000000000000341,1.228500000000004,0.15000000000000002,0.0,0.15000000000000002,0.06949999999999999,0.0,0.0,41.5,63.9,1,0,-2.3848804273745277,0.6316415379950423,3.5000710878223424,10.0,1.0,Street-Slow,3,0.26332442005347967,0.47199316804099173,0.26468241190552855,71.429,70.166,SOFT,4.0,Q3
ALB,RB,2019,Spanish Grand Prix,Barcelona-Catalunya,4348.990357163425,16.0,0.003679014825509,2.0389999999999873,1.8175000000000026,0.09000000000000341,1.3024999999999949,0.05,0.0,0.05,0.12099999999999995,0.08599999999999995,0.0,35.7,57.0,0,1,-0.7232901430454965,-0.1931313249450013,0.28982074233246696,110.0,1.0,Permanent-Medium,2,0.28143844018335595,0.37188972819420235,0.34667183162244175,77.445,75.406,SOFT,2.0,Q2
ALB,Red Bull Racing,2019,Abu Dhabi Grand Prix,Yas Marina,5333.449274375974,21.0,0.0039374144047628,0.9030000000000058,0.7139999999999986,0.09000000000000341,1.3024999999999949,0.05,0.0,0.05,0.3175,0.23399999999999999,0.0,28.3,66.7,0,1,0.4741120237924506,1.1814901132884046,0.59812193588988,10.0,2.0,Permanent-Medium,3,0.17833030246023288,0.42789657406826787,0.3937731234714994,95.682,94.779,SOFT,2.0,Q3
ALB,Red Bull Racing,2019,Belgian Grand Prix,Spa-Francorchamps,6775.131165030146,19.0,0.0028043737511782,3.0090000000000003,0.7139999999999986,0.09000000000000341,1.4550000000000054,0.1,0.0,0.1,0.0,0.0,0.0,41.3,36.9,0,2,2.227636715963657,0.6316415379950423,-0.7537292817396346,300.0,2.0,Permanent-Fast,2,0.2957887953907968,0.4296869077401259,0.2745242968690774,105.528,102.519,SOFT,3.0,Q2
ALB,Red Bull Racing,2019,Brazilian Grand Prix,Interlagos,4309.0,15.0,0.0034810860988628,0.43200000000000216,0.7139999999999986,0.09000000000000341,1.3024999999999949,0.05,0.0,0.05,0.261,0.19,0.0,30.5,64.2,0,1,-0.7719306088718323,-0.4680556125916825,0.05366841251622112,800.0,2.0,Permanent-Medium,3,0.259866048428645,0.5061308603812468,0.23400309119010818,67.935,67.503,SOFT,2.0,Q3
ALB,Red Bull Racing,2019,Italian Grand Prix,Monza,5261.551646812222,11.0,0.0020906380357711,0.7139999999999986,0.7139999999999986,0.09000000000000341,1.4550000000000054,0.05,0.0,0.05,0.041999999999999996,0.03,0.0,38.5,52.4,0,2,0.38666258986472024,-1.5677527631784072,-1.6053002230701332,120.0,2.0,Permanent-Fast,3,0.3382737031529224,0.3319253695904826,0.32980092725659516,80.021,79.307,SOFT,2.0,Q3
ALB,Red Bull Racing,2019,Japanese Grand Prix,Suzuka,5650.500064177964,18.0,0.0031855587639248,0.7870000000000061,0.7139999999999986,0.09000000000000341,1.4550000000000054,0.05,0.0,0.05,0.09049999999999997,0.03799999999999997,0.0,38.1,60.5,0,2,0.8597424407340858,0.3567172503483611,-0.29893057527368244,50.0,2.0,Permanent-Fast,3,0.34828288807184893,0.4511502430251221,0.200566868903029,87.851,87.064,SOFT,2.0,Q3
ALB,Red Bull Racing,2019,Mexican Grand Prix,Hermanos Rodriguez,4309.0,17.0,0.0039452309120445,0.578000000000003,0.7139999999999986,0.09000000000000341,1.3024999999999949,0.05,0.0,0.05,0.162,0.14,0.0,33.0,54.4,0,1,-0.7719306088718323,0.0817929627016799,0.6074479515566137,2240.0,2.0,Permanent-Medium,3,0.35811564192417966,0.382552829988319,0.2593315280875013,75.336,74.758,SOFT,2.0,Q3
ALB,Red Bull Racing,2019,Russian Grand Prix,Sochi Autodrom,5760.2985642132535,18.0,0.0031248380269432,7.569000000000003,0.7139999999999986,0.09000000000000341,1.3024999999999949,0.05,0.0,0.05,0.23099999999999998,0.174,0.0,31.3,61.4,0,1,0.993290890099623,0.3567172503483611,-0.37137758056360215,5.0,2.0,Permanent-Medium,1,0.34740969989011766,0.32489893847596196,0.3276913616339204,99.197,91.628,SOFT,2.0,Q1
ALB,Red Bull Racing,2019,Singapore Grand Prix,Marina Bay,4956.5492831458605,23.0,0.0046403250903221,1.1940000000000026,0.7139999999999986,0.09000000000000341,1.228500000000004,0.05,0.0,0.05,0.18099999999999994,0.12599999999999995,0.0,33.7,61.0,1,0,0.01568673220387009,1.731338688581767,1.436777339075894,10.0,1.0,Street-Slow,3,0.2751331985094086,0.3851002453521676,0.3397665561384238,97.411,96.217,SOFT,2.0,Q3
ALB,Red Bull Racing,2019,United States Grand Prix,COTA,5337.916050454483,20.0,0.0037467805433727,0.5190000000000055,0.7139999999999986,0.09000000000000341,1.4550000000000054,0.05,0.0,0.05,0.28200000000000003,0.28200000000000003,0.0,25.9,24.8,0,2,0.4795449852514533,0.9065658256417235,0.37067324124127227,230.0,3.0,Permanent-Fast,3,0.2684768984743052,0.4007866188356312,0.33073648269006356,92.548,92.029,SOFT,2.0,Q3
ALB,Red Bull Racing,2020,70th Anniversary Grand Prix,Silverstone,5729.156782444218,18.0,0.003141823602237,1.4879999999999995,0.7335000000000065,0.28999999999999204,1.4550000000000054,0.45,0.4,0.05,0.023500000000000017,0.0020000000000000287,0.0,39.9,54.3,0,2,0.9554129895418016,0.3567172503483611,-0.3511117846537936,140.0,2.0,Permanent-Fast,3,0.3200757138570208,0.40658110385263496,0.2733431822903442,86.642,85.154,MEDIUM,2.0,Q3
ALB,Red Bull Racing,2020,Abu Dhabi Grand Prix,Yas Marina,5333.449274375974,21.0,0.0039374144047628,0.32500000000000284,0.7335000000000065,0.28999999999999204,1.3024999999999949,0.05,0.0,0.05,0.313,0.25,0.0,27.5,62.6,0,1,0.4741120237924506,1.1814901132884046,0.59812193588988,10.0,2.0,Permanent-Medium,3,0.17848510531437362,0.4273995249605006,0.3941153697251258,95.571,95.246,SOFT,2.0,Q3
ALB,Red Bull Racing,2020,Austrian Grand Prix,Red Bull Ring,3999.68196710701,10.0,0.0025001987863632,0.8070000000000022,0.7335000000000065,0.28999999999999204,1.4550000000000054,0.05,0.0,0.05,0.0,0.0,0.0,49.0,34.0,0,2,-1.148155635993153,-1.8426770508250885,-1.1166459125389459,700.0,2.0,Permanent-Fast,3,0.25361591315533527,0.4428826906786308,0.30350139616603394,63.746,62.939,SOFT,2.0,Q3
ALB,Red Bull Racing,2020,Bahrain Grand Prix,Bahrain International,5006.652008539475,15.0,0.0029960140977275,1.0100000000000051,0.7335000000000065,0.28999999999999204,1.3024999999999949,0.05,0.0,0.05,0.30200000000000005,0.256,0.0,27.2,59.2,0,1,0.07662692066868529,-0.4680556125916825,-0.5250797315138804,35.0,2.0,Permanent-Medium,3,0.31635589188209434,0.43181457733874073,0.25182953077916487,88.274,87.264,SOFT,2.0,Q3
ALB,Red Bull Racing,2020,Belgian Grand Prix,Spa-Francorchamps,6775.131165030146,19.0,0.0028043737511782,0.9410000000000025,0.7335000000000065,0.28999999999999204,1.4550000000000054,0.05,0.0,0.05,0.37,0.306,0.0,24.7,62.8,0,2,2.227636715963657,0.6316415379950423,-0.7537292817396346,300.0,2.0,Permanent-Fast,3,0.2966250134549333,0.4247746910258041,0.2786002955192626,102.193,101.252,SOFT,2.0,Q3
ALB,Red Bull Racing,2020,British Grand Prix,Silverstone,5729.156782444218,18.0,0.003141823602237,2.2420000000000044,0.7335000000000065,0.28999999999999204,1.4550000000000054,0.05,0.0,0.05,0.024500000000000063,0.004000000000000057,0.0,39.8,54.1,0,2,0.9554129895418016,0.3567172503483611,-0.3511117846537936,140.0,2.0,Permanent-Fast,2,0.32027269050782836,0.404390779363337,0.27533653012883474,86.545,84.303,SOFT,2.0,Q2
ALB,Red Bull Racing,2020,Eifel Grand Prix,Hockenheimring,4317.957322804004,17.0,0.0039370467860392,0.7779999999999916,0.7335000000000065,0.28999999999999204,1.3024999999999949,0.05,0.0,0.05,0.4285,0.41200000000000003,0.0,19.4,53.3,0,1,-0.7610357736003405,0.0817929627016799,0.5976833233674174,100.0,2.0,Permanent-Medium,3,0.32498518251653163,0.41502899578137536,0.25998582170209306,86.047,85.269,SOFT,2.0,Q3
ALB,Red Bull Racing,2020,Emilia Romagna Grand Prix,Imola,4909.0,19.0,0.003870442045223,0.9630000000000081,0.7335000000000065,0.28999999999999204,1.3024999999999949,0.05,0.0,0.05,0.40650000000000003,0.318,0.0,24.1,67.7,0,1,-0.04214769204173995,0.6316415379950423,0.5182160070911476,37.0,1.0,Permanent-Medium,3,0.31948988896636804,0.34350694630692485,0.33700316472670705,74.572,73.609,SOFT,2.0,Q3
ALB,Red Bull Racing,2020,Hungarian Grand Prix,Hungaroring,4122.248439558155,14.0,0.0033962048152295,2.2680000000000007,0.7335000000000065,0.28999999999999204,2.114999999999995,0.05,0.0,0.05,0.37100000000000005,0.254,0.0,27.3,73.4,0,0,-0.9990774397082004,-0.7429799002383637,-0.04760497628108983,150.0,1.0,Permanent-Slow,2,0.36433995905699,0.35290233111008384,0.2827577098329261,75.715,73.447,SOFT,2.0,Q2
ALB,Red Bull Racing,2020,Italian Grand Prix,Monza,5261.551646812222,11.0,0.0020906380357711,1.1769999999999925,0.7335000000000065,0.28999999999999204,1.4550000000000054,0.05,0.0,0.05,0.0,0.0,0.0,45.3,42.0,0,2,0.38666258986472024,-1.5677527631784072,-1.6053002230701332,120.0,2.0,Permanent-Fast,3,0.33422012390087935,0.3361186051159073,0.32966127098321346,80.064,78.887,SOFT,2.0,Q3
ALB,Red Bull Racing,2020,Portuguese Grand Prix,Portimao,4653.0,15.0,0.0032237266279819,0.9450000000000074,0.7335000000000065,0.28999999999999204,1.3024999999999949,0.05,0.0,0.05,0.09,0.09,0.0,35.5,49.7,0,1,-0.3535217365559127,-0.4680556125916825,-0.25339180900199537,90.0,1.0,Permanent-Medium,3,0.2902042345403108,0.38423479867202337,0.32556096678766583,77.411,76.466,SOFT,2.0,Q3
ALB,Red Bull Racing,2020,Russian Grand Prix,Sochi Autodrom,5760.2985642132535,18.0,0.0031248380269432,1.7039999999999935,0.7335000000000065,0.28999999999999204,1.3024999999999949,0.05,0.0,0.05,0.1985,0.17600000000000002,0.0,31.2,54.5,0,1,0.993290890099623,0.3567172503483611,-0.37137758056360215,5.0,2.0,Permanent-Medium,3,0.36491484603474966,0.34515310510923786,0.28993204885601237,93.008,91.304,SOFT,2.0,Q3
ALB,Red Bull Racing,2020,Sakhir Grand Prix,Bahrain International,5006.652008539475,15.0,0.0029960140977275,0.6490000000000009,0.7335000000000065,0.28999999999999204,1.3024999999999949,0.05,0.0,0.05,0.397,0.26,0.0,27.0,77.4,0,1,0.07662692066868529,-0.4680556125916825,-0.5250797315138804,35.0,2.0,Permanent-Medium,2,0.34944286084477844,0.3466108910524562,0.3039462481027653,54.026,53.377,SOFT,2.0,Q2
ALB,Red Bull Racing,2020,Spanish Grand Prix,Barcelona-Catalunya,4348.990357163425,16.0,0.003679014825509,1.4449999999999932,0.7335000000000065,0.28999999999999204,1.3024999999999949,0.05,0.0,0.05,0.011999999999999993,0.0,0.0,48.0,52.4,0,1,-0.7232901430454965,-0.1931313249450013,0.28982074233246696,110.0,1.0,Permanent-Medium,3,0.2814654221137494,0.3699126303080658,0.3486219475781848,77.029,75.584,SOFT,2.0,Q3
ALB,Red Bull Racing,2020,Styrian Grand Prix,Red Bull Ring,3999.68196710701,10.0,0.0025001987863632,1.188999999999993,0.7335000000000065,0.28999999999999204,1.4550000000000054,2.9,2.5,0.4,4.1025,0.41000000000000003,3.5,19.5,88.5,0,2,-1.148155635993153,-1.8426770508250885,-1.1166459125389459,700.0,2.0,Permanent-Fast,3,0.24312147214417695,0.4436428987268079,0.3132356291290151,79.014,77.825,WET,9.0,Q3
ALB,Red Bull Racing,2020,Turkish Grand Prix,Istanbul Park,5338.0,14.0,0.0026227051330086,2.6829999999999927,0.7335000000000065,0.28999999999999204,1.4550000000000054,1.75,1.5,0.25,0.7405,0.54,0.0,13.0,90.1,0,2,0.47964709349177603,-0.7429799002383637,-0.9704813831763092,130.0,1.0,Permanent-Fast,3,0.3711610893814284,0.3503549181515283,0.2784839924670433,110.448,107.765,INTERMEDIATE,6.0,Q3
ALB,Red Bull Racing,2020,Tuscan Grand Prix,Mugello,5245.0,15.0,0.0028598665395614,0.769999999999996,0.7335000000000065,0.28999999999999204,1.4550000000000054,0.05,0.0,0.05,0.0,0.0,0.0,44.9,41.0,0,2,0.36653074138311176,-0.4680556125916825,-0.6875198361136977,255.0,1.0,Permanent-Fast,3,0.35878757541428463,0.276075559185394,0.3651368654003215,75.914,75.144,SOFT,2.0,Q3
ALB,Williams,2022,Abu Dhabi Grand Prix,Yas Marina,5333.449274375974,21.0,0.0039374144047628,2.2040000000000077,2.610999999999997,-0.3442500000000024,1.3024999999999949,0.05,0.0,0.05,0.21900000000000006,0.12400000000000005,0.0,33.8,69.0,0,1,0.4741120237924506,1.1814901132884046,0.59812193588988,10.0,2.0,Permanent-Medium,1,0.20413121309341148,0.42669828427953693,0.3691705026270517,86.028,83.824,SOFT,2.0,Q1
ALB,Williams,2022,Australian Grand Prix,Albert Park,4843.53245567963,14.0,0.0028904523977295,2.26700000000001,2.610999999999997,-0.3442500000000024,1.2149999999999892,0.05,0.0,0.05,0.21,0.19,0.0,30.5,54.0,1,1,-0.12177618446144439,-0.7429799002383637,-0.6510272976721347,31.0,2.0,Street-Medium,1,0.3419354838709677,0.22545704124290258,0.43260747488612966,80.135,77.868,SOFT,2.0,Q1
ALB,Williams,2022,Austrian Grand Prix,Red Bull Ring,3999.68196710701,10.0,0.0025001987863632,1.2460000000000093,2.610999999999997,-0.3442500000000024,1.4550000000000054,0.05,0.0,0.05,0.08,0.08,0.0,36.0,35.0,0,2,-1.148155635993153,-1.8426770508250885,-1.1166459125389459,700.0,2.0,Permanent-Fast,2,0.25168352710252156,0.44366601238109626,0.30465046051638234,66.23,64.984,SOFT,2.0,Q2
ALB,Williams,2022,Azerbaijan Grand Prix,Baku City,4978.250124294395,20.0,0.0040174759203837,3.3599999999999994,2.610999999999997,-0.3442500000000024,1.6589999999999918,0.15000000000000002,0.0,0.15000000000000002,0.175,0.08,0.0,36.0,69.0,1,2,0.042081570788943895,0.9065658256417235,0.6936447726344993,28.0,2.0,Street-Fast,1,0.35264851650607815,0.404176892445497,0.24317459104842482,104.719,101.359,SOFT,4.0,Q1
ALB,Williams,2022,Bahrain Grand Prix,Bahrain International,5006.652008539475,15.0,0.0029960140977275,2.1059999999999945,2.610999999999997,-0.3442500000000024,1.3024999999999949,0.05,0.0,0.05,0.32999999999999996,0.3,0.0,25.0,56.0,0,1,0.07662692066868529,-0.4680556125916825,-0.5250797315138804,35.0,2.0,Permanent-Medium,2,0.3190451523784857,0.4305555555555555,0.25039929206595873,92.664,90.558,SOFT,2.0,Q2
ALB,Williams,2022,Belgian Grand Prix,Spa-Francorchamps,6775.131165030146,19.0,0.0028043737511782,2.006999999999991,2.610999999999997,-0.3442500000000024,1.4550000000000054,0.05,0.0,0.05,0.5720000000000001,0.392,0.0,20.4,86.0,0,2,2.227636715963657,0.6316415379950423,-0.7537292817396346,300.0,2.0,Permanent-Fast,3,0.2914584752820047,0.4327163297751533,0.275825194942842,105.672,103.665,SOFT,2.0,Q3
ALB,Williams,2022,British Grand Prix,Silverstone,5729.156782444218,18.0,0.003141823602237,2.948999999999998,2.610999999999997,-0.3442500000000024,1.4550000000000054,1.65,1.5,0.15000000000000002,0.5820000000000001,0.392,0.0,20.4,88.0,0,2,0.9554129895418016,0.3567172503483611,-0.3511117846537936,140.0,2.0,Permanent-Fast,1,0.3161993769470405,0.40642449891259624,0.2773761241403632,102.078,99.129,INTERMEDIATE,4.0,Q1
ALB,Williams,2022,Canadian Grand Prix,Gilles Villeneuve,3927.405044134453,14.0,0.0035646947138566,5.5589999999999975,2.610999999999997,-0.3442500000000024,1.3024999999999949,1.75,1.5,0.25,0.524,0.444,0.0,17.8,66.0,0,1,-1.2360664087705144,-0.7429799002383637,0.15342335743024896,22.0,2.0,Permanent-Medium,2,0.29299546386055403,0.3225379354808999,0.3844666006585461,86.858,81.299,INTERMEDIATE,6.0,Q2
ALB,Williams,2022,Dutch Grand Prix,Zandvoort,4259.0,14.0,0.0032871566095327,1.3529999999999944,2.610999999999997,-0.3442500000000024,1.3024999999999949,0.05,0.0,0.05,0.02200000000000003,0.02200000000000003,0.0,38.9,31.0,0,1,-0.8327458519410066,-0.7429799002383637,-0.1777123552044761,2.0,2.0,Permanent-Medium,2,0.3432038496408397,0.3520189692447172,0.30477718111444313,71.695,70.342,SOFT,2.0,Q2
ALB,Williams,2022,French Grand Prix,Paul Ricard,5247.8799638259,15.0,0.0028582970844219,2.4350000000000023,2.610999999999997,-0.3442500000000024,1.4550000000000054,0.05,0.0,0.05,0.0,0.0,0.0,53.8,45.0,0,2,0.37003365538516214,-0.4680556125916825,-0.6893923813172924,40.0,3.0,Permanent-Fast,2,0.25036706785128665,0.30491817334176435,0.4447147588069491,93.307,90.872,SOFT,2.0,Q2
ALB,Williams,2022,Hungarian Grand Prix,Hungaroring,4122.248439558155,14.0,0.0033962048152295,1.8790000000000049,2.610999999999997,-0.3442500000000024,2.114999999999995,0.15000000000000002,0.0,0.15000000000000002,0.28700000000000003,0.19200000000000003,0.0,30.4,69.0,0,0,-0.9990774397082004,-0.7429799002383637,-0.04760497628108983,150.0,1.0,Permanent-Slow,1,0.35694458463712525,0.35886242051074996,0.2841929948521248,79.256,77.377,SOFT,4.0,Q1
ALB,Williams,2022,Japanese Grand Prix,Suzuka,5650.500064177964,18.0,0.0031855587639248,2.007000000000005,2.610999999999997,-0.3442500000000024,1.4550000000000054,0.05,0.0,0.05,0.30100000000000005,0.266,0.0,26.7,57.0,0,2,0.8597424407340858,0.3567172503483611,-0.29893057527368244,50.0,2.0,Permanent-Fast,1,0.35142534853413054,0.449420113677432,0.19915453778843728,91.311,89.304,SOFT,2.0,Q1
ALB,Williams,2022,Mexico City Grand Prix,Hermanos Rodriguez,4309.0,17.0,0.0039452309120445,3.083999999999989,2.610999999999997,-0.3442500000000024,1.3024999999999949,0.1,0.0,0.1,0.0,0.0,0.0,50.4,37.0,0,1,-0.7719306088718323,0.0817929627016799,0.6074479515566137,2240.0,2.0,Permanent-Medium,1,0.34582421251808704,0.39460047737419457,0.25957531010771834,80.859,77.775,SOFT,3.0,Q1
ALB,Williams,2022,Miami Grand Prix,Miami,5412.0,19.0,0.003510716925351,2.469999999999999,2.610999999999997,-0.3442500000000024,1.2149999999999892,0.05,0.0,0.05,0.0,0.0,0.0,51.9,38.0,1,1,0.5696536532341541,0.6316415379950423,0.08902148545382091,3.0,3.0,Street-Medium,1,0.33573291258519056,0.3814125742335591,0.28285451318125043,91.266,88.796,SOFT,2.0,Q1
ALB,Williams,2022,Monaco Grand Prix,Monaco,2982.89347053333,19.0,0.0063696542259026,2.2349999999999994,2.610999999999997,-0.3442500000000024,1.228500000000004,0.05,0.0,0.05,0.005,0.0,0.0,44.9,51.0,1,0,-2.3848804273745277,0.6316415379950423,3.5000710878223424,10.0,1.0,Street-Slow,1,0.2651505889065493,0.47177731589028815,0.26307209520316255,73.611,71.376,SOFT,2.0,Q1
ALB,Williams,2022,Saudi Arabian Grand Prix,Jeddah,6174.0,27.0,0.0043731778425655,2.2920000000000016,2.610999999999997,-0.3442500000000024,1.6589999999999918,0.15000000000000002,0.0,0.15000000000000002,0.31500000000000006,0.28,0.0,26.0,57.0,1,2,1.4964779576083713,2.8310358391684916,1.1180391446222482,15.0,3.0,Street-Fast,1,0.36651858727843345,0.3201940503027892,0.31328736241877736,90.492,88.2,SOFT,4.0,Q1
ALB,Williams,2022,Singapore Grand Prix,Marina Bay,4956.5492831458605,23.0,0.0046403250903221,7.572999999999993,2.610999999999997,-0.3442500000000024,1.228500000000004,1.55,1.5,0.05,0.401,0.24600000000000002,0.0,27.7,81.0,1,0,0.01568673220387009,1.731338688581767,1.436777339075894,10.0,1.0,Street-Slow,1,0.2606573492328076,0.39105868273710304,0.3482839680300893,116.985,109.412,INTERMEDIATE,2.0,Q1
ALB,Williams,2022,Spanish Grand Prix,Barcelona-Catalunya,4348.990357163425,16.0,0.003679014825509,2.894999999999996,2.610999999999997,-0.3442500000000024,1.3024999999999949,0.05,0.0,0.05,0.0,0.0,0.0,47.9,20.0,0,1,-0.7232901430454965,-0.1931313249450013,0.28982074233246696,110.0,1.0,Permanent-Medium,1,0.2764406883458877,0.3766060383367016,0.34695327331741077,81.645,78.75,SOFT,2.0,Q1
ALB,Williams,2022,São Paulo Grand Prix,Interlagos,4309.0,15.0,0.0034810860988628,0.75,2.610999999999997,-0.3442500000000024,1.3024999999999949,0.05,0.0,0.05,0.469,0.254,0.0,27.3,93.0,0,1,-0.7719306088718323,-0.4680556125916825,0.05366841251622112,800.0,2.0,Permanent-Medium,2,0.25716519384065556,0.5069871982800743,0.23584760787927012,71.631,70.881,SOFT,2.0,Q2
ALB,Williams,2022,United States Grand Prix,COTA,5337.916050454483,20.0,0.0037467805433727,2.0120000000000005,2.610999999999997,-0.3442500000000024,1.4550000000000054,0.05,0.0,0.05,0.09,0.09,0.0,35.5,37.0,0,2,0.4795449852514533,0.9065658256417235,0.37067324124127227,230.0,3.0,Permanent-Fast,2,0.26913498256682716,0.4034430516353976,0.3274219657977752,96.368,94.356,SOFT,2.0,Q2
ALB,Williams,2023,Abu Dhabi Grand Prix,Yas Marina,5333.449274375974,21.0,0.0039374144047628,0.8530000000000086,1.7445000000000022,-0.28624999999999545,1.3024999999999949,0.05,0.0,0.05,0.22900000000000004,0.15400000000000005,0.0,32.3,65.0,0,1,0.4741120237924506,1.1814901132884046,0.59812193588988,10.0,2.0,Permanent-Medium,2,0.2043346224109706,0.42989157512633747,0.36577380246269187,84.298,83.445,SOFT,2.0,Q2
ALB,Williams,2023,Australian Grand Prix,Albert Park,4843.53245567963,14.0,0.0028904523977295,0.8769999999999953,1.7445000000000022,-0.28624999999999545,1.2149999999999892,0.2,0.0,0.2,0.35200000000000004,0.342,0.0,22.9,52.0,1,1,-0.12177618446144439,-0.7429799002383637,-0.6510272976721347,31.0,2.0,Street-Medium,3,0.3473695061139816,0.22496102256181624,0.4276694713242021,77.609,76.732,SOFT,5.0,Q3
ALB,Williams,2023,Austrian Grand Prix,Red Bull Ring,3999.68196710701,10.0,0.0025001987863632,0.9959999999999951,1.7445000000000022,-0.28624999999999545,1.4550000000000054,0.05,0.0,0.05,0.03400000000000006,0.03400000000000006,0.0,38.3,43.0,0,2,-1.148155635993153,-1.8426770508250885,-1.1166459125389459,700.0,2.0,Permanent-Fast,2,0.24998852983008854,0.4489883310138101,0.30102313915610135,65.387,64.391,SOFT,2.0,Q2
ALB,Williams,2023,Azerbaijan Grand Prix,Baku City,4978.250124294395,20.0,0.0040174759203837,1.6149999999999949,1.7445000000000022,-0.28624999999999545,1.6589999999999918,0.15000000000000002,0.0,0.15000000000000002,0.36,0.2,0.0,30.0,82.0,1,2,0.042081570788943895,0.9065658256417235,0.6936447726344993,28.0,2.0,Street-Fast,2,0.35213812881808715,0.4024435757920996,0.2454182953898132,101.818,100.203,SOFT,4.0,Q2
ALB,Williams,2023,Bahrain Grand Prix,Bahrain International,5006.652008539475,15.0,0.0029960140977275,1.7530000000000001,1.7445000000000022,-0.28624999999999545,1.3024999999999949,0.05,0.0,0.05,0.22799999999999998,0.22799999999999998,0.0,28.6,15.0,0,1,0.07662692066868529,-0.4680556125916825,-0.5250797315138804,35.0,2.0,Permanent-Medium,2,0.31980844294289373,0.42886038858092523,0.25133116847618114,91.461,89.708,SOFT,2.0,Q2
ALB,Williams,2023,Belgian Grand Prix,Spa-Francorchamps,6775.131165030146,19.0,0.0028043737511782,14.145999999999987,1.7445000000000022,-0.28624999999999545,1.4550000000000054,1.55,1.5,0.05,0.513,0.318,0.0,24.1,89.0,0,2,2.227636715963657,0.6316415379950423,-0.7537292817396346,300.0,2.0,Permanent-Fast,1,0.2773575809963928,0.4607610086939176,0.26188141030968964,120.314,106.168,INTERMEDIATE,2.0,Q1
ALB,Williams,2023,British Grand Prix,Silverstone,5729.156782444218,18.0,0.003141823602237,0.8100000000000023,1.7445000000000022,-0.28624999999999545,1.4550000000000054,0.05,0.0,0.05,0.38,0.27,0.0,26.5,72.0,0,2,0.9554129895418016,0.3567172503483611,-0.3511117846537936,140.0,2.0,Permanent-Fast,3,0.31488632468867817,0.4067176967896721,0.2783959785216497,87.53,86.72,SOFT,2.0,Q3
ALB,Williams,2023,Canadian Grand Prix,Gilles Villeneuve,3927.405044134453,14.0,0.0035646947138566,0.0,1.7445000000000022,-0.28624999999999545,1.3024999999999949,0.15000000000000002,0.0,0.15000000000000002,0.6020000000000001,0.42200000000000004,0.0,18.9,86.0,0,1,-1.2360664087705144,-0.7429799002383637,0.15342335743024896,22.0,2.0,Permanent-Medium,3,0.291152746903779,0.31546522705620833,0.39338202604001277,78.725,78.725,SOFT,4.0,Q3
ALB,Williams,2023,Dutch Grand Prix,Zandvoort,4259.0,14.0,0.0032871566095327,0.8520000000000039,1.7445000000000022,-0.28624999999999545,1.3024999999999949,0.1,0.0,0.1,0.429,0.324,0.0,23.8,71.0,0,1,-0.8327458519410066,-0.7429799002383637,-0.1777123552044761,2.0,2.0,Permanent-Medium,3,0.3423318724709111,0.3502429325529621,0.3074251949761268,71.419,70.567,SOFT,3.0,Q3
ALB,Williams,2023,Hungarian Grand Prix,Hungaroring,4122.248439558155,14.0,0.0033962048152295,2.308000000000007,1.7445000000000022,-0.28624999999999545,2.114999999999995,0.8500000000000001,0.8,0.05,0.0,0.0,0.0,44.5,37.0,0,0,-0.9990774397082004,-0.7429799002383637,-0.04760497628108983,150.0,1.0,Permanent-Slow,1,0.35980840630029015,0.3546637606599339,0.28552783303977597,78.917,76.609,HARD,2.0,Q1
ALB,Williams,2023,Italian Grand Prix,Monza,5261.551646812222,11.0,0.0020906380357711,0.4660000000000082,1.7445000000000022,-0.28624999999999545,1.4550000000000054,0.05,0.0,0.05,0.025999999999999943,0.025999999999999943,0.0,38.7,40.0,0,2,0.38666258986472024,-1.5677527631784072,-1.6053002230701332,120.0,2.0,Permanent-Fast,3,0.33026250619118375,0.33883110450718174,0.33090638930163446,80.76,80.294,SOFT,2.0,Q3
ALB,Williams,2023,Japanese Grand Prix,Suzuka,5650.500064177964,18.0,0.0031855587639248,1.6600000000000108,1.7445000000000022,-0.28624999999999545,1.4550000000000054,0.05,0.0,0.05,0.08,0.08,0.0,36.0,49.0,0,2,0.8597424407340858,0.3567172503483611,-0.29893057527368244,50.0,2.0,Permanent-Fast,2,0.3495587439389421,0.4496614643736815,0.20077979168737645,90.537,88.877,SOFT,2.0,Q2
ALB,Williams,2023,Las Vegas Grand Prix,Las Vegas,6353.0,14.0,0.0022036832992287,0.5969999999999942,1.7445000000000022,-0.28624999999999545,1.6589999999999918,0.1,0.0,0.1,0.521,0.466,0.0,16.7,61.0,1,2,1.7141965277960156,-0.7429799002383637,-1.4704238825178961,600.0,2.0,Street-Fast,3,0.2847743857355636,0.33226535795034445,0.38296025631409186,93.323,92.726,SOFT,3.0,Q3
ALB,Williams,2023,Mexico City Grand Prix,Hermanos Rodriguez,4309.0,17.0,0.0039452309120445,1.6620000000000061,1.7445000000000022,-0.28624999999999545,1.3024999999999949,0.05,0.0,0.05,0.0,0.0,0.0,44.9,27.0,0,1,-0.7719306088718323,0.0817929627016799,0.6074479515566137,2240.0,2.0,Permanent-Medium,2,0.35212107373014667,0.3846095296087685,0.2632693966610849,78.828,77.166,SOFT,2.0,Q2
ALB,Williams,2023,Miami Grand Prix,Miami,5412.0,19.0,0.003510716925351,0.9810000000000088,1.7445000000000022,-0.28624999999999545,1.2149999999999892,0.05,0.0,0.05,0.06,0.0,0.0,41.0,62.0,1,1,0.5696536532341541,0.6316415379950423,0.08902148545382091,3.0,3.0,Street-Medium,2,0.3350304687055072,0.3804202972834444,0.2845492340110484,87.795,86.814,SOFT,2.0,Q2
ALB,Williams,2023,Monaco Grand Prix,Monaco,2982.89347053333,19.0,0.0063696542259026,1.1620000000000061,1.7445000000000022,-0.28624999999999545,1.228500000000004,0.05,0.0,0.05,0.0,0.0,0.0,45.0,34.0,1,0,-2.3848804273745277,0.6316415379950423,3.5000710878223424,10.0,1.0,Street-Slow,2,0.26223337515683814,0.47357535814248486,0.264191266700677,72.527,71.365,SOFT,2.0,Q2
ALB,Williams,2023,Qatar Grand Prix,Losail,5380.0,16.0,0.0029739776951672,1.9289999999999878,1.7445000000000022,-0.28624999999999545,1.3024999999999949,0.05,0.0,0.05,0.14700000000000002,0.11200000000000003,0.0,34.4,57.0,0,1,0.5307318976698825,-0.1931313249450013,-0.5513717604354108,20.0,2.0,Permanent-Medium,2,0.36863966770508827,0.33923716849265523,0.29212316380225656,85.707,83.778,SOFT,2.0,Q2
ALB,Williams,2023,Saudi Arabian Grand Prix,Jeddah,6174.0,27.0,0.0043731778425655,1.7289999999999992,1.7445000000000022,-0.28624999999999545,1.6589999999999918,0.15000000000000002,0.0,0.15000000000000002,0.16200000000000003,0.16200000000000003,0.0,31.9,45.0,1,2,1.4964779576083713,2.8310358391684916,1.1180391446222482,15.0,3.0,Street-Fast,1,0.3645909727315154,0.3148320999177723,0.3205769273507123,89.994,88.265,SOFT,4.0,Q1
ALB,Williams,2023,Singapore Grand Prix,Marina Bay,4956.5492831458605,23.0,0.0046403250903221,1.6840000000000117,1.7445000000000022,-0.28624999999999545,1.228500000000004,0.05,0.0,0.05,0.23400000000000007,0.10400000000000006,0.0,34.8,76.0,1,0,0.01568673220387009,1.731338688581767,1.436777339075894,10.0,1.0,Street-Slow,2,0.2927763629300298,0.4243428152112919,0.28288082185867824,92.668,90.984,SOFT,2.0,Q2
ALB,Williams,2023,Spanish Grand Prix,Barcelona-Catalunya,4348.990357163425,16.0,0.003679014825509,1.7909999999999968,1.7445000000000022,-0.28624999999999545,1.3024999999999949,0.05,0.0,0.05,0.43,0.31,0.0,24.5,74.0,0,1,-0.7232901430454965,-0.1931313249450013,0.28982074233246696,110.0,1.0,Permanent-Medium,1,0.2976790030109501,0.4025626831211266,0.29975831386792323,74.063,72.272,SOFT,2.0,Q1
ALB,Williams,2023,São Paulo Grand Prix,Interlagos,4309.0,15.0,0.0034810860988628,0.5999999999999943,1.7445000000000022,-0.28624999999999545,1.3024999999999949,0.05,0.0,0.05,0.06900000000000006,0.03400000000000006,0.0,38.3,57.0,0,1,-0.7719306088718323,-0.4680556125916825,0.05366841251622112,800.0,2.0,Permanent-Medium,2,0.2619617394259498,0.5059259993486357,0.23211226122541453,70.621,70.021,SOFT,2.0,Q2
ALB,Williams,2023,United States Grand Prix,COTA,5337.916050454483,20.0,0.0037467805433727,1.5919999999999987,1.7445000000000022,-0.28624999999999545,1.4550000000000054,0.05,0.0,0.05,0.0,0.0,0.0,42.1,12.0,0,2,0.4795449852514533,0.9065658256417235,0.37067324124127227,230.0,3.0,Permanent-Fast,1,0.2665316928827285,0.40248144110470846,0.33098686601256294,96.315,94.723,SOFT,2.0,Q1
ALB,Williams,2024,Abu Dhabi Grand Prix,Yas Marina,5333.449274375974,21.0,0.0039374144047628,1.225999999999999,1.341750000000001,-0.11374999999999602,1.3024999999999949,0.05,0.0,0.05,0.277,0.20200000000000004,0.0,29.9,65.0,0,1,0.4741120237924506,1.1814901132884046,0.59812193588988,10.0,2.0,Permanent-Medium,1,0.20435213132747165,0.4309779172283795,0.3646699514441489,83.821,82.595,SOFT,2.0,Q1
ALB,Williams,2024,Australian Grand Prix,Albert Park,4843.53245567963,14.0,0.0028904523977295,1.2149999999999892,1.341750000000001,-0.11374999999999602,1.2149999999999892,0.05,0.0,0.05,0.11700000000000003,0.10200000000000004,0.0,34.9,53.0,1,1,-0.12177618446144439,-0.7429799002383637,-0.6510272976721347,31.0,2.0,Street-Medium,2,0.3454297938545313,0.2277194347206016,0.42685077142486716,77.13,75.915,SOFT,2.0,Q2
ALB,Williams,2024,Austrian Grand Prix,Red Bull Ring,3999.68196710701,10.0,0.0025001987863632,1.4220000000000113,1.341750000000001,-0.11374999999999602,1.4550000000000054,0.05,0.0,0.05,0.0,0.0,0.0,46.8,39.0,0,2,-1.148155635993153,-1.8426770508250885,-1.1166459125389459,700.0,2.0,Permanent-Fast,1,0.25012169891687963,0.44733479372033585,0.30254350736278446,65.736,64.314,SOFT,2.0,Q1
ALB,Williams,2024,Azerbaijan Grand Prix,Baku City,4978.250124294395,20.0,0.0040174759203837,1.4750000000000085,1.341750000000001,-0.11374999999999602,1.6589999999999918,0.05,0.0,0.05,0.06400000000000006,0.06400000000000006,0.0,36.8,34.0,1,2,0.042081570788943895,0.9065658256417235,0.6936447726344993,28.0,2.0,Street-Fast,3,0.3533450019447686,0.402683780630105,0.2439712174251264,102.84,101.365,SOFT,2.0,Q3
ALB,Williams,2024,Bahrain Grand Prix,Bahrain International,5006.652008539475,15.0,0.0029960140977275,1.0559999999999974,1.341750000000001,-0.11374999999999602,1.3024999999999949,0.05,0.0,0.05,0.376,0.376,0.0,21.2,46.0,0,1,0.07662692066868529,-0.4680556125916825,-0.5250797315138804,35.0,2.0,Permanent-Medium,2,0.31994768402035,0.4300772547411356,0.24997506123851432,90.221,89.165,SOFT,2.0,Q2
ALB,Williams,2024,Belgian Grand Prix,Spa-Francorchamps,6775.131165030146,19.0,0.0028043737511782,1.313999999999993,1.341750000000001,-0.11374999999999602,1.4550000000000054,1.55,1.5,0.05,4.081,0.36600000000000005,3.5,21.7,93.0,0,2,2.227636715963657,0.6316415379950423,-0.7537292817396346,300.0,2.0,Permanent-Fast,2,0.28103570274213135,0.45302385715408877,0.26594044010377993,114.473,113.159,INTERMEDIATE,2.0,Q2
ALB,Williams,2024,British Grand Prix,Silverstone,5729.156782444218,18.0,0.003141823602237,0.820999999999998,1.341750000000001,-0.11374999999999602,1.4550000000000054,0.05,0.0,0.05,0.483,0.38799999999999996,0.0,20.6,69.0,0,2,0.9554129895418016,0.3567172503483611,-0.3511117846537936,140.0,2.0,Permanent-Fast,3,0.3232225300092336,0.4039589104339797,0.2728185595567867,86.64,85.819,SOFT,2.0,Q3
ALB,Williams,2024,Canadian Grand Prix,Gilles Villeneuve,3927.405044134453,14.0,0.0035646947138566,0.742999999999995,1.341750000000001,-0.11374999999999602,1.3024999999999949,0.15000000000000002,0.0,0.15000000000000002,0.251,0.18600000000000003,0.0,30.7,63.0,0,1,-1.2360664087705144,-0.7429799002383637,0.15342335743024896,22.0,2.0,Permanent-Medium,3,0.27921638959784784,0.31685176243360696,0.4039318479685452,72.485,71.742,SOFT,4.0,Q3
ALB,Williams,2024,Chinese Grand Prix,Shanghai International,5161.238099433068,16.0,0.0031000313668453,1.581000000000003,1.341750000000001,-0.11374999999999602,1.4550000000000054,0.05,0.0,0.05,0.16099999999999995,0.13599999999999995,0.0,33.2,55.0,0,2,0.2646507345248319,-0.1931313249450013,-0.4009748536645922,5.0,3.0,Permanent-Fast,2,0.2651274136138848,0.3031677533835218,0.43170483300259344,95.241,93.66,SOFT,2.0,Q2
ALB,Williams,2024,Dutch Grand Prix,Zandvoort,4259.0,14.0,0.0032871566095327,0.980000000000004,1.341750000000001,-0.11374999999999602,1.3024999999999949,0.05,0.0,0.05,0.315,0.23,0.0,28.5,67.0,0,1,-0.8327458519410066,-0.7429799002383637,-0.1777123552044761,2.0,2.0,Permanent-Medium,3,0.34192461749678005,0.35646044753938255,0.3016149349638373,70.653,69.673,SOFT,2.0,Q3
ALB,Williams,2024,Emilia Romagna Grand Prix,Imola,4909.0,19.0,0.003870442045223,1.4540000000000077,1.341750000000001,-0.11374999999999602,1.3024999999999949,0.05,0.0,0.05,0.0,0.0,0.0,41.0,43.0,0,1,-0.04214769204173995,0.6316415379950423,0.5182160070911476,37.0,1.0,Permanent-Medium,2,0.31456692913385825,0.3476246719160105,0.3378083989501312,76.2,74.746,SOFT,2.0,Q2
ALB,Williams,2024,Hungarian Grand Prix,Hungaroring,4122.248439558155,14.0,0.0033962048152295,1.2019999999999982,1.341750000000001,-0.11374999999999602,2.114999999999995,0.05,0.0,0.05,0.224,0.184,0.0,30.8,58.0,0,0,-0.9990774397082004,-0.7429799002383637,-0.04760497628108983,150.0,1.0,Permanent-Slow,2,0.3636185217652985,0.35427651807559957,0.2821049601591019,76.429,75.227,SOFT,2.0,Q2
ALB,Williams,2024,Italian Grand Prix,Monza,5261.551646812222,11.0,0.0020906380357711,0.9720000000000084,1.341750000000001,-0.11374999999999602,1.4550000000000054,0.05,0.0,0.05,0.0,0.0,0.0,47.1,39.0,0,2,0.38666258986472024,-1.5677527631784072,-1.6053002230701332,120.0,2.0,Permanent-Fast,3,0.3287089502982602,0.3377377053263428,0.3335533443753969,80.299,79.327,SOFT,2.0,Q3
ALB,Williams,2024,Japanese Grand Prix,Suzuka,5650.500064177964,18.0,0.0031855587639248,1.516999999999996,1.341750000000001,-0.11374999999999602,1.4550000000000054,0.05,0.0,0.05,0.304,0.264,0.0,26.8,58.0,0,2,0.8597424407340858,0.3567172503483611,-0.29893057527368244,50.0,2.0,Permanent-Fast,2,0.35241991216532537,0.45010812136344386,0.1974719664712308,89.714,88.197,SOFT,2.0,Q2
ALB,Williams,2024,Las Vegas Grand Prix,Las Vegas,6353.0,14.0,0.0022036832992287,2.1129999999999995,1.341750000000001,-0.11374999999999602,1.6589999999999918,0.2,0.0,0.2,0.506,0.506,0.0,14.7,25.0,1,2,1.7141965277960156,-0.7429799002383637,-1.4704238825178961,600.0,2.0,Street-Fast,1,0.28335716176859943,0.3345088694731268,0.38213396875827377,94.425,92.312,SOFT,5.0,Q1
ALB,Williams,2024,Mexico City Grand Prix,Hermanos Rodriguez,4309.0,17.0,0.0039452309120445,1.0420000000000016,1.341750000000001,-0.11374999999999602,1.3024999999999949,0.05,0.0,0.05,0.05200000000000003,0.05200000000000003,0.0,37.4,40.0,0,1,-0.7719306088718323,0.0817929627016799,0.6074479515566137,2240.0,2.0,Permanent-Medium,3,0.35778303112173326,0.3842157219306905,0.25800124694757626,76.988,75.946,SOFT,2.0,Q3
ALB,Williams,2024,Miami Grand Prix,Miami,5412.0,19.0,0.003510716925351,1.1020000000000039,1.341750000000001,-0.11374999999999602,1.2149999999999892,0.05,0.0,0.05,0.025,0.0,0.0,47.2,55.0,1,1,0.5696536532341541,0.6316415379950423,0.08902148545382091,3.0,3.0,Street-Medium,2,0.3339030823042007,0.382305332623977,0.28379158507182234,88.343,87.241,SOFT,2.0,Q2
ALB,Williams,2024,Monaco Grand Prix,Monaco,2982.89347053333,19.0,0.0063696542259026,0.6779999999999973,1.341750000000001,-0.11374999999999602,1.228500000000004,0.05,0.0,0.05,0.06,0.0,0.0,43.1,62.0,1,0,-2.3848804273745277,0.6316415379950423,3.5000710878223424,10.0,1.0,Street-Slow,3,0.26057112251226244,0.473544004059311,0.2658848734284264,70.948,70.27,SOFT,2.0,Q3
ALB,Williams,2024,Qatar Grand Prix,Losail,5380.0,16.0,0.0029739776951672,1.8700000000000045,1.341750000000001,-0.11374999999999602,1.3024999999999949,0.1,0.0,0.1,0.41600000000000004,0.36600000000000005,0.0,21.7,60.0,0,1,0.5307318976698825,-0.1931313249450013,-0.5513717604354108,20.0,2.0,Permanent-Medium,1,0.3672654448355383,0.33720111664036895,0.29553343852409275,82.39,80.52,SOFT,3.0,Q1
ALB,Williams,2024,Saudi Arabian Grand Prix,Jeddah,6174.0,27.0,0.0043731778425655,1.5080000000000098,1.341750000000001,-0.11374999999999602,1.6589999999999918,0.05,0.0,0.05,0.21200000000000002,0.18200000000000002,0.0,30.9,56.0,1,2,1.4964779576083713,2.8310358391684916,1.1180391446222482,15.0,3.0,Street-Fast,2,0.36507080242751183,0.3160822656776804,0.3188469318948078,88.98,87.472,SOFT,2.0,Q2
ALB,Williams,2024,Singapore Grand Prix,Marina Bay,4956.5492831458605,23.0,0.0046403250903221,0.9489999999999981,1.341750000000001,-0.11374999999999602,1.228500000000004,0.05,0.0,0.05,0.30299999999999994,0.15799999999999997,0.0,32.1,79.0,1,0,0.01568673220387009,1.731338688581767,1.436777339075894,10.0,1.0,Street-Slow,2,0.2966487609700024,0.4206733426177687,0.2826778964122289,90.474,89.525,SOFT,2.0,Q2
ALB,Williams,2024,Spanish Grand Prix,Barcelona-Catalunya,4348.990357163425,16.0,0.003679014825509,1.7700000000000102,1.341750000000001,-0.11374999999999602,1.3024999999999949,0.05,0.0,0.05,0.13900000000000007,0.054000000000000055,0.0,37.3,67.0,0,1,-0.7232901430454965,-0.1931313249450013,0.28982074233246696,110.0,1.0,Permanent-Medium,1,0.2982652796194278,0.3990677074077619,0.3026670129728104,73.153,71.383,SOFT,2.0,Q1
ALB,Williams,2024,São Paulo Grand Prix,Interlagos,4309.0,15.0,0.0034810860988628,1.2519999999999953,1.341750000000001,-0.11374999999999602,1.3024999999999949,0.05,0.0,0.05,4.046,0.326,3.5,23.7,94.0,0,1,-0.7719306088718323,-0.4680556125916825,0.05366841251622112,800.0,2.0,Permanent-Medium,3,0.25479287005209256,0.5308598225781684,0.2143473073697391,84.657,83.405,SOFT,2.0,Q3
ALB,Williams,2024,United States Grand Prix,COTA,5337.916050454483,20.0,0.0037467805433727,1.7210000000000036,1.341750000000001,-0.11374999999999602,1.4550000000000054,0.05,0.0,0.05,0.005999999999999943,0.005999999999999943,0.0,39.7,37.0,0,2,0.4795449852514533,0.9065658256417235,0.37067324124127227,230.0,3.0,Permanent-Fast,1,0.2693432286738046,0.4010589999043072,0.3295977714218881,94.051,92.33,SOFT,2.0,Q1
ALO,Alpine,2021,Abu Dhabi Grand Prix,Yas Marina,5333.449274375974,21.0,0.0039374144047628,1.350999999999999,1.252750000000006,-0.027499999999996305,1.0629999999999882,0.05,0.0,0.05,0.27199999999999996,0.22399999999999998,0.0,28.8,59.6,0,1,0.4741120237924506,1.1814901132884046,0.59812193588988,10.0,2.0,Permanent-Medium,2,0.20419362568895283,0.4333692786963815,0.3624370956146657,83.46,82.109,SOFT,2.0,Q2
ALO,Alpine,2021,Austrian Grand Prix,Red Bull Ring,3999.68196710701,10.0,0.0025001987863632,0.7519999999999953,1.252750000000006,-0.027499999999996305,1.1725000000000065,0.05,0.0,0.05,0.0,0.0,0.0,52.0,27.9,0,2,-1.148155635993153,-1.8426770508250885,-1.1166459125389459,700.0,2.0,Permanent-Fast,3,0.25276088844769823,0.4445650825164413,0.30267402903586055,64.472,63.72,SOFT,2.0,Q3
ALO,Alpine,2021,Azerbaijan Grand Prix,Baku City,4978.250124294395,20.0,0.0040174759203837,0.9769999999999897,1.252750000000006,-0.027499999999996305,0.9904999999999973,0.05,0.0,0.05,0.0,0.0,0.0,46.6,48.8,1,2,0.042081570788943895,0.9065658256417235,0.6936447726344993,28.0,2.0,Street-Fast,3,0.34909731395860855,0.40193747247908407,0.24896521356230736,102.195,101.218,SOFT,2.0,Q3
ALO,Alpine,2021,Bahrain Grand Prix,Bahrain International,5006.652008539475,15.0,0.0029960140977275,1.2519999999999953,1.252750000000006,-0.027499999999996305,1.0629999999999882,0.05,0.0,0.05,0.14799999999999996,0.14799999999999996,0.0,32.6,43.6,0,1,0.07662692066868529,-0.4680556125916825,-0.5250797315138804,35.0,2.0,Permanent-Medium,3,0.3185298452060411,0.4299881439129519,0.251482010881007,90.249,88.997,SOFT,2.0,Q3
ALO,Alpine,2021,Belgian Grand Prix,Spa-Francorchamps,6775.131165030146,19.0,0.0028043737511782,2.1799999999999926,1.252750000000006,-0.027499999999996305,1.1725000000000065,1.55,1.5,0.05,0.658,0.452,0.0,17.4,91.2,0,2,2.227636715963657,0.6316415379950423,-0.7537292817396346,300.0,2.0,Permanent-Fast,2,0.27678186201937316,0.45356795397825816,0.2696501840023688,118.205,116.025,INTERMEDIATE,2.0,Q2
ALO,Alpine,2021,British Grand Prix,Silverstone,5729.156782444218,18.0,0.003141823602237,1.2220000000000084,1.252750000000006,-0.027499999999996305,1.1725000000000065,0.05,0.0,0.05,0.06350000000000001,0.04,0.0,38.0,54.7,0,2,0.9554129895418016,0.3567172503483611,-0.3511117846537936,140.0,2.0,Permanent-Fast,2,0.3169809158117944,0.40761075133245456,0.275408332855751,87.245,86.023,SOFT,2.0,Q2
ALO,Alpine,2021,Dutch Grand Prix,Zandvoort,4259.0,14.0,0.0032871566095327,1.070999999999998,1.252750000000006,-0.027499999999996305,1.0629999999999882,0.05,0.0,0.05,0.1485,0.09799999999999998,0.0,35.1,60.1,0,1,-0.8327458519410066,-0.7429799002383637,-0.1777123552044761,2.0,2.0,Permanent-Medium,3,0.34777574475384526,0.34224369603750926,0.3099805592086454,69.956,68.885,SOFT,2.0,Q3
ALO,Alpine,2021,Emilia Romagna Grand Prix,Imola,4909.0,19.0,0.003870442045223,1.1820000000000022,1.252750000000006,-0.027499999999996305,1.0629999999999882,0.05,0.0,0.05,0.21799999999999997,0.21799999999999997,0.0,29.1,35.8,0,1,-0.04214769204173995,0.6316415379950423,0.5182160070911476,37.0,1.0,Permanent-Medium,2,0.31844218380008726,0.3455346394507428,0.33602317674916987,75.593,74.411,SOFT,2.0,Q2
ALO,Alpine,2021,French Grand Prix,Paul Ricard,5247.8799638259,15.0,0.0028582970844219,1.3500000000000085,1.252750000000006,-0.027499999999996305,1.1725000000000065,0.05,0.0,0.05,0.0,0.0,0.0,42.0,44.7,0,2,0.37003365538516214,-0.4680556125916825,-0.6893923813172924,40.0,3.0,Permanent-Fast,3,0.24718633676373986,0.30405079921173633,0.44876286402452376,91.34,89.99,SOFT,2.0,Q3
ALO,Alpine,2021,Hungarian Grand Prix,Hungaroring,4122.248439558155,14.0,0.0033962048152295,1.1219999999999999,1.252750000000006,-0.027499999999996305,0.6715000000000018,0.05,0.0,0.05,0.0,0.0,0.0,59.9,45.0,0,0,-0.9990774397082004,-0.7429799002383637,-0.04760497628108983,150.0,1.0,Permanent-Slow,3,0.3624985301995009,0.3551560601507689,0.2823454096497302,76.541,75.419,SOFT,2.0,Q3
ALO,Alpine,2021,Italian Grand Prix,Monza,5261.551646812222,11.0,0.0020906380357711,1.5139999999999958,1.252750000000006,-0.027499999999996305,1.1725000000000065,0.05,0.0,0.05,0.17600000000000002,0.17600000000000002,0.0,31.2,42.7,0,2,0.38666258986472024,-1.5677527631784072,-1.6053002230701332,120.0,2.0,Permanent-Fast,2,0.3332593223056903,0.33481355388619577,0.3319271238081141,81.069,79.555,SOFT,2.0,Q2
ALO,Alpine,2021,Mexico City Grand Prix,Hermanos Rodriguez,4309.0,17.0,0.0039452309120445,2.576999999999998,1.252750000000006,-0.027499999999996305,1.0629999999999882,0.05,0.0,0.05,0.0,0.0,0.0,45.6,19.8,0,1,-0.7719306088718323,0.0817929627016799,0.6074479515566137,2240.0,2.0,Permanent-Medium,1,0.35596288176209656,0.3860067302299495,0.2580303880079539,78.452,75.875,SOFT,2.0,Q1
ALO,Alpine,2021,Monaco Grand Prix,Monaco,2982.89347053333,19.0,0.0063696542259026,1.8589999999999947,1.252750000000006,-0.027499999999996305,0.688999999999993,0.2,0.0,0.2,0.24099999999999994,0.14599999999999994,0.0,32.7,69.0,1,0,-2.3848804273745277,0.6316415379950423,3.5000710878223424,10.0,1.0,Street-Slow,1,0.26449691849594903,0.46789003531611384,0.26761304618793713,72.205,70.346,SOFT,5.0,Q1
ALO,Alpine,2021,Portuguese Grand Prix,Portimao,4653.0,15.0,0.0032237266279819,1.4879999999999995,1.252750000000006,-0.027499999999996305,1.0629999999999882,0.05,0.0,0.05,0.08599999999999995,0.08599999999999995,0.0,35.7,43.4,0,1,-0.3535217365559127,-0.4680556125916825,-0.25339180900199537,90.0,1.0,Permanent-Medium,2,0.28949355618203787,0.3832938985098671,0.32721254530809507,79.456,77.968,SOFT,2.0,Q2
ALO,Alpine,2021,Qatar Grand Prix,Losail,5380.0,16.0,0.0029739776951672,0.8430000000000035,1.252750000000006,-0.027499999999996305,1.0629999999999882,0.05,0.0,0.05,0.3175,0.22799999999999998,0.0,28.6,67.9,0,1,0.5307318976698825,-0.1931313249450013,-0.5513717604354108,20.0,2.0,Permanent-Medium,3,0.3257744581853802,0.33494551242806414,0.33928002938655566,81.67,80.827,SOFT,2.0,Q3
ALO,Alpine,2021,Russian Grand Prix,Sochi Autodrom,5760.2985642132535,18.0,0.0031248380269432,2.2109999999999985,1.252750000000006,-0.027499999999996305,1.0629999999999882,0.1,0.0,0.1,0.6255000000000001,0.47600000000000003,0.0,16.2,79.9,0,1,0.993290890099623,0.3567172503483611,-0.37137758056360215,5.0,2.0,Permanent-Medium,3,0.35466008982380715,0.33715596330275227,0.30818394687344053,104.204,101.993,SOFT,3.0,Q3
ALO,Alpine,2021,Saudi Arabian Grand Prix,Jeddah,6174.0,27.0,0.0043731778425655,1.409000000000006,1.252750000000006,-0.027499999999996305,0.9904999999999973,0.65,0.4,0.25,0.29600000000000004,0.18200000000000002,0.0,30.9,72.8,1,2,1.4964779576083713,2.8310358391684916,1.1180391446222482,15.0,3.0,Street-Fast,2,0.36515969410706256,0.31977058029689615,0.3150697255960414,88.92,87.511,MEDIUM,6.0,Q2
ALO,Alpine,2021,Spanish Grand Prix,Barcelona-Catalunya,4348.990357163425,16.0,0.003679014825509,1.2249999999999943,1.252750000000006,-0.027499999999996305,1.0629999999999882,0.05,0.0,0.05,0.0,0.0,0.0,44.5,48.3,0,1,-0.7232901430454965,-0.1931313249450013,0.28982074233246696,110.0,1.0,Permanent-Medium,3,0.28125080163148036,0.3735474437575353,0.34520175461098423,77.966,76.741,SOFT,2.0,Q3
ALO,Alpine,2021,Styrian Grand Prix,Red Bull Ring,3999.68196710701,10.0,0.0025001987863632,0.732999999999997,1.252750000000006,-0.027499999999996305,1.1725000000000065,0.05,0.0,0.05,0.0,0.0,0.0,52.2,27.4,0,2,-1.148155635993153,-1.8426770508250885,-1.1166459125389459,700.0,2.0,Permanent-Fast,3,0.2544057979991947,0.4409979248613993,0.30459627713940596,64.574,63.841,SOFT,2.0,Q3
ALO,Alpine,2021,São Paulo Grand Prix,Interlagos,4309.0,15.0,0.0034810860988628,1.179000000000002,1.252750000000006,-0.027499999999996305,1.0629999999999882,0.05,0.0,0.05,0.47550000000000003,0.318,0.0,24.1,81.5,0,1,-0.7719306088718323,-0.4680556125916825,0.05366841251622112,800.0,2.0,Permanent-Medium,3,0.2567968399577504,0.5083124737748326,0.23489068626741716,69.113,67.934,SOFT,2.0,Q3
ALO,Alpine,2021,Turkish Grand Prix,Istanbul Park,5338.0,14.0,0.0026227051330086,0.6090000000000089,1.252750000000006,-0.027499999999996305,1.1725000000000065,0.05,0.0,0.05,0.48650000000000004,0.324,0.0,23.8,82.5,0,2,0.47964709349177603,-0.7429799002383637,-0.9704813831763092,130.0,1.0,Permanent-Fast,3,0.3685086910166872,0.3544928543191537,0.276998454664159,83.477,82.868,SOFT,2.0,Q3
ALO,Alpine,2021,United States Grand Prix,COTA,5337.916050454483,20.0,0.0037467805433727,2.8460000000000036,1.252750000000006,-0.027499999999996305,1.1725000000000065,0.05,0.0,0.05,0.0715,0.05,0.0,37.5,54.3,0,2,0.4795449852514533,0.9065658256417235,0.37067324124127227,230.0,3.0,Permanent-Fast,2,0.26948702953339737,0.4016040770291157,0.32890889343748697,95.756,92.91,SOFT,2.0,Q2
ALO,Alpine,2022,Abu Dhabi Grand Prix,Yas Marina,5333.449274375974,21.0,0.0039374144047628,1.2720000000000056,1.3154999999999966,-0.07325000000000159,1.0629999999999882,0.05,0.0,0.05,0.243,0.13799999999999998,0.0,33.1,71.0,0,1,0.4741120237924506,1.1814901132884046,0.59812193588988,10.0,2.0,Permanent-Medium,2,0.20354658268308734,0.43153614740998403,0.36491726990692863,85.096,83.824,SOFT,2.0,Q2
ALO,Alpine,2022,Australian Grand Prix,Albert Park,4843.53245567963,14.0,0.0028904523977295,0.9470000000000027,1.3154999999999966,-0.07325000000000159,0.8709999999999951,0.05,0.0,0.05,0.265,0.22,0.0,29.0,59.0,1,1,-0.12177618446144439,-0.7429799002383637,-0.6510272976721347,31.0,2.0,Street-Medium,3,0.3427647021506059,0.22559157520776504,0.4316437226416292,78.815,77.868,SOFT,2.0,Q3
ALO,Alpine,2022,Austrian Grand Prix,Red Bull Ring,3999.68196710701,10.0,0.0025001987863632,1.0320000000000107,1.3154999999999966,-0.07325000000000159,1.1725000000000065,0.05,0.0,0.05,0.06,0.06,0.0,37.0,33.0,0,2,-1.148155635993153,-1.8426770508250885,-1.1166459125389459,700.0,2.0,Permanent-Fast,3,0.2530295685894329,0.44296837130392624,0.30400206010664077,66.016,64.984,SOFT,2.0,Q3
ALO,Alpine,2022,Azerbaijan Grand Prix,Baku City,4978.250124294395,20.0,0.0040174759203837,1.8140000000000072,1.3154999999999966,-0.07325000000000159,0.9904999999999973,0.05,0.0,0.05,0.23099999999999996,0.13599999999999995,0.0,33.2,69.0,1,2,0.042081570788943895,0.9065658256417235,0.6936447726344993,28.0,2.0,Street-Fast,3,0.35314471809485043,0.4054936853634187,0.2413615965417309,103.173,101.359,SOFT,2.0,Q3
ALO,Alpine,2022,Bahrain Grand Prix,Bahrain International,5006.652008539475,15.0,0.0029960140977275,1.0629999999999882,1.3154999999999966,-0.07325000000000159,1.0629999999999882,0.05,0.0,0.05,0.32999999999999996,0.3,0.0,25.0,56.0,0,1,0.07662692066868529,-0.4680556125916825,-0.5250797315138804,35.0,2.0,Permanent-Medium,3,0.31986116719965946,0.4289955359579135,0.2511432968424269,91.621,90.558,SOFT,2.0,Q3
ALO,Alpine,2022,Belgian Grand Prix,Spa-Francorchamps,6775.131165030146,19.0,0.0028043737511782,1.7029999999999887,1.3154999999999966,-0.07325000000000159,1.1725000000000065,0.05,0.0,0.05,0.538,0.378,0.0,21.1,82.0,0,2,2.227636715963657,0.6316415379950423,-0.7537292817396346,300.0,2.0,Permanent-Fast,3,0.29228987928023686,0.42942828942373396,0.2782818312960292,105.368,103.665,SOFT,2.0,Q3
ALO,Alpine,2022,British Grand Prix,Silverstone,5729.156782444218,18.0,0.003141823602237,2.468999999999994,1.3154999999999966,-0.07325000000000159,1.1725000000000065,1.8,1.5,0.30000000000000004,0.5820000000000001,0.392,0.0,20.4,88.0,0,2,0.9554129895418016,0.3567172503483611,-0.3511117846537936,140.0,2.0,Permanent-Fast,3,0.3123683537077502,0.40634658162562254,0.2812850646666273,101.598,99.129,INTERMEDIATE,7.0,Q3
ALO,Alpine,2022,Canadian Grand Prix,Gilles Villeneuve,3927.405044134453,14.0,0.0035646947138566,0.644999999999996,1.3154999999999966,-0.07325000000000159,1.0629999999999882,1.6,1.5,0.1,0.498,0.438,0.0,18.1,62.0,0,1,-1.2360664087705144,-0.7429799002383637,0.15342335743024896,22.0,2.0,Permanent-Medium,3,0.28634189202382115,0.3208044518207557,0.3928536561554233,81.944,81.299,INTERMEDIATE,3.0,Q3
ALO,Alpine,2022,Dutch Grand Prix,Zandvoort,4259.0,14.0,0.0032871566095327,1.2710000000000008,1.3154999999999966,-0.07325000000000159,1.0629999999999882,0.05,0.0,0.05,0.012000000000000028,0.012000000000000028,0.0,39.4,30.0,0,1,-0.8327458519410066,-0.7429799002383637,-0.1777123552044761,2.0,2.0,Permanent-Medium,2,0.34513286693756723,0.34842835797969646,0.30643877508273637,71.613,70.342,SOFT,2.0,Q2
ALO,Alpine,2022,Emilia Romagna Grand Prix,Imola,4909.0,19.0,0.003870442045223,0.8019999999999925,1.3154999999999966,-0.07325000000000159,1.0629999999999882,0.05,0.0,0.05,0.675,0.51,0.0,14.5,83.0,0,1,-0.04214769204173995,0.6316415379950423,0.5182160070911476,37.0,1.0,Permanent-Medium,3,0.3236886739116779,0.34080030152647783,0.33551102456184434,79.595,78.793,SOFT,2.0,Q3
ALO,Alpine,2022,French Grand Prix,Paul Ricard,5247.8799638259,15.0,0.0028582970844219,1.6800000000000068,1.3154999999999966,-0.07325000000000159,1.1725000000000065,0.05,0.0,0.05,0.0,0.0,0.0,53.6,46.0,0,2,0.37003365538516214,-0.4680556125916825,-0.6893923813172924,40.0,3.0,Permanent-Fast,3,0.25020528999913566,0.3069625723917366,0.4428321376091279,92.552,90.872,SOFT,2.0,Q3
ALO,Alpine,2022,Hungarian Grand Prix,Hungaroring,4122.248439558155,14.0,0.0033962048152295,0.527000000000001,1.3154999999999966,-0.07325000000000159,0.6715000000000018,0.05,0.0,0.05,0.30700000000000005,0.21200000000000002,0.0,29.4,69.0,0,0,-0.9990774397082004,-0.7429799002383637,-0.04760497628108983,150.0,1.0,Permanent-Slow,3,0.3639479359211337,0.35432070240295754,0.28173136167590884,77.904,77.377,SOFT,2.0,Q3
ALO,Alpine,2022,Italian Grand Prix,Monza,5261.551646812222,11.0,0.0020906380357711,1.7000000000000028,1.3154999999999966,-0.07325000000000159,1.1725000000000065,0.05,0.0,0.05,0.0,0.0,0.0,40.6,34.0,0,2,0.38666258986472024,-1.5677527631784072,-1.6053002230701332,120.0,2.0,Permanent-Fast,3,0.33242936196723716,0.33600859994380716,0.3315620380889556,81.861,80.161,SOFT,2.0,Q3
ALO,Alpine,2022,Japanese Grand Prix,Suzuka,5650.500064177964,18.0,0.0031855587639248,1.0180000000000007,1.3154999999999966,-0.07325000000000159,1.1725000000000065,0.05,0.0,0.05,0.322,0.28200000000000003,0.0,25.9,58.0,0,2,0.8597424407340858,0.3567172503483611,-0.29893057527368244,50.0,2.0,Permanent-Fast,3,0.3482540244901574,0.45068754013418655,0.20105843537565599,90.322,89.304,SOFT,2.0,Q3
ALO,Alpine,2022,Mexico City Grand Prix,Hermanos Rodriguez,4309.0,17.0,0.0039452309120445,1.1639999999999873,1.3154999999999966,-0.07325000000000159,1.0629999999999882,0.05,0.0,0.05,0.0,0.0,0.0,46.8,35.0,0,1,-0.7719306088718323,0.0817929627016799,0.6074479515566137,2240.0,2.0,Permanent-Medium,3,0.35532499778309834,0.3850188119940714,0.2596561902228303,78.939,77.775,SOFT,2.0,Q3
ALO,Alpine,2022,Miami Grand Prix,Miami,5412.0,19.0,0.003510716925351,1.36399999999999,1.3154999999999966,-0.07325000000000159,0.8709999999999951,0.05,0.0,0.05,0.0,0.0,0.0,50.2,40.0,1,1,0.5696536532341541,0.6316415379950423,0.08902148545382091,3.0,3.0,Street-Medium,2,0.33022404614019524,0.38393966282165043,0.2858362910381544,90.16,88.796,SOFT,2.0,Q2
ALO,Alpine,2022,Monaco Grand Prix,Monaco,2982.89347053333,19.0,0.0063696542259026,0.8709999999999951,1.3154999999999966,-0.07325000000000159,0.688999999999993,0.05,0.0,0.05,0.0,0.0,0.0,47.0,42.0,1,0,-2.3848804273745277,0.6316415379950423,3.5000710878223424,10.0,1.0,Street-Slow,3,0.2640940108239788,0.47179813694686284,0.2641078522291583,72.247,71.376,SOFT,2.0,Q3
ALO,Alpine,2022,Saudi Arabian Grand Prix,Jeddah,6174.0,27.0,0.0043731778425655,0.9470000000000027,1.3154999999999966,-0.07325000000000159,0.9904999999999973,0.05,0.0,0.05,0.366,0.306,0.0,24.7,62.0,1,2,1.4964779576083713,2.8310358391684916,1.1180391446222482,15.0,3.0,Street-Fast,3,0.36707909408056355,0.32060529238224506,0.3123156135371914,89.147,88.2,SOFT,2.0,Q3
ALO,Alpine,2022,Singapore Grand Prix,Marina Bay,4956.5492831458605,23.0,0.0046403250903221,0.5539999999999878,1.3154999999999966,-0.07325000000000159,0.688999999999993,0.25,0.0,0.25,0.382,0.23200000000000004,0.0,28.4,80.0,1,0,0.01568673220387009,1.731338688581767,1.436777339075894,10.0,1.0,Street-Slow,3,0.2672462397468308,0.3794172744302784,0.3533364858228907,109.966,109.412,SOFT,6.0,Q3
ALO,Alpine,2022,Spanish Grand Prix,Barcelona-Catalunya,4348.990357163425,16.0,0.003679014825509,2.2930000000000064,1.3154999999999966,-0.07325000000000159,1.0629999999999882,0.05,0.0,0.05,0.0,0.0,0.0,47.5,20.0,0,1,-0.7232901430454965,-0.1931313249450013,0.28982074233246696,110.0,1.0,Permanent-Medium,1,0.2765568895524598,0.3768369877719235,0.34660612267561663,81.043,78.75,SOFT,2.0,Q1
ALO,Alpine,2022,São Paulo Grand Prix,Interlagos,4309.0,15.0,0.0034810860988628,0.5130000000000052,1.3154999999999966,-0.07325000000000159,1.0629999999999882,0.15000000000000002,0.0,0.15000000000000002,0.4670000000000001,0.25200000000000006,0.0,27.4,93.0,0,1,-0.7719306088718323,-0.4680556125916825,0.05366841251622112,800.0,2.0,Permanent-Medium,3,0.2552595456200801,0.5061489761044345,0.2385914782754853,71.394,70.881,SOFT,4.0,Q3
ALO,Alpine,2022,United States Grand Prix,COTA,5337.916050454483,20.0,0.0037467805433727,1.5200000000000102,1.3154999999999966,-0.07325000000000159,1.1725000000000065,0.05,0.0,0.05,0.13200000000000003,0.13200000000000003,0.0,33.4,38.0,0,2,0.4795449852514533,0.9065658256417235,0.37067324124127227,230.0,3.0,Permanent-Fast,3,0.2717572698068338,0.4021652968417539,0.32607743335141226,95.876,94.356,SOFT,2.0,Q3
ALO,Aston Martin,2023,Abu Dhabi Grand Prix,Yas Marina,5333.449274375974,21.0,0.0039374144047628,0.63900000000001,1.1812499999999986,-0.3400000000000034,1.0629999999999882,0.05,0.0,0.05,0.265,0.18,0.0,31.0,67.0,0,1,0.4741120237924506,1.1814901132884046,0.59812193588988,10.0,2.0,Permanent-Medium,3,0.20404595404595405,0.43267446838875406,0.36327957756529183,84.084,83.445,SOFT,2.0,Q3
ALO,Aston Martin,2023,Australian Grand Prix,Albert Park,4843.53245567963,14.0,0.0028904523977295,0.4069999999999965,1.1812499999999986,-0.3400000000000034,0.8709999999999951,0.1,0.0,0.1,0.36000000000000004,0.35000000000000003,0.0,22.5,52.0,1,1,-0.12177618446144439,-0.7429799002383637,-0.6510272976721347,31.0,2.0,Street-Medium,3,0.34545430975252467,0.2276799025136442,0.4268657877338311,77.139,76.732,SOFT,3.0,Q3
ALO,Aston Martin,2023,Austrian Grand Prix,Red Bull Ring,3999.68196710701,10.0,0.0025001987863632,0.519999999999996,1.1812499999999986,-0.3400000000000034,1.1725000000000065,0.05,0.0,0.05,0.06200000000000003,0.06200000000000003,0.0,36.9,46.0,0,2,-1.148155635993153,-1.8426770508250885,-1.1166459125389459,700.0,2.0,Permanent-Fast,3,0.2526382277271957,0.4455177088629046,0.3018440634098997,64.911,64.391,SOFT,2.0,Q3
ALO,Aston Martin,2023,Azerbaijan Grand Prix,Baku City,4978.250124294395,20.0,0.0040174759203837,1.0499999999999972,1.1812499999999986,-0.3400000000000034,0.9904999999999973,0.05,0.0,0.05,0.389,0.22399999999999998,0.0,28.8,83.0,1,2,0.042081570788943895,0.9065658256417235,0.6936447726344993,28.0,2.0,Street-Fast,3,0.3528488044798673,0.4025263448984228,0.24462485062171,101.253,100.203,SOFT,2.0,Q3
ALO,Aston Martin,2023,Bahrain Grand Prix,Bahrain International,5006.652008539475,15.0,0.0029960140977275,0.6280000000000001,1.1812499999999986,-0.3400000000000034,1.0629999999999882,0.05,0.0,0.05,0.264,0.264,0.0,26.8,32.0,0,1,0.07662692066868529,-0.4680556125916825,-0.5250797315138804,35.0,2.0,Permanent-Medium,3,0.3193854055968827,0.42921980162947215,0.251394792773645,90.336,89.708,SOFT,2.0,Q3
ALO,Aston Martin,2023,Belgian Grand Prix,Spa-Francorchamps,6775.131165030146,19.0,0.0028043737511782,1.6749999999999972,1.1812499999999986,-0.3400000000000034,1.1725000000000065,0.05,0.0,0.05,0.511,0.336,0.0,23.2,85.0,0,2,2.227636715963657,0.6316415379950423,-0.7537292817396346,300.0,2.0,Permanent-Fast,3,0.28968036868410557,0.4359763730608385,0.27434325825505596,107.843,106.168,SOFT,2.0,Q3
ALO,Aston Martin,2023,British Grand Prix,Silverstone,5729.156782444218,18.0,0.003141823602237,0.9390000000000072,1.1812499999999986,-0.3400000000000034,1.1725000000000065,0.05,0.0,0.05,0.38,0.27,0.0,26.5,72.0,0,2,0.9554129895418016,0.3567172503483611,-0.3511117846537936,140.0,2.0,Permanent-Fast,3,0.31525570677283565,0.40732839754046934,0.27741589568669506,87.659,86.72,SOFT,2.0,Q3
ALO,Aston Martin,2023,Canadian Grand Prix,Gilles Villeneuve,3927.405044134453,14.0,0.0035646947138566,1.051000000000002,1.1812499999999986,-0.3400000000000034,1.0629999999999882,1.65,1.5,0.15000000000000002,0.6020000000000001,0.42200000000000004,0.0,18.9,86.0,0,1,-1.2360664087705144,-0.7429799002383637,0.15342335743024896,22.0,2.0,Permanent-Medium,3,0.28563728439630964,0.3151950461291616,0.39916766947452864,79.776,78.725,INTERMEDIATE,4.0,Q3
ALO,Aston Martin,2023,Dutch Grand Prix,Zandvoort,4259.0,14.0,0.0032871566095327,0.9390000000000072,1.1812499999999986,-0.3400000000000034,1.0629999999999882,0.1,0.0,0.1,0.429,0.324,0.0,23.8,71.0,0,1,-0.8327458519410066,-0.7429799002383637,-0.1777123552044761,2.0,2.0,Permanent-Medium,3,0.3444466198640673,0.3495371017816687,0.306016278354264,71.506,70.567,SOFT,3.0,Q3
ALO,Aston Martin,2023,Hungarian Grand Prix,Hungaroring,4122.248439558155,14.0,0.0033962048152295,0.42600000000000193,1.1812499999999986,-0.3400000000000034,0.6715000000000018,0.05,0.0,0.05,0.0,0.0,0.0,42.9,33.0,0,0,-0.9990774397082004,-0.7429799002383637,-0.04760497628108983,150.0,1.0,Permanent-Slow,3,0.3624456415914844,0.35411176737846434,0.2834425910300513,77.035,76.609,SOFT,2.0,Q3
ALO,Aston Martin,2023,Italian Grand Prix,Monza,5261.551646812222,11.0,0.0020906380357711,1.1230000000000047,1.1812499999999986,-0.3400000000000034,1.1725000000000065,0.05,0.0,0.05,0.03400000000000006,0.03400000000000006,0.0,38.3,40.0,0,2,0.38666258986472024,-1.5677527631784072,-1.6053002230701332,120.0,2.0,Permanent-Fast,3,0.33052065293489075,0.3388727170001351,0.33060663006497415,81.417,80.294,SOFT,2.0,Q3
ALO,Aston Martin,2023,Japanese Grand Prix,Suzuka,5650.500064177964,18.0,0.0031855587639248,1.588000000000008,1.1812499999999986,-0.3400000000000034,1.1725000000000065,0.05,0.0,0.05,0.08599999999999995,0.08599999999999995,0.0,35.7,48.0,0,2,0.8597424407340858,0.3567172503483611,-0.29893057527368244,50.0,2.0,Permanent-Fast,2,0.34530481401647045,0.4538771900735091,0.20081799591002045,90.465,88.877,SOFT,2.0,Q2
ALO,Aston Martin,2023,Las Vegas Grand Prix,Las Vegas,6353.0,14.0,0.0022036832992287,0.8290000000000077,1.1812499999999986,-0.3400000000000034,0.9904999999999973,0.25,0.0,0.25,0.517,0.462,0.0,16.9,61.0,1,2,1.7141965277960156,-0.7429799002383637,-1.4704238825178961,600.0,2.0,Street-Fast,3,0.2831489498156165,0.33256373256373256,0.384287317620651,93.555,92.726,SOFT,6.0,Q3
ALO,Aston Martin,2023,Mexico City Grand Prix,Hermanos Rodriguez,4309.0,17.0,0.0039452309120445,1.5720000000000027,1.1812499999999986,-0.3400000000000034,1.0629999999999882,0.05,0.0,0.05,0.0,0.0,0.0,44.3,27.0,0,1,-0.7719306088718323,0.0817929627016799,0.6074479515566137,2240.0,2.0,Permanent-Medium,2,0.35549544057507176,0.38638268688562066,0.2581218725393076,78.738,77.166,SOFT,2.0,Q2
ALO,Aston Martin,2023,Miami Grand Prix,Miami,5412.0,19.0,0.003510716925351,0.28300000000000125,1.1812499999999986,-0.3400000000000034,0.8709999999999951,0.05,0.0,0.05,0.055,0.0,0.0,42.7,61.0,1,1,0.5696536532341541,0.6316415379950423,0.08902148545382091,3.0,3.0,Street-Medium,3,0.3354420932982766,0.38032308805125314,0.2842348186504701,87.097,86.814,SOFT,2.0,Q3
ALO,Aston Martin,2023,Monaco Grand Prix,Monaco,2982.89347053333,19.0,0.0063696542259026,0.08400000000000318,1.1812499999999986,-0.3400000000000034,0.688999999999993,0.05,0.0,0.05,0.0,0.0,0.0,43.9,34.0,1,0,-2.3848804273745277,0.6316415379950423,3.5000710878223424,10.0,1.0,Street-Slow,3,0.25886996319052746,0.4736805273691724,0.26744950944030005,71.449,71.365,SOFT,2.0,Q3
ALO,Aston Martin,2023,Qatar Grand Prix,Losail,5380.0,16.0,0.0029739776951672,0.590999999999994,1.1812499999999986,-0.3400000000000034,1.0629999999999882,0.05,0.0,0.05,0.155,0.12,0.0,34.0,57.0,0,1,0.5307318976698825,-0.1931313249450013,-0.5513717604354108,20.0,2.0,Permanent-Medium,3,0.36832248811767354,0.34173689388282424,0.28994061799950216,84.369,83.778,SOFT,2.0,Q3
ALO,Aston Martin,2023,Saudi Arabian Grand Prix,Jeddah,6174.0,27.0,0.0043731778425655,0.4650000000000034,1.1812499999999986,-0.3400000000000034,0.9904999999999973,0.05,0.0,0.05,0.184,0.184,0.0,30.8,45.0,1,2,1.4964779576083713,2.8310358391684916,1.1180391446222482,15.0,3.0,Street-Fast,3,0.3625718471768286,0.31651076298884256,0.32091738983432894,88.73,88.265,SOFT,2.0,Q3
ALO,Aston Martin,2023,Singapore Grand Prix,Marina Bay,4956.5492831458605,23.0,0.0046403250903221,0.6310000000000002,1.1812499999999986,-0.3400000000000034,0.688999999999993,0.05,0.0,0.05,0.26,0.12,0.0,34.0,78.0,1,0,0.01568673220387009,1.731338688581767,1.436777339075894,10.0,1.0,Street-Slow,3,0.29378376903345527,0.42341319652895276,0.28280303443759214,91.615,90.984,SOFT,2.0,Q3
ALO,Aston Martin,2023,Spanish Grand Prix,Barcelona-Catalunya,4348.990357163425,16.0,0.003679014825509,0.8259999999999934,1.1812499999999986,-0.3400000000000034,1.0629999999999882,0.05,0.0,0.05,0.382,0.29200000000000004,0.0,25.4,68.0,0,1,-0.7232901430454965,-0.1931313249450013,0.28982074233246696,110.0,1.0,Permanent-Medium,3,0.30007660948315956,0.40313004459766344,0.296793345919177,73.098,72.272,SOFT,2.0,Q3
ALO,Aston Martin,2023,São Paulo Grand Prix,Interlagos,4309.0,15.0,0.0034810860988628,0.21599999999999397,1.1812499999999986,-0.3400000000000034,1.0629999999999882,0.05,0.0,0.05,0.13900000000000007,0.08400000000000006,0.0,35.8,61.0,0,1,-0.7719306088718323,-0.4680556125916825,0.05366841251622112,800.0,2.0,Permanent-Medium,3,0.2623545994276521,0.5043780343693496,0.23326736620299846,70.237,70.021,SOFT,2.0,Q3
ALO,Aston Martin,2023,United States Grand Prix,COTA,5337.916050454483,20.0,0.0037467805433727,1.5450000000000017,1.1812499999999986,-0.3400000000000034,1.1725000000000065,0.05,0.0,0.05,0.0,0.0,0.0,41.7,12.0,0,2,0.4795449852514533,0.9065658256417235,0.37067324124127227,230.0,3.0,Permanent-Fast,1,0.2681472555781776,0.4012859932687913,0.33056675115303114,96.268,94.723,SOFT,2.0,Q1
ALO,Aston Martin,2024,Abu Dhabi Grand Prix,Yas Marina,5333.449274375974,21.0,0.0039374144047628,0.6009999999999991,1.0949999999999989,-0.20674999999999955,1.0629999999999882,0.05,0.0,0.05,0.289,0.22399999999999998,0.0,28.8,63.0,0,1,0.4741120237924506,1.1814901132884046,0.59812193588988,10.0,2.0,Permanent-Medium,3,0.2044569450454349,0.4327852300591375,0.3627578248954277,83.196,82.595,SOFT,2.0,Q3
ALO,Aston Martin,2024,Australian Grand Prix,Albert Park,4843.53245567963,14.0,0.0028904523977295,0.7949999999999875,1.0949999999999989,-0.20674999999999955,0.8709999999999951,0.15000000000000002,0.0,0.15000000000000002,0.13,0.11,0.0,34.5,54.0,1,1,-0.12177618446144439,-0.7429799002383637,-0.6510272976721347,31.0,2.0,Street-Medium,3,0.3464606961282753,0.2275713727023856,0.42596793116933906,76.71,75.915,SOFT,4.0,Q3
ALO,Aston Martin,2024,Austrian Grand Prix,Red Bull Ring,3999.68196710701,10.0,0.0025001987863632,1.3250000000000028,1.0949999999999989,-0.20674999999999955,1.1725000000000065,0.05,0.0,0.05,0.0,0.0,0.0,46.4,37.0,0,2,-1.148155635993153,-1.8426770508250885,-1.1166459125389459,700.0,2.0,Permanent-Fast,2,0.2514511189993754,0.44732552293605937,0.3012233580645653,65.639,64.314,SOFT,2.0,Q2
ALO,Aston Martin,2024,Azerbaijan Grand Prix,Baku City,4978.250124294395,20.0,0.0040174759203837,1.0040000000000049,1.0949999999999989,-0.20674999999999955,0.9904999999999973,0.05,0.0,0.05,0.12,0.12,0.0,34.0,32.0,1,2,0.042081570788943895,0.9065658256417235,0.6936447726344993,28.0,2.0,Street-Fast,3,0.3522941515497856,0.40648047748830207,0.2412253709619123,102.369,101.365,SOFT,2.0,Q3
ALO,Aston Martin,2024,Bahrain Grand Prix,Bahrain International,5006.652008539475,15.0,0.0029960140977275,0.37699999999999534,1.0949999999999989,-0.20674999999999955,1.0629999999999882,0.05,0.0,0.05,0.38,0.38,0.0,21.0,47.0,0,1,0.07662692066868529,-0.4680556125916825,-0.5250797315138804,35.0,2.0,Permanent-Medium,3,0.32197181211051795,0.4270174889995756,0.2510106988899064,89.542,89.165,SOFT,2.0,Q3
ALO,Aston Martin,2024,Belgian Grand Prix,Spa-Francorchamps,6775.131165030146,19.0,0.0028043737511782,1.0989999999999895,1.0949999999999989,-0.20674999999999955,1.1725000000000065,1.55,1.5,0.05,4.081,0.36600000000000005,3.5,21.7,93.0,0,2,2.227636715963657,0.6316415379950423,-0.7537292817396346,300.0,2.0,Permanent-Fast,3,0.2826060319627509,0.4500778938892681,0.26731607414798086,114.258,113.159,INTERMEDIATE,2.0,Q3
ALO,Aston Martin,2024,British Grand Prix,Silverstone,5729.156782444218,18.0,0.003141823602237,0.9110000000000014,1.0949999999999989,-0.20674999999999955,1.1725000000000065,0.1,0.0,0.1,0.496,0.376,0.0,21.2,74.0,0,2,0.9554129895418016,0.3567172503483611,-0.3511117846537936,140.0,2.0,Permanent-Fast,3,0.32440908566816556,0.40257119797071367,0.2730197163611207,86.73,85.819,SOFT,3.0,Q3
ALO,Aston Martin,2024,Canadian Grand Prix,Gilles Villeneuve,3927.405044134453,14.0,0.0035646947138566,0.48599999999999,1.0949999999999989,-0.20674999999999955,1.0629999999999882,0.05,0.0,0.05,3.729,0.174,3.5,31.3,61.0,0,1,-1.2360664087705144,-0.7429799002383637,0.15342335743024896,22.0,2.0,Permanent-Medium,3,0.2783961898432741,0.31804840228166364,0.40355540787506233,72.228,71.742,SOFT,2.0,Q3
ALO,Aston Martin,2024,Chinese Grand Prix,Shanghai International,5161.238099433068,16.0,0.0031000313668453,0.48799999999999955,1.0949999999999989,-0.20674999999999955,1.1725000000000065,0.05,0.0,0.05,0.17799999999999996,0.15799999999999997,0.0,32.1,54.0,0,2,0.2646507345248319,-0.1931313249450013,-0.4009748536645922,5.0,3.0,Permanent-Fast,3,0.2661447933041594,0.30067553214088455,0.43317967455495604,94.148,93.66,SOFT,2.0,Q3
ALO,Aston Martin,2024,Dutch Grand Prix,Zandvoort,4259.0,14.0,0.0032871566095327,0.9599999999999937,1.0949999999999989,-0.20674999999999955,1.0629999999999882,0.05,0.0,0.05,0.308,0.22799999999999998,0.0,28.6,66.0,0,1,-0.8327458519410066,-0.7429799002383637,-0.1777123552044761,2.0,2.0,Permanent-Medium,3,0.3442441918083615,0.3556836039811419,0.30007220421049646,70.633,69.673,SOFT,2.0,Q3
ALO,Aston Martin,2024,Emilia Romagna Grand Prix,Imola,4909.0,19.0,0.003870442045223,2.1710000000000065,1.0949999999999989,-0.20674999999999955,1.0629999999999882,0.05,0.0,0.05,0.0,0.0,0.0,43.2,42.0,0,1,-0.04214769204173995,0.6316415379950423,0.5182160070911476,37.0,1.0,Permanent-Medium,1,0.31450784611984345,0.3453462823563061,0.3401458715238504,76.917,74.746,SOFT,2.0,Q1
ALO,Aston Martin,2024,Hungarian Grand Prix,Hungaroring,4122.248439558155,14.0,0.0033962048152295,0.8160000000000025,1.0949999999999989,-0.20674999999999955,0.6715000000000018,0.1,0.0,0.1,0.214,0.174,0.0,31.3,58.0,0,0,-0.9990774397082004,-0.7429799002383637,-0.04760497628108983,150.0,1.0,Permanent-Slow,3,0.36333390318635506,0.35418118696000944,0.28248490985363545,76.043,75.227,SOFT,3.0,Q3
ALO,Aston Martin,2024,Italian Grand Prix,Monza,5261.551646812222,11.0,0.0020906380357711,1.0940000000000083,1.0949999999999989,-0.20674999999999955,1.1725000000000065,0.05,0.0,0.05,0.0,0.0,0.0,48.0,36.0,0,2,0.38666258986472024,-1.5677527631784072,-1.6053002230701332,120.0,2.0,Permanent-Fast,2,0.3290558436229343,0.3373621317814998,0.33358202459556585,80.421,79.327,SOFT,2.0,Q2
ALO,Aston Martin,2024,Japanese Grand Prix,Suzuka,5650.500064177964,18.0,0.0031855587639248,0.4890000000000043,1.0949999999999989,-0.20674999999999955,1.1725000000000065,0.05,0.0,0.05,0.36200000000000004,0.30200000000000005,0.0,24.9,62.0,0,2,0.8597424407340858,0.3567172503483611,-0.29893057527368244,50.0,2.0,Permanent-Fast,3,0.3491419164242383,0.45133391967165054,0.19952416390411112,88.686,88.197,SOFT,2.0,Q3
ALO,Aston Martin,2024,Las Vegas Grand Prix,Las Vegas,6353.0,14.0,0.0022036832992287,1.945999999999998,1.0949999999999989,-0.20674999999999955,0.9904999999999973,0.2,0.0,0.2,0.506,0.506,0.0,14.7,25.0,1,2,1.7141965277960156,-0.7429799002383637,-1.4704238825178961,600.0,2.0,Street-Fast,1,0.2831483799783573,0.3352394491714231,0.3816121708502196,94.258,92.312,SOFT,5.0,Q1
ALO,Aston Martin,2024,Mexico City Grand Prix,Hermanos Rodriguez,4309.0,17.0,0.0039452309120445,1.2220000000000084,1.0949999999999989,-0.20674999999999955,1.0629999999999882,0.05,0.0,0.05,0.03599999999999994,0.03599999999999994,0.0,38.2,39.0,0,1,-0.7719306088718323,0.0817929627016799,0.6074479515566137,2240.0,2.0,Permanent-Medium,2,0.3577260004146797,0.38442100352477715,0.25785299606054324,77.168,75.946,SOFT,2.0,Q2
ALO,Aston Martin,2024,Miami Grand Prix,Miami,5412.0,19.0,0.003510716925351,1.186000000000007,1.0949999999999989,-0.20674999999999955,0.8709999999999951,0.05,0.0,0.05,0.025,0.0,0.0,46.3,55.0,1,1,0.5696536532341541,0.6316415379950423,0.08902148545382091,3.0,3.0,Street-Medium,2,0.33323532405260836,0.38259807524851014,0.2841666006988816,88.427,87.241,SOFT,2.0,Q2
ALO,Aston Martin,2024,Monaco Grand Prix,Monaco,2982.89347053333,19.0,0.0063696542259026,1.7490000000000094,1.0949999999999989,-0.20674999999999955,0.688999999999993,0.05,0.0,0.05,0.045,0.0,0.0,44.8,59.0,1,0,-2.3848804273745277,0.6316415379950423,3.5000710878223424,10.0,1.0,Street-Slow,1,0.26300004165567414,0.4715283466862911,0.2654716116580347,72.019,70.27,SOFT,2.0,Q1
ALO,Aston Martin,2024,Qatar Grand Prix,Losail,5380.0,16.0,0.0029739776951672,0.6880000000000024,1.0949999999999989,-0.20674999999999955,1.0629999999999882,0.05,0.0,0.05,0.415,0.37,0.0,21.5,59.0,0,1,0.5307318976698825,-0.1931313249450013,-0.5513717604354108,20.0,2.0,Permanent-Medium,3,0.3674022263816373,0.3402989853216432,0.2922987882967195,81.208,80.52,SOFT,2.0,Q3
ALO,Aston Martin,2024,Saudi Arabian Grand Prix,Jeddah,6174.0,27.0,0.0043731778425655,0.37400000000000944,1.0949999999999989,-0.20674999999999955,0.9904999999999973,0.05,0.0,0.05,0.22899999999999998,0.204,0.0,29.8,55.0,1,2,1.4964779576083713,2.8310358391684916,1.1180391446222482,15.0,3.0,Street-Fast,3,0.3624524736470642,0.31672472281037267,0.3208228035425631,87.846,87.472,SOFT,2.0,Q3
ALO,Aston Martin,2024,Singapore Grand Prix,Marina Bay,4956.5492831458605,23.0,0.0046403250903221,0.688999999999993,1.0949999999999989,-0.20674999999999955,0.688999999999993,0.05,0.0,0.05,0.31799999999999995,0.16799999999999998,0.0,31.6,80.0,1,0,0.01568673220387009,1.731338688581767,1.436777339075894,10.0,1.0,Street-Slow,3,0.29537544061897264,0.4226616711375175,0.2819628882435099,90.214,89.525,SOFT,2.0,Q3
ALO,Aston Martin,2024,Spanish Grand Prix,Barcelona-Catalunya,4348.990357163425,16.0,0.003679014825509,0.7450000000000045,1.0949999999999989,-0.20674999999999955,1.0629999999999882,0.05,0.0,0.05,0.18299999999999997,0.08799999999999997,0.0,35.6,69.0,0,1,-0.7232901430454965,-0.1931313249450013,0.28982074233246696,110.0,1.0,Permanent-Medium,2,0.29923192102928126,0.39915150842945873,0.30161657054125995,72.128,71.383,SOFT,2.0,Q2
ALO,Aston Martin,2024,São Paulo Grand Prix,Interlagos,4309.0,15.0,0.0034810860988628,1.6299999999999955,1.0949999999999989,-0.20674999999999955,1.0629999999999882,1.55,1.5,0.05,4.047,0.332,3.5,23.4,93.0,0,1,-0.7719306088718323,-0.4680556125916825,0.05366841251622112,800.0,2.0,Permanent-Medium,3,0.2617510436878932,0.5230552125595344,0.21519374375257247,85.035,83.405,INTERMEDIATE,2.0,Q3
ALO,Aston Martin,2024,United States Grand Prix,COTA,5337.916050454483,20.0,0.0037467805433727,0.9789999999999992,1.0949999999999989,-0.20674999999999955,1.1725000000000065,0.05,0.0,0.05,0.07200000000000004,0.07200000000000004,0.0,36.4,38.0,0,2,0.4795449852514533,0.9065658256417235,0.37067324124127227,230.0,3.0,Permanent-Fast,3,0.2712707241530828,0.3998971160338231,0.32883215981309416,93.309,92.33,SOFT,2.0,Q3
BEA,Ferrari,2024,Saudi Arabian Grand Prix,Jeddah,6174.0,27.0,0.0043731778425655,1.1700000000000017,0.4145000000000003,-0.06650000000000489,1.3865000000000052,0.15000000000000002,0.0,0.15000000000000002,0.21799999999999997,0.18799999999999997,0.0,30.6,56.0,1,2,1.4964779576083713,2.8310358391684916,1.1180391446222482,15.0,3.0,Street-Fast,2,0.36387942510322424,0.3171747027368516,0.3189458721599242,88.642,87.472,SOFT,4.0,Q2
BEA,Haas,2024,Azerbaijan Grand Prix,Baku City,4978.250124294395,20.0,0.0040174759203837,1.6030000000000086,1.3535000000000004,-0.06650000000000489,1.3865000000000052,0.05,0.0,0.05,0.06400000000000006,0.06400000000000006,0.0,36.8,35.0,1,2,0.042081570788943895,0.9065658256417235,0.6936447726344993,28.0,2.0,Street-Fast,2,0.349933960065263,0.40721389169450706,0.24285214824023,102.968,101.365,SOFT,2.0,Q2
BEA,Haas,2024,São Paulo Grand Prix,Interlagos,4309.0,15.0,0.0034810860988628,7.823999999999998,1.3535000000000004,-0.06650000000000489,7.823999999999998,2.7,2.5,0.2,4.058,0.348,3.5,22.6,92.0,0,1,-0.7719306088718323,-0.4680556125916825,0.05366841251622112,800.0,2.0,Permanent-Medium,1,0.25674949851472667,0.5336460993762948,0.20960440210897852,91.229,83.405,WET,5.0,Q1
BOT,Alfa Romeo,2022,Abu Dhabi Grand Prix,Yas Marina,5333.449274375974,21.0,0.0039374144047628,2.067999999999998,1.769250000000003,-0.13050000000000495,0.8500000000000085,0.05,0.0,0.05,0.21900000000000006,0.12400000000000005,0.0,33.8,69.0,0,1,0.4741120237924506,1.1814901132884046,0.59812193588988,10.0,2.0,Permanent-Medium,1,0.2073301355190239,0.4297606296279048,0.3629092348530713,85.892,83.824,SOFT,2.0,Q1
BOT,Alfa Romeo,2022,Australian Grand Prix,Albert Park,4843.53245567963,14.0,0.0028904523977295,1.3830000000000098,1.769250000000003,-0.13050000000000495,1.2219999999999942,0.15000000000000002,0.0,0.15000000000000002,0.19999999999999998,0.18,0.0,31.0,54.0,1,1,-0.12177618446144439,-0.7429799002383637,-0.6510272976721347,31.0,2.0,Street-Medium,2,0.3431250078863358,0.22736621619916464,0.4295087759144995,79.251,77.868,SOFT,4.0,Q2
BOT,Alfa Romeo,2022,Austrian Grand Prix,Red Bull Ring,3999.68196710701,10.0,0.0025001987863632,1.335000000000008,1.769250000000003,-0.13050000000000495,0.8639999999999972,0.05,0.0,0.05,0.08,0.08,0.0,36.0,35.0,0,2,-1.148155635993153,-1.8426770508250885,-1.1166459125389459,700.0,2.0,Permanent-Fast,2,0.2545575174535201,0.442995220072679,0.3024472624738009,66.319,64.984,SOFT,2.0,Q2
BOT,Alfa Romeo,2022,Azerbaijan Grand Prix,Baku City,4978.250124294395,20.0,0.0040174759203837,3.085000000000008,1.769250000000003,-0.13050000000000495,1.4030000000000058,0.05,0.0,0.05,0.20900000000000007,0.11400000000000006,0.0,34.3,69.0,1,2,0.042081570788943895,0.9065658256417235,0.6936447726344993,28.0,2.0,Street-Fast,2,0.35270575619470723,0.4032878863314312,0.24400635747386157,104.444,101.359,SOFT,2.0,Q2
BOT,Alfa Romeo,2022,Bahrain Grand Prix,Bahrain International,5006.652008539475,15.0,0.0029960140977275,1.0019999999999953,1.769250000000003,-0.13050000000000495,0.8500000000000085,0.05,0.0,0.05,0.32200000000000006,0.31200000000000006,0.0,24.4,52.0,0,1,0.07662692066868529,-0.4680556125916825,-0.5250797315138804,35.0,2.0,Permanent-Medium,3,0.3189493228484054,0.42918304936653556,0.25186762778505895,91.56,90.558,SOFT,2.0,Q3
BOT,Alfa Romeo,2022,Belgian Grand Prix,Spa-Francorchamps,6775.131165030146,19.0,0.0028043737511782,4.200999999999993,1.769250000000003,-0.13050000000000495,0.8639999999999972,0.05,0.0,0.05,0.5640000000000001,0.384,0.0,20.8,86.0,0,2,2.227636715963657,0.6316415379950423,-0.7537292817396346,300.0,2.0,Permanent-Fast,1,0.3001779986279272,0.42808670016501954,0.27173530120705314,107.866,103.665,SOFT,2.0,Q1
BOT,Alfa Romeo,2022,British Grand Prix,Silverstone,5729.156782444218,18.0,0.003141823602237,2.266999999999996,1.769250000000003,-0.13050000000000495,0.8639999999999972,1.95,1.5,0.45,0.5820000000000001,0.392,0.0,20.4,88.0,0,2,0.9554129895418016,0.3567172503483611,-0.3511117846537936,140.0,2.0,Permanent-Fast,3,0.31231015030178705,0.40900035504359145,0.27868949465462145,101.396,99.129,INTERMEDIATE,10.0,Q3
BOT,Alfa Romeo,2022,Canadian Grand Prix,Gilles Villeneuve,3927.405044134453,14.0,0.0035646947138566,5.48899999999999,1.769250000000003,-0.13050000000000495,0.8500000000000085,1.75,1.5,0.25,0.534,0.444,0.0,17.8,68.0,0,1,-1.2360664087705144,-0.7429799002383637,0.15342335743024896,22.0,2.0,Permanent-Medium,2,0.293151126883901,0.31863852145457894,0.38821035166151996,86.788,81.299,INTERMEDIATE,6.0,Q2
BOT,Alfa Romeo,2022,Dutch Grand Prix,Zandvoort,4259.0,14.0,0.0032871566095327,1.6189999999999998,1.769250000000003,-0.13050000000000495,0.8500000000000085,0.05,0.0,0.05,0.014000000000000058,0.014000000000000058,0.0,39.3,31.0,0,1,-0.8327458519410066,-0.7429799002383637,-0.1777123552044761,2.0,2.0,Permanent-Medium,1,0.3454093189366463,0.3488834229652173,0.3057072580981365,71.961,70.342,SOFT,2.0,Q1
BOT,Alfa Romeo,2022,Emilia Romagna Grand Prix,Imola,4909.0,19.0,0.003870442045223,1.3989999999999867,1.769250000000003,-0.13050000000000495,0.8500000000000085,0.05,0.0,0.05,0.675,0.51,0.0,14.5,83.0,0,1,-0.04214769204173995,0.6316415379950423,0.5182160070911476,37.0,1.0,Permanent-Medium,2,0.3247830207501995,0.34236582202713484,0.33285115722266556,80.192,78.793,SOFT,2.0,Q2
BOT,Alfa Romeo,2022,French Grand Prix,Paul Ricard,5247.8799638259,15.0,0.0028582970844219,2.162000000000006,1.769250000000003,-0.13050000000000495,0.8639999999999972,0.05,0.0,0.05,0.0,0.0,0.0,56.1,45.0,0,2,0.37003365538516214,-0.4680556125916825,-0.6893923813172924,40.0,3.0,Permanent-Fast,2,0.2518864071199776,0.3043725949652815,0.4437409979147408,93.034,90.872,SOFT,2.0,Q2
BOT,Alfa Romeo,2022,Hungarian Grand Prix,Hungaroring,4122.248439558155,14.0,0.0033962048152295,0.7800000000000011,1.769250000000003,-0.13050000000000495,0.37000000000000455,0.05,0.0,0.05,0.269,0.174,0.0,31.3,69.0,0,0,-0.9990774397082004,-0.7429799002383637,-0.04760497628108983,150.0,1.0,Permanent-Slow,3,0.3628465780416341,0.3558478447228015,0.28130557723556426,78.157,77.377,SOFT,2.0,Q3
BOT,Alfa Romeo,2022,Italian Grand Prix,Monza,5261.551646812222,11.0,0.0020906380357711,2.073999999999998,1.769250000000003,-0.13050000000000495,0.8639999999999972,0.05,0.0,0.05,0.0,0.0,0.0,40.6,34.0,0,2,0.38666258986472024,-1.5677527631784072,-1.6053002230701332,120.0,2.0,Permanent-Fast,2,0.33026083784276766,0.3376299629111692,0.33210919924606314,82.235,80.161,SOFT,2.0,Q2
BOT,Alfa Romeo,2022,Japanese Grand Prix,Suzuka,5650.500064177964,18.0,0.0031855587639248,1.4050000000000011,1.769250000000003,-0.13050000000000495,0.8639999999999972,0.05,0.0,0.05,0.31100000000000005,0.276,0.0,26.2,57.0,0,2,0.8597424407340858,0.3567172503483611,-0.29893057527368244,50.0,2.0,Permanent-Fast,2,0.34972273975019014,0.4517853796205448,0.19849188062926498,90.709,89.304,SOFT,2.0,Q2
BOT,Alfa Romeo,2022,Mexico City Grand Prix,Hermanos Rodriguez,4309.0,17.0,0.0039452309120445,0.6259999999999906,1.769250000000003,-0.13050000000000495,0.8500000000000085,0.05,0.0,0.05,0.0,0.0,0.0,46.0,36.0,0,1,-0.7719306088718323,0.0817929627016799,0.6074479515566137,2240.0,2.0,Permanent-Medium,3,0.35289090700373715,0.3869593500082907,0.26014974298797205,78.401,77.775,SOFT,2.0,Q3
BOT,Alfa Romeo,2022,Miami Grand Prix,Miami,5412.0,19.0,0.003510716925351,0.6789999999999878,1.769250000000003,-0.13050000000000495,1.2219999999999942,0.05,0.0,0.05,0.0,0.0,0.0,49.4,41.0,1,1,0.5696536532341541,0.6316415379950423,0.08902148545382091,3.0,3.0,Street-Medium,3,0.33342274378317965,0.3808214585079631,0.28575579770885723,89.475,88.796,SOFT,2.0,Q3
BOT,Alfa Romeo,2022,Monaco Grand Prix,Monaco,2982.89347053333,19.0,0.0063696542259026,1.5330000000000013,1.769250000000003,-0.13050000000000495,1.5330000000000013,0.05,0.0,0.05,0.0,0.0,0.0,51.8,43.0,1,0,-2.3848804273745277,0.6316415379950423,3.5000710878223424,10.0,1.0,Street-Slow,2,0.2648507043026238,0.47243824493546754,0.2627110507619087,72.909,71.376,SOFT,2.0,Q2
BOT,Alfa Romeo,2022,Saudi Arabian Grand Prix,Jeddah,6174.0,27.0,0.0043731778425655,0.9830000000000041,1.769250000000003,-0.13050000000000495,1.4030000000000058,0.25,0.0,0.25,0.366,0.306,0.0,24.7,62.0,1,2,1.4964779576083713,2.8310358391684916,1.1180391446222482,15.0,3.0,Street-Fast,3,0.3649125954498055,0.32037495935324,0.3147124451969546,89.183,88.2,SOFT,6.0,Q3
BOT,Alfa Romeo,2022,Singapore Grand Prix,Marina Bay,4956.5492831458605,23.0,0.0046403250903221,6.670999999999992,1.769250000000003,-0.13050000000000495,1.5330000000000013,1.7,1.5,0.2,0.397,0.24200000000000002,0.0,27.9,81.0,1,0,0.01568673220387009,1.731338688581767,1.436777339075894,10.0,1.0,Street-Slow,1,0.26394907092339104,0.38782595212046556,0.34822497695614346,116.083,109.412,INTERMEDIATE,5.0,Q1
BOT,Alfa Romeo,2022,Spanish Grand Prix,Barcelona-Catalunya,4348.990357163425,16.0,0.003679014825509,0.8580000000000041,1.769250000000003,-0.13050000000000495,0.8500000000000085,0.05,0.0,0.05,0.0,0.0,0.0,46.5,18.0,0,1,-0.7232901430454965,-0.1931313249450013,0.28982074233246696,110.0,1.0,Permanent-Medium,3,0.2794317154054869,0.37584162395739124,0.3447266606371219,79.608,78.75,SOFT,2.0,Q3
BOT,Alfa Romeo,2022,São Paulo Grand Prix,Interlagos,4309.0,15.0,0.0034810860988628,4.605000000000004,1.769250000000003,-0.13050000000000495,0.8500000000000085,0.1,0.0,0.1,0.476,0.256,0.0,27.2,94.0,0,1,-0.7719306088718323,-0.4680556125916825,0.05366841251622112,800.0,2.0,Permanent-Medium,1,0.25208647961211356,0.5110086638581989,0.23690485652968765,75.486,70.881,SOFT,3.0,Q1
BOT,Alfa Romeo,2022,United States Grand Prix,COTA,5337.916050454483,20.0,0.0037467805433727,1.963000000000008,1.769250000000003,-0.13050000000000495,0.8639999999999972,0.05,0.0,0.05,0.13,0.13,0.0,33.5,37.0,0,2,0.4795449852514533,0.9065658256417235,0.37067324124127227,230.0,3.0,Permanent-Fast,3,0.2706631090439062,0.40274504511051823,0.3265918458455757,96.319,94.356,SOFT,2.0,Q3
BOT,Alfa Romeo,2023,Abu Dhabi Grand Prix,Yas Marina,5333.449274375974,21.0,0.0039374144047628,1.3430000000000035,1.7295000000000016,-0.16849999999999454,0.8500000000000085,0.05,0.0,0.05,0.23099999999999993,0.15599999999999994,0.0,32.2,65.0,0,1,0.4741120237924506,1.1814901132884046,0.59812193588988,10.0,2.0,Permanent-Medium,1,0.20522951361041655,0.43095721092607436,0.36381327546350894,84.788,83.445,SOFT,2.0,Q1
BOT,Alfa Romeo,2023,Australian Grand Prix,Albert Park,4843.53245567963,14.0,0.0028904523977295,1.9819999999999993,1.7295000000000016,-0.16849999999999454,1.2219999999999942,0.30000000000000004,0.0,0.30000000000000004,0.33,0.33,0.0,23.5,47.0,1,1,-0.12177618446144439,-0.7429799002383637,-0.6510272976721347,31.0,2.0,Street-Medium,1,0.34470361053942117,0.2281805015626191,0.4271158878979597,78.714,76.732,SOFT,7.0,Q1
BOT,Alfa Romeo,2023,Austrian Grand Prix,Red Bull Ring,3999.68196710701,10.0,0.0025001987863632,1.2890000000000015,1.7295000000000016,-0.16849999999999454,0.8639999999999972,0.05,0.0,0.05,0.027999999999999973,0.027999999999999973,0.0,38.6,43.0,0,2,-1.148155635993153,-1.8426770508250885,-1.1166459125389459,700.0,2.0,Permanent-Fast,2,0.2544457978075517,0.44506699147381235,0.30048721071863577,65.68,64.391,SOFT,2.0,Q2
BOT,Alfa Romeo,2023,Azerbaijan Grand Prix,Baku City,4978.250124294395,20.0,0.0040174759203837,2.0559999999999974,1.7295000000000016,-0.16849999999999454,1.4030000000000058,0.05,0.0,0.05,0.351,0.196,0.0,30.2,81.0,1,2,0.042081570788943895,0.9065658256417235,0.6936447726344993,28.0,2.0,Street-Fast,2,0.3512453671559471,0.40345593052934214,0.24529870231471068,102.259,100.203,SOFT,2.0,Q2
BOT,Alfa Romeo,2023,Bahrain Grand Prix,Bahrain International,5006.652008539475,15.0,0.0029960140977275,1.7349999999999994,1.7295000000000016,-0.16849999999999454,0.8500000000000085,0.2,0.0,0.2,0.24799999999999997,0.24799999999999997,0.0,27.6,21.0,0,1,0.07662692066868529,-0.4680556125916825,-0.5250797315138804,35.0,2.0,Permanent-Medium,2,0.3197073586824579,0.43007119189002985,0.25022144942751223,91.443,89.708,SOFT,5.0,Q2
BOT,Alfa Romeo,2023,Belgian Grand Prix,Spa-Francorchamps,6775.131165030146,19.0,0.0028043737511782,8.525999999999996,1.7295000000000016,-0.16849999999999454,0.8639999999999972,0.15000000000000002,0.0,0.15000000000000002,0.525,0.33,0.0,23.5,89.0,0,2,2.227636715963657,0.6316415379950423,-0.7537292817396346,300.0,2.0,Permanent-Fast,2,0.2861701571137113,0.4484715852616527,0.265358257624636,114.694,106.168,SOFT,4.0,Q2
BOT,Alfa Romeo,2023,British Grand Prix,Silverstone,5729.156782444218,18.0,0.003141823602237,3.078000000000003,1.7295000000000016,-0.16849999999999454,0.8639999999999972,0.05,0.0,0.05,0.517,0.36200000000000004,0.0,21.9,81.0,0,2,0.9554129895418016,0.3567172503483611,-0.3511117846537936,140.0,2.0,Permanent-Fast,2,0.3132586471859061,0.40455243992071094,0.28218891289338294,89.798,86.72,SOFT,2.0,Q2
BOT,Alfa Romeo,2023,Canadian Grand Prix,Gilles Villeneuve,3927.405044134453,14.0,0.0035646947138566,3.0960000000000036,1.7295000000000016,-0.16849999999999454,0.8500000000000085,1.55,1.5,0.05,0.6060000000000001,0.42600000000000005,0.0,18.7,86.0,0,1,-1.2360664087705144,-0.7429799002383637,0.15342335743024896,22.0,2.0,Permanent-Medium,2,0.289888903826646,0.31902567800442433,0.3910854181689297,81.821,78.725,INTERMEDIATE,2.0,Q2
BOT,Alfa Romeo,2023,Dutch Grand Prix,Zandvoort,4259.0,14.0,0.0032871566095327,11.693000000000012,1.7295000000000016,-0.16849999999999454,0.8500000000000085,1.65,1.5,0.15000000000000002,0.5129999999999999,0.38799999999999996,0.0,20.6,75.0,0,1,-0.8327458519410066,-0.7429799002383637,-0.1777123552044761,2.0,2.0,Permanent-Medium,1,0.3480306345733042,0.33830537320690496,0.3136639922197909,82.26,70.567,INTERMEDIATE,4.0,Q1
BOT,Alfa Romeo,2023,Hungarian Grand Prix,Hungaroring,4122.248439558155,14.0,0.0033962048152295,0.42500000000001137,1.7295000000000016,-0.16849999999999454,0.37000000000000455,0.05,0.0,0.05,0.0,0.0,0.0,42.9,33.0,0,0,-0.9990774397082004,-0.7429799002383637,-0.04760497628108983,150.0,1.0,Permanent-Slow,3,0.36304748552587174,0.3544538775086326,0.28249863696549576,77.034,76.609,SOFT,2.0,Q3
BOT,Alfa Romeo,2023,Italian Grand Prix,Monza,5261.551646812222,11.0,0.0020906380357711,1.6460000000000008,1.7295000000000016,-0.16849999999999454,0.8639999999999972,0.45,0.4,0.05,0.02200000000000003,0.02200000000000003,0.0,38.9,41.0,0,2,0.38666258986472024,-1.5677527631784072,-1.6053002230701332,120.0,2.0,Permanent-Fast,2,0.33024164022455454,0.3384549670490603,0.33130339272638515,81.94,80.294,MEDIUM,2.0,Q2
BOT,Alfa Romeo,2023,Japanese Grand Prix,Suzuka,5650.500064177964,18.0,0.0031855587639248,2.1720000000000113,1.7295000000000016,-0.16849999999999454,0.8639999999999972,0.05,0.0,0.05,0.06200000000000003,0.06200000000000003,0.0,36.9,49.0,0,2,0.8597424407340858,0.3567172503483611,-0.29893057527368244,50.0,2.0,Permanent-Fast,1,0.3501191666025986,0.4503179606585465,0.19956287273885492,91.049,88.877,SOFT,2.0,Q1
BOT,Alfa Romeo,2023,Las Vegas Grand Prix,Las Vegas,6353.0,14.0,0.0022036832992287,0.7990000000000066,1.7295000000000016,-0.16849999999999454,1.4030000000000058,0.1,0.0,0.1,0.521,0.466,0.0,16.7,61.0,1,2,1.7141965277960156,-0.7429799002383637,-1.4704238825178961,600.0,2.0,Street-Fast,3,0.2822026196204223,0.3337503341352579,0.3840470462443197,93.525,92.726,SOFT,3.0,Q3
BOT,Alfa Romeo,2023,Mexico City Grand Prix,Hermanos Rodriguez,4309.0,17.0,0.0039452309120445,0.8500000000000085,1.7295000000000016,-0.16849999999999454,0.8500000000000085,0.05,0.0,0.05,0.0,0.0,0.0,44.2,27.0,0,1,-0.7719306088718323,0.0817929627016799,0.6074479515566137,2240.0,2.0,Permanent-Medium,3,0.3534787735849057,0.3875102543068089,0.2590109721082855,78.016,77.166,SOFT,2.0,Q3
BOT,Alfa Romeo,2023,Miami Grand Prix,Miami,5412.0,19.0,0.003510716925351,0.75,1.7295000000000016,-0.16849999999999454,1.2219999999999942,0.05,0.0,0.05,0.05,0.0,0.0,41.8,60.0,1,1,0.5696536532341541,0.6316415379950423,0.08902148545382091,3.0,3.0,Street-Medium,3,0.33308208852953264,0.3808300214700105,0.28608789000045676,87.564,86.814,SOFT,2.0,Q3
BOT,Alfa Romeo,2023,Monaco Grand Prix,Monaco,2982.89347053333,19.0,0.0063696542259026,1.2600000000000051,1.7295000000000016,-0.16849999999999454,1.5330000000000013,0.05,0.0,0.05,0.0,0.0,0.0,45.1,33.0,1,0,-2.3848804273745277,0.6316415379950423,3.5000710878223424,10.0,1.0,Street-Slow,2,0.2604337349397591,0.4742994836488812,0.26526678141135973,72.625,71.365,SOFT,2.0,Q2
BOT,Alfa Romeo,2023,Qatar Grand Prix,Losail,5380.0,16.0,0.0029739776951672,1.2800000000000011,1.7295000000000016,-0.16849999999999454,0.8500000000000085,0.2,0.0,0.2,0.15700000000000003,0.12200000000000003,0.0,33.9,57.0,0,1,0.5307318976698825,-0.1931313249450013,-0.5513717604354108,20.0,2.0,Permanent-Medium,3,0.36954783794587226,0.3362999365139082,0.29415222554021964,85.058,83.778,SOFT,5.0,Q3
BOT,Alfa Romeo,2023,Saudi Arabian Grand Prix,Jeddah,6174.0,27.0,0.0043731778425655,1.4030000000000058,1.7295000000000016,-0.16849999999999454,1.4030000000000058,0.15000000000000002,0.0,0.15000000000000002,0.174,0.174,0.0,31.3,41.0,1,2,1.4964779576083713,2.8310358391684916,1.1180391446222482,15.0,3.0,Street-Fast,2,0.36346299683276084,0.3182071642057367,0.3183298389615024,89.668,88.265,SOFT,4.0,Q2
BOT,Alfa Romeo,2023,Singapore Grand Prix,Marina Bay,4956.5492831458605,23.0,0.0046403250903221,1.8250000000000028,1.7295000000000016,-0.16849999999999454,1.5330000000000013,0.05,0.0,0.05,0.23400000000000007,0.10400000000000006,0.0,34.8,76.0,1,0,0.01568673220387009,1.731338688581767,1.436777339075894,10.0,1.0,Street-Slow,1,0.29349524291825146,0.4224913532092793,0.2840134038724693,92.809,90.984,SOFT,2.0,Q1
BOT,Alfa Romeo,2023,Spanish Grand Prix,Barcelona-Catalunya,4348.990357163425,16.0,0.003679014825509,1.7049999999999983,1.7295000000000016,-0.16849999999999454,0.8500000000000085,0.05,0.0,0.05,0.426,0.306,0.0,24.7,74.0,0,1,-0.7232901430454965,-0.1931313249450013,0.28982074233246696,110.0,1.0,Permanent-Medium,1,0.29820079213809697,0.4011922624599537,0.3006069454019492,73.977,72.272,SOFT,2.0,Q1
BOT,Alfa Romeo,2023,São Paulo Grand Prix,Interlagos,4309.0,15.0,0.0034810860988628,0.9339999999999975,1.7295000000000016,-0.16849999999999454,0.8500000000000085,0.05,0.0,0.05,0.06900000000000006,0.03400000000000006,0.0,38.3,57.0,0,1,-0.7719306088718323,-0.4680556125916825,0.05366841251622112,800.0,2.0,Permanent-Medium,1,0.2617574519061377,0.506490028891551,0.23175251920231132,70.955,70.021,SOFT,2.0,Q1
BOT,Alfa Romeo,2023,United States Grand Prix,COTA,5337.916050454483,20.0,0.0037467805433727,1.1350000000000051,1.7295000000000016,-0.16849999999999454,0.8639999999999972,0.05,0.0,0.05,0.0,0.0,0.0,41.1,13.0,0,2,0.4795449852514533,0.9065658256417235,0.37067324124127227,230.0,3.0,Permanent-Fast,2,0.26785453483277344,0.40094723445095865,0.3311982307162678,95.858,94.723,SOFT,2.0,Q2
BOT,Alfa Romeo,2024,Abu Dhabi Grand Prix,Yas Marina,5333.449274375974,21.0,0.0039374144047628,0.6089999999999947,1.854499999999998,-0.2567500000000038,0.8500000000000085,0.05,0.0,0.05,0.28500000000000003,0.22,0.0,29.0,63.0,0,1,0.4741120237924506,1.1814901132884046,0.59812193588988,10.0,2.0,Permanent-Medium,3,0.20614393538772174,0.4314936781885486,0.3623623864237296,83.204,82.595,SOFT,2.0,Q3
BOT,Alfa Romeo,2024,Australian Grand Prix,Albert Park,4843.53245567963,14.0,0.0028904523977295,1.4249999999999972,1.854499999999998,-0.2567500000000038,1.2219999999999942,0.05,0.0,0.05,0.13,0.11,0.0,34.5,54.0,1,1,-0.12177618446144439,-0.7429799002383637,-0.6510272976721347,31.0,2.0,Street-Medium,2,0.3461339539694854,0.22761830876648562,0.426247737264029,77.34,75.915,SOFT,2.0,Q2
BOT,Alfa Romeo,2024,Austrian Grand Prix,Red Bull Ring,3999.68196710701,10.0,0.0025001987863632,1.5330000000000013,1.854499999999998,-0.2567500000000038,0.8639999999999972,0.05,0.0,0.05,0.0,0.0,0.0,45.8,37.0,0,2,-1.148155635993153,-1.8426770508250885,-1.1166459125389459,700.0,2.0,Permanent-Fast,1,0.25111242729357447,0.44553282609686085,0.3033547466095646,65.847,64.314,SOFT,2.0,Q1
BOT,Alfa Romeo,2024,Azerbaijan Grand Prix,Baku City,4978.250124294395,20.0,0.0040174759203837,2.253,1.854499999999998,-0.2567500000000038,1.4030000000000058,0.05,0.0,0.05,0.045999999999999944,0.045999999999999944,0.0,37.7,38.0,1,2,0.042081570788943895,0.9065658256417235,0.6936447726344993,28.0,2.0,Street-Fast,1,0.35200447798645024,0.40842324692620974,0.23957227508734005,103.618,101.365,SOFT,2.0,Q1
BOT,Alfa Romeo,2024,Bahrain Grand Prix,Bahrain International,5006.652008539475,15.0,0.0029960140977275,1.590999999999994,1.854499999999998,-0.2567500000000038,0.8500000000000085,0.05,0.0,0.05,0.368,0.368,0.0,21.6,47.0,0,1,0.07662692066868529,-0.4680556125916825,-0.5250797315138804,35.0,2.0,Permanent-Medium,1,0.3202322711446075,0.4299991185155802,0.24976861033981224,90.756,89.165,SOFT,2.0,Q1
BOT,Alfa Romeo,2024,Belgian Grand Prix,Spa-Francorchamps,6775.131165030146,19.0,0.0028043737511782,1.6049999999999898,1.854499999999998,-0.2567500000000038,0.8639999999999972,1.6,1.5,0.1,4.083,0.368,3.5,21.6,93.0,0,2,2.227636715963657,0.6316415379950423,-0.7537292817396346,300.0,2.0,Permanent-Fast,2,0.2809330452058137,0.4509428043637378,0.26812415043044857,114.764,113.159,INTERMEDIATE,3.0,Q2
BOT,Alfa Romeo,2024,British Grand Prix,Silverstone,5729.156782444218,18.0,0.003141823602237,6.611999999999995,1.854499999999998,-0.2567500000000038,0.8639999999999972,0.05,0.0,0.05,0.476,0.376,0.0,21.2,70.0,0,2,0.9554129895418016,0.3567172503483611,-0.3511117846537936,140.0,2.0,Permanent-Fast,1,0.31535956551373456,0.40627062349211845,0.278369810994147,92.431,85.819,SOFT,2.0,Q1
BOT,Alfa Romeo,2024,Canadian Grand Prix,Gilles Villeneuve,3927.405044134453,14.0,0.0035646947138566,1.6239999999999952,1.854499999999998,-0.2567500000000038,0.8500000000000085,0.15000000000000002,0.0,0.15000000000000002,0.27799999999999997,0.17799999999999996,0.0,31.1,70.0,0,1,-1.2360664087705144,-0.7429799002383637,0.15342335743024896,22.0,2.0,Permanent-Medium,1,0.28085216585339257,0.3186353351688793,0.4005124989777281,73.366,71.742,SOFT,4.0,Q1
BOT,Alfa Romeo,2024,Chinese Grand Prix,Shanghai International,5161.238099433068,16.0,0.0031000313668453,1.0050000000000097,1.854499999999998,-0.2567500000000038,0.8639999999999972,0.05,0.0,0.05,0.17799999999999996,0.15799999999999997,0.0,32.1,54.0,0,2,0.2646507345248319,-0.1931313249450013,-0.4009748536645922,5.0,3.0,Permanent-Fast,3,0.2664976496065072,0.3006179686262082,0.43288438176728466,94.665,93.66,SOFT,2.0,Q3
BOT,Alfa Romeo,2024,Dutch Grand Prix,Zandvoort,4259.0,14.0,0.0032871566095327,2.4950000000000045,1.854499999999998,-0.2567500000000038,0.8500000000000085,0.05,0.0,0.05,0.23399999999999999,0.16399999999999998,0.0,31.8,64.0,0,1,-0.8327458519410066,-0.7429799002383637,-0.1777123552044761,2.0,2.0,Permanent-Medium,1,0.34128699700698373,0.35705575878505713,0.30165724420795925,72.168,69.673,SOFT,2.0,Q1
BOT,Alfa Romeo,2024,Emilia Romagna Grand Prix,Imola,4909.0,19.0,0.003870442045223,1.8800000000000097,1.854499999999998,-0.2567500000000038,0.8500000000000085,0.05,0.0,0.05,0.0,0.0,0.0,41.9,44.0,0,1,-0.04214769204173995,0.6316415379950423,0.5182160070911476,37.0,1.0,Permanent-Medium,1,0.3161459556808394,0.34685354840393595,0.3370004959152246,76.626,74.746,SOFT,2.0,Q1
BOT,Alfa Romeo,2024,Hungarian Grand Prix,Hungaroring,4122.248439558155,14.0,0.0033962048152295,1.1569999999999965,1.854499999999998,-0.2567500000000038,0.37000000000000455,0.05,0.0,0.05,3.723,0.17799999999999996,3.5,31.1,59.0,0,0,-0.9990774397082004,-0.7429799002383637,-0.04760497628108983,150.0,1.0,Permanent-Slow,2,0.36274612484289903,0.3557813154587348,0.28147255969836615,76.384,75.227,SOFT,2.0,Q2
BOT,Alfa Romeo,2024,Italian Grand Prix,Monza,5261.551646812222,11.0,0.0020906380357711,1.774000000000001,1.854499999999998,-0.2567500000000038,0.8639999999999972,0.05,0.0,0.05,0.0,0.0,0.0,50.6,36.0,0,2,0.38666258986472024,-1.5677527631784072,-1.6053002230701332,120.0,2.0,Permanent-Fast,1,0.32929310366086734,0.3384175287604345,0.3322893675786982,81.101,79.327,SOFT,2.0,Q1
BOT,Alfa Romeo,2024,Japanese Grand Prix,Suzuka,5650.500064177964,18.0,0.0031855587639248,1.3960000000000008,1.854499999999998,-0.2567500000000038,0.8639999999999972,0.05,0.0,0.05,0.30799999999999994,0.26799999999999996,0.0,26.6,58.0,0,2,0.8597424407340858,0.3567172503483611,-0.29893057527368244,50.0,2.0,Permanent-Fast,2,0.34999386112754344,0.45179868962977016,0.19820744924268635,89.593,88.197,SOFT,2.0,Q2
BOT,Alfa Romeo,2024,Las Vegas Grand Prix,Las Vegas,6353.0,14.0,0.0022036832992287,2.118000000000009,1.854499999999998,-0.2567500000000038,1.4030000000000058,0.05,0.0,0.05,0.512,0.512,0.0,14.4,25.0,1,2,1.7141965277960156,-0.7429799002383637,-1.4704238825178961,600.0,2.0,Street-Fast,1,0.28155247273112355,0.33641851106639836,0.38202901620247803,94.43,92.312,SOFT,2.0,Q1
BOT,Alfa Romeo,2024,Mexico City Grand Prix,Hermanos Rodriguez,4309.0,17.0,0.0039452309120445,1.4470000000000027,1.854499999999998,-0.2567500000000038,0.8500000000000085,0.05,0.0,0.05,0.0,0.0,0.0,41.3,41.0,0,1,-0.7719306088718323,0.0817929627016799,0.6074479515566137,2240.0,2.0,Permanent-Medium,2,0.3578747431938289,0.3851898750532994,0.2569353817528717,77.393,75.946,SOFT,2.0,Q2
BOT,Alfa Romeo,2024,Miami Grand Prix,Miami,5412.0,19.0,0.003510716925351,1.2219999999999942,1.854499999999998,-0.2567500000000038,1.2219999999999942,0.05,0.0,0.05,0.03,0.0,0.0,47.2,56.0,1,1,0.5696536532341541,0.6316415379950423,0.08902148545382091,3.0,3.0,Street-Medium,1,0.33313362648791023,0.38307541005844253,0.2837909634536473,88.463,87.241,SOFT,2.0,Q1
BOT,Alfa Romeo,2024,Monaco Grand Prix,Monaco,2982.89347053333,19.0,0.0063696542259026,2.2420000000000044,1.854499999999998,-0.2567500000000038,1.5330000000000013,0.15000000000000002,0.0,0.15000000000000002,0.045,0.0,0.0,44.8,59.0,1,0,-2.3848804273745277,0.6316415379950423,3.5000710878223424,10.0,1.0,Street-Slow,1,0.26340467784642546,0.46899823477493385,0.2675970873786408,72.512,70.27,SOFT,4.0,Q1
BOT,Alfa Romeo,2024,Qatar Grand Prix,Losail,5380.0,16.0,0.0029739776951672,1.2109999999999985,1.854499999999998,-0.2567500000000038,0.8500000000000085,0.1,0.0,0.1,0.415,0.37,0.0,21.5,59.0,0,1,0.5307318976698825,-0.1931313249450013,-0.5513717604354108,20.0,2.0,Permanent-Medium,2,0.36695990505438575,0.3383171623986003,0.29472293254701404,81.731,80.52,SOFT,3.0,Q2
BOT,Alfa Romeo,2024,Saudi Arabian Grand Prix,Jeddah,6174.0,27.0,0.0043731778425655,1.7070000000000078,1.854499999999998,-0.2567500000000038,1.4030000000000058,0.05,0.0,0.05,0.204,0.174,0.0,31.3,56.0,1,2,1.4964779576083713,2.8310358391684916,1.1180391446222482,15.0,3.0,Street-Fast,1,0.3642000919498985,0.3177990334047253,0.3180008746453762,89.179,87.472,SOFT,2.0,Q1
BOT,Alfa Romeo,2024,Singapore Grand Prix,Marina Bay,4956.5492831458605,23.0,0.0046403250903221,2.046999999999997,1.854499999999998,-0.2567500000000038,1.5330000000000013,0.05,0.0,0.05,0.30700000000000005,0.16200000000000003,0.0,31.9,79.0,1,0,0.01568673220387009,1.731338688581767,1.436777339075894,10.0,1.0,Street-Slow,1,0.2969139038133927,0.41934215699122,0.2837439391953872,91.572,89.525,SOFT,2.0,Q1
BOT,Alfa Romeo,2024,Spanish Grand Prix,Barcelona-Catalunya,4348.990357163425,16.0,0.003679014825509,0.8440000000000083,1.854499999999998,-0.2567500000000038,0.8500000000000085,0.05,0.0,0.05,0.17400000000000004,0.08400000000000006,0.0,35.8,68.0,0,1,-0.7232901430454965,-0.1931313249450013,0.28982074233246696,110.0,1.0,Permanent-Medium,2,0.29986016309690283,0.3993381976269262,0.30080163927617093,72.227,71.383,SOFT,2.0,Q2
BOT,Alfa Romeo,2024,São Paulo Grand Prix,Interlagos,4309.0,15.0,0.0034810860988628,3.066999999999993,1.854499999999998,-0.2567500000000038,0.8500000000000085,1.55,1.5,0.05,4.047,0.332,3.5,23.4,93.0,0,1,-0.7719306088718323,-0.4680556125916825,0.05366841251622112,800.0,2.0,Permanent-Medium,2,0.2583495235451938,0.5223887501156443,0.2192617263391618,86.472,83.405,INTERMEDIATE,2.0,Q2
BOT,Alfa Romeo,2024,United States Grand Prix,COTA,5337.916050454483,20.0,0.0037467805433727,1.8220000000000027,1.854499999999998,-0.2567500000000038,0.8639999999999972,0.05,0.0,0.05,0.004000000000000057,0.004000000000000057,0.0,39.8,37.0,0,2,0.4795449852514533,0.9065658256417235,0.37067324124127227,230.0,3.0,Permanent-Fast,1,0.2703500722236384,0.399779080635568,0.3298708471407936,94.152,92.33,SOFT,2.0,Q1
BOT,Mercedes,2019,Abu Dhabi Grand Prix,Yas Marina,5333.449274375974,21.0,0.0039374144047628,0.19400000000000261,0.23350000000001359,0.055999999999997385,0.8500000000000085,0.05,0.0,0.05,0.32050000000000006,0.23600000000000002,0.0,28.2,66.9,0,1,0.4741120237924506,1.1814901132884046,0.59812193588988,10.0,2.0,Permanent-Medium,3,0.17861918650563843,0.4284059680119613,0.3929748454824003,94.973,94.779,SOFT,2.0,Q3
BOT,Mercedes,2019,Australian Grand Prix,Albert Park,4843.53245567963,14.0,0.0028904523977295,0.11199999999999477,0.23350000000001359,0.055999999999997385,1.2219999999999942,0.05,0.0,0.05,0.179,0.08,0.0,36.0,69.8,1,1,-0.12177618446144439,-0.7429799002383637,-0.6510272976721347,31.0,2.0,Street-Medium,3,0.33069058785577804,0.2714335343308767,0.3978758778133452,80.598,80.486,SOFT,2.0,Q3
BOT,Mercedes,2019,Austrian Grand Prix,Red Bull Ring,3999.68196710701,10.0,0.0025001987863632,0.5339999999999989,0.23350000000001359,0.055999999999997385,0.8639999999999972,0.05,0.0,0.05,0.0,0.0,0.0,50.0,25.9,0,2,-1.148155635993153,-1.8426770508250885,-1.1166459125389459,700.0,2.0,Permanent-Fast,3,0.25613422100508365,0.4426711994585832,0.30119457953633316,63.537,63.003,SOFT,2.0,Q3
BOT,Mercedes,2019,Azerbaijan Grand Prix,Baku City,4978.250124294395,20.0,0.0040174759203837,0.0,0.23350000000001359,0.055999999999997385,1.4030000000000058,0.05,0.0,0.05,0.4115,0.26799999999999996,0.0,26.6,78.7,1,2,0.042081570788943895,0.9065658256417235,0.6936447726344993,28.0,2.0,Street-Fast,3,0.35184835066421216,0.40201005025125625,0.24614159908453156,100.495,100.495,SOFT,2.0,Q3
BOT,Mercedes,2019,Bahrain Grand Prix,Bahrain International,5006.652008539475,15.0,0.0029960140977275,0.39000000000000057,0.23350000000001359,0.055999999999997385,0.8500000000000085,0.05,0.0,0.05,0.27849999999999997,0.244,0.0,27.8,56.9,0,1,0.07662692066868529,-0.4680556125916825,-0.5250797315138804,35.0,2.0,Permanent-Medium,3,0.31758747280638144,0.43173268672951415,0.2506798404641044,88.256,87.866,SOFT,2.0,Q3
BOT,Mercedes,2019,Belgian Grand Prix,Spa-Francorchamps,6775.131165030146,19.0,0.0028043737511782,0.8960000000000008,0.23350000000001359,0.055999999999997385,0.8639999999999972,0.05,0.0,0.05,0.0,0.0,0.0,40.0,37.6,0,2,2.227636715963657,0.6316415379950423,-0.7537292817396346,300.0,2.0,Permanent-Fast,3,0.29751003239375334,0.42622443552676115,0.27626553207948557,103.415,102.519,SOFT,2.0,Q3
BOT,Mercedes,2019,Brazilian Grand Prix,Interlagos,4309.0,15.0,0.0034810860988628,0.3709999999999951,0.23350000000001359,0.055999999999997385,0.8500000000000085,0.05,0.0,0.05,0.261,0.19,0.0,30.5,64.2,0,1,-0.7719306088718323,-0.4680556125916825,0.05366841251622112,800.0,2.0,Permanent-Medium,3,0.2596134013024133,0.505790140554557,0.23459645814302976,67.874,67.503,SOFT,2.0,Q3
BOT,Mercedes,2019,British Grand Prix,Silverstone,5729.156782444218,18.0,0.003141823602237,0.0,0.23350000000001359,0.055999999999997385,0.8639999999999972,0.05,0.0,0.05,0.31949999999999995,0.22799999999999998,0.0,28.6,68.3,0,2,0.9554129895418016,0.3567172503483611,-0.3511117846537936,140.0,2.0,Permanent-Fast,3,0.32277625656634507,0.4043575852302775,0.2728661582033775,85.093,85.093,SOFT,2.0,Q3
BOT,Mercedes,2019,Canadian Grand Prix,Gilles Villeneuve,3927.405044134453,14.0,0.0035646947138566,0.855000000000004,0.23350000000001359,0.055999999999997385,0.8500000000000085,0.45,0.4,0.05,0.0,0.0,0.0,48.5,21.5,0,1,-1.2360664087705144,-0.7429799002383637,0.15342335743024896,22.0,2.0,Permanent-Medium,3,0.2735635417399255,0.3187284619171531,0.4077079963429215,71.095,70.24,MEDIUM,2.0,Q3
BOT,Mercedes,2019,Chinese Grand Prix,Shanghai International,5161.238099433068,16.0,0.0031000313668453,0.0,0.23350000000001359,0.055999999999997385,0.8639999999999972,0.05,0.0,0.05,0.16799999999999998,0.16799999999999998,0.0,31.6,49.8,0,2,0.2646507345248319,-0.1931313249450013,-0.4009748536645922,5.0,3.0,Permanent-Fast,3,0.2626738178203546,0.2954875637650606,0.4418386184145848,91.547,91.547,SOFT,2.0,Q3
BOT,Mercedes,2019,French Grand Prix,Paul Ricard,5247.8799638259,15.0,0.0028582970844219,0.28600000000000136,0.23350000000001359,0.055999999999997385,0.8639999999999972,0.05,0.0,0.05,0.0,0.0,0.0,53.1,42.3,0,2,0.37003365538516214,-0.4680556125916825,-0.6893923813172924,40.0,3.0,Permanent-Fast,3,0.2488121437842108,0.31028722984030244,0.4409006263754867,88.605,88.319,SOFT,2.0,Q3
BOT,Mercedes,2019,German Grand Prix,Hockenheimring,4317.957322804004,17.0,0.0039370467860392,0.362000000000009,0.23350000000001359,0.055999999999997385,0.8500000000000085,0.05,0.0,0.05,0.0,0.0,0.0,44.5,49.7,0,1,-0.7610357736003405,0.0817929627016799,0.5976833233674174,100.0,2.0,Permanent-Medium,3,0.2148095772851419,0.48144297023388655,0.3037474524809716,72.129,71.767,SOFT,2.0,Q3
BOT,Mercedes,2019,Hungarian Grand Prix,Hungaroring,4122.248439558155,14.0,0.0033962048152295,0.018000000000000682,0.23350000000001359,0.055999999999997385,0.37000000000000455,0.05,0.0,0.05,0.0,0.0,0.0,40.1,48.4,0,0,-0.9990774397082004,-0.7429799002383637,-0.04760497628108983,150.0,1.0,Permanent-Slow,3,0.3630379407427269,0.35408231666443224,0.2828797425928409,74.59,74.572,SOFT,2.0,Q3
BOT,Mercedes,2019,Italian Grand Prix,Monza,5261.551646812222,11.0,0.0020906380357711,0.7109999999999985,0.23350000000001359,0.055999999999997385,0.8639999999999972,0.05,0.0,0.05,0.03249999999999993,0.025999999999999943,0.0,38.7,51.3,0,2,0.38666258986472024,-1.5677527631784072,-1.6053002230701332,120.0,2.0,Permanent-Fast,3,0.3378489839786048,0.3312379714564223,0.3309130445649729,80.018,79.307,SOFT,2.0,Q3
BOT,Mercedes,2019,Japanese Grand Prix,Suzuka,5650.500064177964,18.0,0.0031855587639248,0.22900000000001342,0.23350000000001359,0.055999999999997385,0.8639999999999972,0.05,0.0,0.05,0.09049999999999997,0.03799999999999997,0.0,38.1,60.5,0,2,0.8597424407340858,0.3567172503483611,-0.29893057527368244,50.0,2.0,Permanent-Fast,3,0.3489626888753966,0.45252196625158947,0.19851534487301387,87.293,87.064,SOFT,2.0,Q3
BOT,Mercedes,2019,Mexican Grand Prix,Hermanos Rodriguez,4309.0,17.0,0.0039452309120445,0.5799999999999983,0.23350000000001359,0.055999999999997385,0.8500000000000085,0.05,0.0,0.05,0.162,0.14,0.0,33.0,54.4,0,1,-0.7719306088718323,0.0817929627016799,0.6074479515566137,2240.0,2.0,Permanent-Medium,3,0.35928747776686404,0.38217101595476394,0.2585415062783722,75.338,74.758,SOFT,2.0,Q3
BOT,Mercedes,2019,Monaco Grand Prix,Monaco,2982.89347053333,19.0,0.0063696542259026,0.08599999999999852,0.23350000000001359,0.055999999999997385,1.5330000000000013,0.05,0.0,0.05,0.06949999999999999,0.0,0.0,41.7,63.9,1,0,-2.3848804273745277,0.6316415379950423,3.5000710878223424,10.0,1.0,Street-Slow,3,0.2612594659226783,0.4701076125946592,0.2686329214826624,70.252,70.166,SOFT,2.0,Q3
BOT,Mercedes,2019,Russian Grand Prix,Sochi Autodrom,5760.2985642132535,18.0,0.0031248380269432,1.0040000000000049,0.23350000000001359,0.055999999999997385,0.8500000000000085,0.05,0.0,0.05,0.2405,0.19799999999999998,0.0,30.1,58.5,0,1,0.993290890099623,0.3567172503483611,-0.37137758056360215,5.0,2.0,Permanent-Medium,3,0.3643341393902755,0.34212799032731667,0.2935378702824078,92.632,91.628,SOFT,2.0,Q3
BOT,Mercedes,2019,Singapore Grand Prix,Marina Bay,4956.5492831458605,23.0,0.0046403250903221,0.9249999999999972,0.23350000000001359,0.055999999999997385,1.5330000000000013,0.05,0.0,0.05,0.16949999999999998,0.11799999999999998,0.0,34.1,60.3,1,0,0.01568673220387009,1.731338688581767,1.436777339075894,10.0,1.0,Street-Slow,3,0.27446418644870396,0.383912210990097,0.34162360256119906,97.142,96.217,SOFT,2.0,Q3
BOT,Mercedes,2019,Spanish Grand Prix,Barcelona-Catalunya,4348.990357163425,16.0,0.003679014825509,0.0,0.23350000000001359,0.055999999999997385,0.8500000000000085,0.05,0.0,0.05,0.1375,0.1,0.0,35.0,57.5,0,1,-0.7232901430454965,-0.1931313249450013,0.28982074233246696,110.0,1.0,Permanent-Medium,3,0.2849640612152879,0.37185369864467016,0.3431822401400419,75.406,75.406,SOFT,2.0,Q3
BOT,Mercedes,2019,United States Grand Prix,COTA,5337.916050454483,20.0,0.0037467805433727,0.0,0.23350000000001359,0.055999999999997385,0.8639999999999972,0.05,0.0,0.05,0.28200000000000003,0.28200000000000003,0.0,25.9,24.8,0,2,0.4795449852514533,0.9065658256417235,0.37067324124127227,230.0,3.0,Permanent-Fast,3,0.26902389464190635,0.39898292929402696,0.3319931760640668,92.029,92.029,SOFT,2.0,Q3
BOT,Mercedes,2020,70th Anniversary Grand Prix,Silverstone,5729.156782444218,18.0,0.003141823602237,0.0,0.0555000000000021,0.02949999999999875,0.8639999999999972,0.45,0.4,0.05,0.024000000000000056,0.004000000000000057,0.0,39.8,54.0,0,2,0.9554129895418016,0.3567172503483611,-0.3511117846537936,140.0,2.0,Permanent-Fast,3,0.3209949033515748,0.40479601662869624,0.274209080019729,85.154,85.154,MEDIUM,2.0,Q3
BOT,Mercedes,2020,Abu Dhabi Grand Prix,Yas Marina,5333.449274375974,21.0,0.0039374144047628,0.025000000000005684,0.0555000000000021,0.02949999999999875,0.8500000000000085,0.05,0.0,0.05,0.319,0.256,0.0,27.2,62.6,0,1,0.4741120237924506,1.1814901132884046,0.59812193588988,10.0,2.0,Permanent-Medium,3,0.17896316822537814,0.4283884917760914,0.3926483399985305,95.271,95.246,SOFT,2.0,Q3
BOT,Mercedes,2020,Austrian Grand Prix,Red Bull Ring,3999.68196710701,10.0,0.0025001987863632,0.0,0.0555000000000021,0.02949999999999875,0.8639999999999972,0.05,0.0,0.05,0.0,0.0,0.0,49.1,33.3,0,2,-1.148155635993153,-1.8426770508250885,-1.1166459125389459,700.0,2.0,Permanent-Fast,3,0.255008818061933,0.44336579863041997,0.3016253833076471,62.939,62.939,SOFT,2.0,Q3
BOT,Mercedes,2020,Bahrain Grand Prix,Bahrain International,5006.652008539475,15.0,0.0029960140977275,0.2890000000000015,0.0555000000000021,0.02949999999999875,0.8500000000000085,0.05,0.0,0.05,0.30200000000000005,0.256,0.0,27.2,59.2,0,1,0.07662692066868529,-0.4680556125916825,-0.5250797315138804,35.0,2.0,Permanent-Medium,3,0.31671102075314383,0.43147579180610607,0.2518131874407502,87.553,87.264,SOFT,2.0,Q3
BOT,Mercedes,2020,Belgian Grand Prix,Spa-Francorchamps,6775.131165030146,19.0,0.0028043737511782,0.5110000000000099,0.0555000000000021,0.02949999999999875,0.8639999999999972,0.05,0.0,0.05,0.383,0.326,0.0,23.7,61.4,0,2,2.227636715963657,0.6316415379950423,-0.7537292817396346,300.0,2.0,Permanent-Fast,3,0.30106227214213416,0.41952379548558905,0.27941393237227674,101.763,101.252,SOFT,2.0,Q3
BOT,Mercedes,2020,British Grand Prix,Silverstone,5729.156782444218,18.0,0.003141823602237,0.3130000000000024,0.0555000000000021,0.02949999999999875,0.8639999999999972,0.05,0.0,0.05,0.021499999999999988,0.0,0.0,40.6,54.3,0,2,0.9554129895418016,0.3567172503483611,-0.3511117846537936,140.0,2.0,Permanent-Fast,3,0.32103857426491444,0.4046516025337998,0.2743098232012858,84.616,84.303,SOFT,2.0,Q3
BOT,Mercedes,2020,Eifel Grand Prix,Hockenheimring,4317.957322804004,17.0,0.0039370467860392,0.0,0.0555000000000021,0.02949999999999875,0.8500000000000085,0.05,0.0,0.05,0.4285,0.41200000000000003,0.0,19.4,53.3,0,1,-0.7610357736003405,0.0817929627016799,0.5976833233674174,100.0,2.0,Permanent-Medium,3,0.3261560473325593,0.4157783016101983,0.25806565105724233,85.269,85.269,SOFT,2.0,Q3
BOT,Mercedes,2020,Emilia Romagna Grand Prix,Imola,4909.0,19.0,0.003870442045223,0.0,0.0555000000000021,0.02949999999999875,0.8500000000000085,0.05,0.0,0.05,0.40650000000000003,0.318,0.0,24.1,67.7,0,1,-0.04214769204173995,0.6316415379950423,0.5182160070911476,37.0,1.0,Permanent-Medium,3,0.31833063891643687,0.3461261530519366,0.3355432080316266,73.609,73.609,SOFT,2.0,Q3
BOT,Mercedes,2020,Hungarian Grand Prix,Hungaroring,4122.248439558155,14.0,0.0033962048152295,0.10699999999999932,0.0555000000000021,0.02949999999999875,0.37000000000000455,0.05,0.0,0.05,0.38849999999999996,0.288,0.0,25.6,70.1,0,0,-0.9990774397082004,-0.7429799002383637,-0.04760497628108983,150.0,1.0,Permanent-Slow,3,0.3667373630258042,0.35110259129347143,0.2821600456807244,73.554,73.447,SOFT,2.0,Q3
BOT,Mercedes,2020,Italian Grand Prix,Monza,5261.551646812222,11.0,0.0020906380357711,0.06499999999999773,0.0555000000000021,0.02949999999999875,0.8639999999999972,0.05,0.0,0.05,0.0,0.0,0.0,44.6,43.1,0,2,0.38666258986472024,-1.5677527631784072,-1.6053002230701332,120.0,2.0,Permanent-Fast,3,0.3369768973553552,0.3339370756915594,0.3290860269530854,78.952,78.887,SOFT,2.0,Q3
BOT,Mercedes,2020,Portuguese Grand Prix,Portimao,4653.0,15.0,0.0032237266279819,0.0,0.0555000000000021,0.02949999999999875,0.8500000000000085,0.45,0.4,0.05,0.09599999999999995,0.09599999999999995,0.0,35.2,49.8,0,1,-0.3535217365559127,-0.4680556125916825,-0.25339180900199537,90.0,1.0,Permanent-Medium,3,0.2913844061412916,0.38267988386995533,0.32593570998875315,76.466,76.466,MEDIUM,2.0,Q3
BOT,Mercedes,2020,Russian Grand Prix,Sochi Autodrom,5760.2985642132535,18.0,0.0031248380269432,0.652000000000001,0.0555000000000021,0.02949999999999875,0.8500000000000085,0.05,0.0,0.05,0.1875,0.166,0.0,31.7,54.3,0,1,0.993290890099623,0.3567172503483611,-0.37137758056360215,5.0,2.0,Permanent-Medium,3,0.3653051459393623,0.3427726303884467,0.2919222236721911,91.956,91.304,SOFT,2.0,Q3
BOT,Mercedes,2020,Sakhir Grand Prix,Bahrain International,5006.652008539475,15.0,0.0029960140977275,0.0,0.0555000000000021,0.02949999999999875,0.8500000000000085,0.05,0.0,0.05,0.39399999999999996,0.25799999999999995,0.0,27.1,77.2,0,1,0.07662692066868529,-0.4680556125916825,-0.5250797315138804,35.0,2.0,Permanent-Medium,3,0.3484084905483636,0.3461041272458175,0.305487382205819,53.377,53.377,SOFT,2.0,Q3
BOT,Mercedes,2020,Spanish Grand Prix,Barcelona-Catalunya,4348.990357163425,16.0,0.003679014825509,0.0589999999999975,0.0555000000000021,0.02949999999999875,0.8500000000000085,0.05,0.0,0.05,0.011000000000000015,0.0,0.0,48.6,52.2,0,1,-0.7232901430454965,-0.1931313249450013,0.28982074233246696,110.0,1.0,Permanent-Medium,3,0.281625530452256,0.3693005301217561,0.34907393942598786,75.643,75.584,SOFT,2.0,Q3
BOT,Mercedes,2020,Styrian Grand Prix,Red Bull Ring,3999.68196710701,10.0,0.0025001987863632,0.8319999999999936,0.0555000000000021,0.02949999999999875,0.8639999999999972,2.9,2.5,0.4,4.1025,0.41000000000000003,3.5,19.5,88.5,0,2,-1.148155635993153,-1.8426770508250885,-1.1166459125389459,700.0,2.0,Permanent-Fast,3,0.24311885782574977,0.4445631030931767,0.3123180390810735,78.657,77.825,WET,9.0,Q3
BOT,Mercedes,2020,Turkish Grand Prix,Istanbul Park,5338.0,14.0,0.0026227051330086,5.492999999999995,0.0555000000000021,0.02949999999999875,0.8639999999999972,1.6,1.5,0.1,0.7405,0.54,0.0,13.0,90.1,0,2,0.47964709349177603,-0.7429799002383637,-0.9704813831763092,130.0,1.0,Permanent-Fast,3,0.3769270161931166,0.3592505606667962,0.26382242314008725,113.258,107.765,INTERMEDIATE,3.0,Q3
BOT,Mercedes,2020,Tuscan Grand Prix,Mugello,5245.0,15.0,0.0028598665395614,0.0589999999999975,0.0555000000000021,0.02949999999999875,0.8639999999999972,0.05,0.0,0.05,0.0,0.0,0.0,44.1,41.1,0,2,0.36653074138311176,-0.4680556125916825,-0.6875198361136977,255.0,1.0,Permanent-Fast,3,0.3570070342938446,0.27577357286278475,0.3672193928433706,75.203,75.144,SOFT,2.0,Q3
BOT,Mercedes,2021,Abu Dhabi Grand Prix,Yas Marina,5333.449274375974,21.0,0.0039374144047628,0.9270000000000067,0.22349999999999426,0.11549999999999727,0.8500000000000085,0.05,0.0,0.05,0.3075,0.24600000000000002,0.0,27.7,62.3,0,1,0.4741120237924506,1.1814901132884046,0.59812193588988,10.0,2.0,Permanent-Medium,3,0.2052603689965798,0.4331615203044463,0.36157811069897394,83.036,82.109,SOFT,2.0,Q3
BOT,Mercedes,2021,Austrian Grand Prix,Red Bull Ring,3999.68196710701,10.0,0.0025001987863632,0.32900000000000773,0.22349999999999426,0.11549999999999727,0.8639999999999972,0.05,0.0,0.05,0.0,0.0,0.0,50.5,27.2,0,2,-1.148155635993153,-1.8426770508250885,-1.1166459125389459,700.0,2.0,Permanent-Fast,3,0.25567924557760463,0.4409592655623038,0.30336148886009145,64.049,63.72,SOFT,2.0,Q3
BOT,Mercedes,2021,Azerbaijan Grand Prix,Baku City,4978.250124294395,20.0,0.0040174759203837,0.887999999999991,0.22349999999999426,0.11549999999999727,1.4030000000000058,0.1,0.0,0.1,0.0,0.0,0.0,45.6,49.9,1,2,0.042081570788943895,0.9065658256417235,0.6936447726344993,28.0,2.0,Street-Fast,3,0.34997943313811136,0.40246410592913245,0.24755646093275616,102.106,101.218,SOFT,3.0,Q3
BOT,Mercedes,2021,Bahrain Grand Prix,Bahrain International,5006.652008539475,15.0,0.0029960140977275,0.5889999999999986,0.22349999999999426,0.11549999999999727,0.8500000000000085,0.05,0.0,0.05,0.14400000000000007,0.14400000000000007,0.0,32.8,44.5,0,1,0.07662692066868529,-0.4680556125916825,-0.5250797315138804,35.0,2.0,Permanent-Medium,3,0.31805192775656904,0.4313397182595495,0.25060835398388137,89.586,88.997,SOFT,2.0,Q3
BOT,Mercedes,2021,Belgian Grand Prix,Spa-Francorchamps,6775.131165030146,19.0,0.0028043737511782,0.269999999999996,0.22349999999999426,0.11549999999999727,0.8639999999999972,1.55,1.5,0.05,0.6575,0.452,0.0,17.4,91.1,0,2,2.227636715963657,0.6316415379950423,-0.7537292817396346,300.0,2.0,Permanent-Fast,3,0.2785158433294639,0.4537082419708501,0.26777591469968615,116.295,116.025,INTERMEDIATE,2.0,Q3
BOT,Mercedes,2021,British Grand Prix,Silverstone,5729.156782444218,18.0,0.003141823602237,0.3050000000000068,0.22349999999999426,0.11549999999999727,0.8639999999999972,0.05,0.0,0.05,0.09650000000000003,0.07200000000000004,0.0,36.4,54.9,0,2,0.9554129895418016,0.3567172503483611,-0.3511117846537936,140.0,2.0,Permanent-Fast,3,0.3178343063664164,0.4068320822907979,0.2753336113427856,86.328,86.023,SOFT,2.0,Q3
BOT,Mercedes,2021,Dutch Grand Prix,Zandvoort,4259.0,14.0,0.0032871566095327,0.3369999999999891,0.22349999999999426,0.11549999999999727,0.8500000000000085,0.05,0.0,0.05,0.15199999999999997,0.09599999999999995,0.0,35.2,61.2,0,1,-0.8327458519410066,-0.7429799002383637,-0.1777123552044761,2.0,2.0,Permanent-Medium,3,0.34932535898991646,0.3422900234029643,0.3083846176071191,69.222,68.885,SOFT,2.0,Q3
BOT,Mercedes,2021,Emilia Romagna Grand Prix,Imola,4909.0,19.0,0.003870442045223,0.2609999999999957,0.22349999999999426,0.11549999999999727,0.8500000000000085,0.25,0.0,0.25,0.306,0.306,0.0,24.7,43.3,0,1,-0.04214769204173995,0.6316415379950423,0.5182160070911476,37.0,1.0,Permanent-Medium,3,0.32029408613670457,0.3448012641954146,0.33490464966788086,74.672,74.411,SOFT,6.0,Q3
BOT,Mercedes,2021,French Grand Prix,Paul Ricard,5247.8799638259,15.0,0.0028582970844219,0.3860000000000099,0.22349999999999426,0.11549999999999727,0.8639999999999972,0.05,0.0,0.05,0.0,0.0,0.0,42.0,44.7,0,2,0.37003365538516214,-0.4680556125916825,-0.6893923813172924,40.0,3.0,Permanent-Fast,3,0.24793086660175268,0.3045830751526954,0.4474860582455519,90.376,89.99,SOFT,2.0,Q3
BOT,Mercedes,2021,Hungarian Grand Prix,Hungaroring,4122.248439558155,14.0,0.0033962048152295,0.3149999999999977,0.22349999999999426,0.11549999999999727,0.37000000000000455,0.05,0.0,0.05,0.0,0.0,0.0,57.4,45.8,0,0,-0.9990774397082004,-0.7429799002383637,-0.04760497628108983,150.0,1.0,Permanent-Slow,3,0.361383262471281,0.354952861330446,0.2836638761982729,75.734,75.419,SOFT,2.0,Q3
BOT,Mercedes,2021,Italian Grand Prix,Monza,5261.551646812222,11.0,0.0020906380357711,0.0,0.22349999999999426,0.11549999999999727,0.8639999999999972,0.05,0.0,0.05,0.19,0.19,0.0,30.5,43.7,0,2,0.38666258986472024,-1.5677527631784072,-1.6053002230701332,120.0,2.0,Permanent-Fast,3,0.33536547042926274,0.33337942304066365,0.3312551065300735,79.555,79.555,SOFT,2.0,Q3
BOT,Mercedes,2021,Mexico City Grand Prix,Hermanos Rodriguez,4309.0,17.0,0.0039452309120445,0.0,0.22349999999999426,0.11549999999999727,0.8500000000000085,0.05,0.0,0.05,0.0,0.0,0.0,45.2,19.0,0,1,-0.7719306088718323,0.0817929627016799,0.6074479515566137,2240.0,2.0,Permanent-Medium,3,0.3568237232289951,0.38339373970345964,0.2597825370675453,75.875,75.875,SOFT,2.0,Q3
BOT,Mercedes,2021,Monaco Grand Prix,Monaco,2982.89347053333,19.0,0.0063696542259026,0.25499999999999545,0.22349999999999426,0.11549999999999727,1.5330000000000013,0.15000000000000002,0.0,0.15000000000000002,0.3135,0.19,0.0,30.5,74.7,1,0,-2.3848804273745277,0.6316415379950423,3.5000710878223424,10.0,1.0,Street-Slow,3,0.26343819492641746,0.46799620401977304,0.26856560105380944,70.601,70.346,SOFT,4.0,Q3
BOT,Mercedes,2021,Portuguese Grand Prix,Portimao,4653.0,15.0,0.0032237266279819,0.37999999999999545,0.22349999999999426,0.11549999999999727,0.8500000000000085,0.1,0.0,0.1,0.08200000000000003,0.08200000000000003,0.0,35.9,41.7,0,1,-0.3535217365559127,-0.4680556125916825,-0.25339180900199537,90.0,1.0,Permanent-Medium,3,0.2874227804155817,0.3805968244243631,0.3319803951600552,78.348,77.968,SOFT,3.0,Q3
BOT,Mercedes,2021,Qatar Grand Prix,Losail,5380.0,16.0,0.0029739776951672,0.6509999999999962,0.22349999999999426,0.11549999999999727,0.8500000000000085,0.05,0.0,0.05,0.3165,0.22799999999999998,0.0,28.6,67.7,0,1,0.5307318976698825,-0.1931313249450013,-0.5513717604354108,20.0,2.0,Permanent-Medium,3,0.3281744765458161,0.33314514347431207,0.3386803799798719,81.478,80.827,SOFT,2.0,Q3
BOT,Mercedes,2021,Russian Grand Prix,Sochi Autodrom,5760.2985642132535,18.0,0.0031248380269432,2.7169999999999987,0.22349999999999426,0.11549999999999727,0.8500000000000085,1.55,1.5,0.05,0.6285000000000001,0.48,0.0,16.0,79.7,0,1,0.993290890099623,0.3567172503483611,-0.37137758056360215,5.0,2.0,Permanent-Medium,3,0.3547703180212014,0.3438831057205616,0.301346576258237,104.71,101.993,INTERMEDIATE,2.0,Q3
BOT,Mercedes,2021,Saudi Arabian Grand Prix,Jeddah,6174.0,27.0,0.0043731778425655,0.1110000000000042,0.22349999999999426,0.11549999999999727,1.4030000000000058,0.05,0.0,0.05,0.2965,0.184,0.0,30.8,72.5,1,2,1.4964779576083713,2.8310358391684916,1.1180391446222482,15.0,3.0,Street-Fast,3,0.3651822601629728,0.3195658624546347,0.3152518773823926,87.622,87.511,SOFT,2.0,Q3
BOT,Mercedes,2021,Spanish Grand Prix,Barcelona-Catalunya,4348.990357163425,16.0,0.003679014825509,0.132000000000005,0.22349999999999426,0.11549999999999727,0.8500000000000085,0.05,0.0,0.05,0.0,0.0,0.0,44.1,48.5,0,1,-0.7232901430454965,-0.1931313249450013,0.28982074233246696,110.0,1.0,Permanent-Medium,3,0.28400088457585887,0.37219830109401214,0.3438008143301289,76.873,76.741,SOFT,2.0,Q3
BOT,Mercedes,2021,Styrian Grand Prix,Red Bull Ring,3999.68196710701,10.0,0.0025001987863632,0.1939999999999955,0.22349999999999426,0.11549999999999727,0.8639999999999972,0.05,0.0,0.05,0.0,0.0,0.0,52.2,27.4,0,2,-1.148155635993153,-1.8426770508250885,-1.1166459125389459,700.0,2.0,Permanent-Fast,3,0.253939251971578,0.4425548528148669,0.3035058952135551,64.035,63.841,SOFT,2.0,Q3
BOT,Mercedes,2021,São Paulo Grand Prix,Interlagos,4309.0,15.0,0.0034810860988628,0.49200000000000443,0.22349999999999426,0.11549999999999727,0.8500000000000085,0.05,0.0,0.05,0.456,0.304,0.0,24.8,80.4,0,1,-0.7719306088718323,-0.4680556125916825,0.05366841251622112,800.0,2.0,Permanent-Medium,3,0.25813287346914915,0.5066787478443866,0.2351883786864642,68.426,67.934,SOFT,2.0,Q3
BOT,Mercedes,2021,Turkish Grand Prix,Istanbul Park,5338.0,14.0,0.0026227051330086,0.13000000000000966,0.22349999999999426,0.11549999999999727,0.8639999999999972,0.05,0.0,0.05,0.48650000000000004,0.324,0.0,23.8,82.5,0,2,0.47964709349177603,-0.7429799002383637,-0.9704813831763092,130.0,1.0,Permanent-Fast,3,0.3702498855394106,0.3525988578038025,0.2771512566567869,82.998,82.868,SOFT,2.0,Q3
BOT,Mercedes,2021,United States Grand Prix,COTA,5337.916050454483,20.0,0.0037467805433727,0.5649999999999977,0.22349999999999426,0.11549999999999727,0.8639999999999972,0.05,0.0,0.05,0.13899999999999996,0.09599999999999995,0.0,35.2,58.6,0,2,0.4795449852514533,0.9065658256417235,0.37067324124127227,230.0,3.0,Permanent-Fast,3,0.26921636801283766,0.3990264776678256,0.3317571543193367,93.475,92.91,SOFT,2.0,Q3
COL,Williams,2024,Abu Dhabi Grand Prix,Yas Marina,5333.449274375974,21.0,0.0039374144047628,1.3170000000000073,1.341750000000001,0.04550000000000409,1.8430000000000035,0.05,0.0,0.05,0.275,0.2,0.0,30.0,65.0,0,1,0.4741120237924506,1.1814901132884046,0.59812193588988,10.0,2.0,Permanent-Medium,1,0.20508389741634092,0.4306892935456192,0.36422680903803983,83.912,82.595,SOFT,2.0,Q1
COL,Williams,2024,Azerbaijan Grand Prix,Baku City,4978.250124294395,20.0,0.0040174759203837,1.108000000000004,1.341750000000001,0.04550000000000409,1.2710000000000008,0.05,0.0,0.05,0.06400000000000006,0.06400000000000006,0.0,36.8,35.0,1,2,0.042081570788943895,0.9065658256417235,0.6936447726344993,28.0,2.0,Street-Fast,3,0.35349799459369785,0.40481883032603716,0.24168317508026507,102.473,101.365,SOFT,2.0,Q3
COL,Williams,2024,Italian Grand Prix,Monza,5261.551646812222,11.0,0.0020906380357711,1.7340000000000089,1.341750000000001,0.04550000000000409,1.733000000000004,0.05,0.0,0.05,0.0,0.0,0.0,50.8,37.0,0,2,0.38666258986472024,-1.5677527631784072,-1.6053002230701332,120.0,2.0,Permanent-Fast,1,0.3283083110250305,0.33826377666201995,0.33342791231294944,81.061,79.327,SOFT,2.0,Q1
COL,Williams,2024,Las Vegas Grand Prix,Las Vegas,6353.0,14.0,0.0022036832992287,1.4339999999999975,1.341750000000001,0.04550000000000409,1.2710000000000008,0.1,0.0,0.1,0.512,0.512,0.0,14.4,25.0,1,2,1.7141965277960156,-0.7429799002383637,-1.4704238825178961,600.0,2.0,Street-Fast,2,0.28388411238879524,0.3347769504832206,0.3813389371279841,93.746,92.312,SOFT,3.0,Q2
COL,Williams,2024,Mexico City Grand Prix,Hermanos Rodriguez,4309.0,17.0,0.0039452309120445,1.612000000000009,1.341750000000001,0.04550000000000409,1.8430000000000035,0.05,0.0,0.05,0.0,0.0,0.0,41.8,40.0,0,1,-0.7719306088718323,0.0817929627016799,0.6074479515566137,2240.0,2.0,Permanent-Medium,1,0.35831248871812066,0.3846411717682251,0.2570463395136543,77.558,75.946,SOFT,2.0,Q1
COL,Williams,2024,Qatar Grand Prix,Losail,5380.0,16.0,0.0029739776951672,2.073999999999998,1.341750000000001,0.04550000000000409,1.8430000000000035,0.1,0.0,0.1,0.41600000000000004,0.36600000000000005,0.0,21.7,60.0,0,1,0.5307318976698825,-0.1931313249450013,-0.5513717604354108,20.0,2.0,Permanent-Medium,1,0.36896142576942637,0.33780904181901833,0.29322953241155536,82.594,80.52,SOFT,3.0,Q1
COL,Williams,2024,Singapore Grand Prix,Marina Bay,4956.5492831458605,23.0,0.0046403250903221,0.9559999999999889,1.341750000000001,0.04550000000000409,0.9559999999999889,0.05,0.0,0.05,0.30299999999999994,0.15799999999999997,0.0,32.1,79.0,1,0,0.01568673220387009,1.731338688581767,1.436777339075894,10.0,1.0,Street-Slow,2,0.2966479150318852,0.4198008421657586,0.2835512428023563,90.481,89.525,SOFT,2.0,Q2
COL,Williams,2024,São Paulo Grand Prix,Interlagos,4309.0,15.0,0.0034810860988628,7.864999999999995,1.341750000000001,0.04550000000000409,1.8430000000000035,2.6,2.5,0.1,4.0729999999999995,0.348,3.5,22.6,95.0,0,1,-0.7719306088718323,-0.4680556125916825,0.05366841251622112,800.0,2.0,Permanent-Medium,1,0.2537416456667032,0.5338446367919361,0.21241371754136082,91.27,83.405,WET,3.0,Q1
COL,Williams,2024,United States Grand Prix,COTA,5337.916050454483,20.0,0.0037467805433727,1.7319999999999993,1.341750000000001,0.04550000000000409,1.733000000000004,0.05,0.0,0.05,0.015999999999999945,0.015999999999999945,0.0,39.2,39.0,0,2,0.4795449852514533,0.9065658256417235,0.37067324124127227,230.0,3.0,Permanent-Fast,1,0.2712785184240182,0.39964066254172775,0.32908081903425396,94.062,92.33,SOFT,2.0,Q1
DEV,RB,2023,Australian Grand Prix,Albert Park,4843.53245567963,14.0,0.0028904523977295,1.6029999999999944,1.5255000000000045,0.16275000000000261,1.5570000000000022,0.05,0.0,0.05,0.33,0.32,0.0,24.0,52.0,1,1,-0.12177618446144439,-0.7429799002383637,-0.6510272976721347,31.0,2.0,Street-Medium,2,0.3474181400395736,0.2277781323801621,0.42480372758026425,78.335,76.732,SOFT,2.0,Q2
DEV,RB,2023,Austrian Grand Prix,Red Bull Ring,3999.68196710701,10.0,0.0025001987863632,1.5829999999999984,1.5255000000000045,0.16275000000000261,2.3100000000000023,0.05,0.0,0.05,0.015999999999999945,0.015999999999999945,0.0,39.2,41.0,0,2,-1.148155635993153,-1.8426770508250885,-1.1166459125389459,700.0,2.0,Permanent-Fast,1,0.2542668323885167,0.4444478127747295,0.3012853548367539,65.974,64.391,SOFT,2.0,Q1
DEV,RB,2023,Azerbaijan Grand Prix,Baku City,4978.250124294395,20.0,0.0040174759203837,15.078999999999994,1.5255000000000045,0.16275000000000261,8.528999999999996,0.05,0.0,0.05,0.18599999999999994,0.045999999999999944,0.0,37.7,78.0,1,2,0.042081570788943895,0.9065658256417235,0.6936447726344993,28.0,2.0,Street-Fast,1,0.3574105237591298,0.41200707829496364,0.23058239794590654,115.282,100.203,SOFT,2.0,Q1
DEV,RB,2023,Bahrain Grand Prix,Bahrain International,5006.652008539475,15.0,0.0029960140977275,2.4129999999999967,1.5255000000000045,0.16275000000000261,2.4129999999999967,0.05,0.0,0.05,0.226,0.226,0.0,28.7,16.0,0,1,0.07662692066868529,-0.4680556125916825,-0.5250797315138804,35.0,2.0,Permanent-Medium,1,0.31895007652978147,0.43023849068073505,0.25081143278948337,92.121,89.708,SOFT,2.0,Q1
DEV,RB,2023,British Grand Prix,Silverstone,5729.156782444218,18.0,0.003141823602237,3.7930000000000064,1.5255000000000045,0.16275000000000261,2.3100000000000023,0.05,0.0,0.05,0.517,0.36200000000000004,0.0,21.9,81.0,0,2,0.9554129895418016,0.3567172503483611,-0.3511117846537936,140.0,2.0,Permanent-Fast,1,0.3123971142266857,0.4013788074641212,0.28622407830919316,90.513,86.72,SOFT,2.0,Q1
DEV,RB,2023,Canadian Grand Prix,Gilles Villeneuve,3927.405044134453,14.0,0.0035646947138566,4.412000000000006,1.5255000000000045,0.16275000000000261,2.4129999999999967,1.6,1.5,0.1,0.6020000000000001,0.42200000000000004,0.0,18.9,86.0,0,1,-1.2360664087705144,-0.7429799002383637,0.15342335743024896,22.0,2.0,Permanent-Medium,1,0.2897626808761442,0.3201101795830978,0.390127139540758,83.137,78.725,INTERMEDIATE,3.0,Q1
DEV,RB,2023,Miami Grand Prix,Miami,5412.0,19.0,0.003510716925351,1.51100000000001,1.5255000000000045,0.16275000000000261,1.5570000000000022,0.05,0.0,0.05,0.045,0.0,0.0,42.5,59.0,1,1,0.5696536532341541,0.6316415379950423,0.08902148545382091,3.0,3.0,Street-Medium,2,0.3343221058590433,0.38135295782621,0.28432493631474665,88.325,86.814,SOFT,2.0,Q2
DEV,RB,2023,Monaco Grand Prix,Monaco,2982.89347053333,19.0,0.0063696542259026,1.0630000000000024,1.5255000000000045,0.16275000000000261,1.0630000000000024,0.05,0.0,0.05,0.0,0.0,0.0,45.1,33.0,1,0,-2.3848804273745277,0.6316415379950423,3.5000710878223424,10.0,1.0,Street-Slow,2,0.2609488043298172,0.47367040371127195,0.26538079195891096,72.428,71.365,SOFT,2.0,Q2
DEV,RB,2023,Saudi Arabian Grand Prix,Jeddah,6174.0,27.0,0.0043731778425655,1.9789999999999992,1.5255000000000045,0.16275000000000261,8.528999999999996,0.15000000000000002,0.0,0.15000000000000002,0.15599999999999994,0.15599999999999994,0.0,32.2,44.0,1,2,1.4964779576083713,2.8310358391684916,1.1180391446222482,15.0,3.0,Street-Fast,1,0.36317095873409866,0.31526749700811135,0.32156154425779,90.244,88.265,SOFT,4.0,Q1
DEV,RB,2023,Spanish Grand Prix,Barcelona-Catalunya,4348.990357163425,16.0,0.003679014825509,1.3089999999999975,1.5255000000000045,0.16275000000000261,2.4129999999999967,0.05,0.0,0.05,0.426,0.306,0.0,24.7,74.0,0,1,-0.7232901430454965,-0.1931313249450013,0.28982074233246696,110.0,1.0,Permanent-Medium,2,0.29744091545371765,0.40093230589418466,0.30162677865209764,73.581,72.272,SOFT,2.0,Q2
DEV,Williams,2022,Italian Grand Prix,Monza,5261.551646812222,11.0,0.0020906380357711,2.3100000000000023,2.610999999999997,-0.057999999999992724,2.3100000000000023,0.05,0.0,0.05,0.0,0.0,0.0,41.1,33.0,0,2,0.38666258986472024,-1.5677527631784072,-1.6053002230701332,120.0,2.0,Permanent-Fast,2,0.32821234130785365,0.33751258017969954,0.3342750785124468,82.471,80.161,SOFT,2.0,Q2
DOO,Alpine,2024,Abu Dhabi Grand Prix,Yas Marina,5333.449274375974,21.0,0.0039374144047628,1.5100000000000051,1.4804999999999957,0.5605000000000047,1.5100000000000051,0.05,0.0,0.05,0.28200000000000003,0.20200000000000004,0.0,29.9,66.0,0,1,0.4741120237924506,1.1814901132884046,0.59812193588988,10.0,2.0,Permanent-Medium,1,0.2056595921764461,0.4311039771713929,0.363236430652161,84.105,82.595,SOFT,2.0,Q1
FIT,Haas,2020,Abu Dhabi Grand Prix,Yas Marina,5333.449274375974,21.0,0.0039374144047628,2.9270000000000067,2.4144999999999968,0.2577500000000015,2.488000000000003,0.05,0.0,0.05,0.261,0.204,0.0,29.8,61.4,0,1,0.4741120237924506,1.1814901132884046,0.59812193588988,10.0,2.0,Permanent-Medium,1,0.17884754464058344,0.4249335356971876,0.39621891966222894,98.173,95.246,SOFT,2.0,Q1
FIT,Haas,2020,Sakhir Grand Prix,Bahrain International,5006.652008539475,15.0,0.0029960140977275,2.0489999999999995,2.4144999999999968,0.2577500000000015,2.488000000000003,0.1,0.0,0.1,0.3975,0.264,0.0,26.8,76.7,0,1,0.07662692066868529,-0.4680556125916825,-0.5250797315138804,35.0,2.0,Permanent-Medium,1,0.34741817919388013,0.35068379460902827,0.3018980261970916,55.426,53.377,SOFT,3.0,Q1
GAS,Alpine,2023,Abu Dhabi Grand Prix,Yas Marina,5333.449274375974,21.0,0.0039374144047628,0.6330000000000098,1.1500000000000057,-0.03549999999999898,1.1839999999999975,0.05,0.0,0.05,0.259,0.174,0.0,31.3,67.0,0,1,0.4741120237924506,1.1814901132884046,0.59812193588988,10.0,2.0,Permanent-Medium,3,0.2045957325340755,0.4292561668926473,0.3661481005732772,84.078,83.445,SOFT,2.0,Q3
GAS,Alpine,2023,Australian Grand Prix,Albert Park,4843.53245567963,14.0,0.0028904523977295,0.8419999999999987,1.1500000000000057,-0.03549999999999898,0.8939999999999912,0.30000000000000004,0.0,0.30000000000000004,0.33,0.32,0.0,24.0,52.0,1,1,-0.12177618446144439,-0.7429799002383637,-0.6510272976721347,31.0,2.0,Street-Medium,3,0.34757779668445615,0.2252172119524583,0.4272049913630856,77.574,76.732,SOFT,7.0,Q3
GAS,Alpine,2023,Austrian Grand Prix,Red Bull Ring,3999.68196710701,10.0,0.0025001987863632,0.7789999999999964,1.1500000000000057,-0.03549999999999898,1.3970000000000056,0.05,0.0,0.05,0.06200000000000003,0.06200000000000003,0.0,36.9,46.0,0,2,-1.148155635993153,-1.8426770508250885,-1.1166459125389459,700.0,2.0,Permanent-Fast,3,0.2533067362283259,0.4460181064907166,0.30067515728095745,65.17,64.391,SOFT,2.0,Q3
GAS,Alpine,2023,Azerbaijan Grand Prix,Baku City,4978.250124294395,20.0,0.0040174759203837,4.6499999999999915,1.1500000000000057,-0.03549999999999898,1.054000000000002,0.05,0.0,0.05,0.178,0.03799999999999997,0.0,38.1,78.0,1,2,0.042081570788943895,0.9065658256417235,0.6936447726344993,28.0,2.0,Street-Fast,1,0.35584103459128497,0.4046331530809801,0.239525812327735,104.853,100.203,SOFT,2.0,Q1
GAS,Alpine,2023,Bahrain Grand Prix,Bahrain International,5006.652008539475,15.0,0.0029960140977275,2.472999999999999,1.1500000000000057,-0.03549999999999898,1.1839999999999975,0.05,0.0,0.05,0.226,0.226,0.0,28.7,16.0,0,1,0.07662692066868529,-0.4680556125916825,-0.5250797315138804,35.0,2.0,Permanent-Medium,1,0.31817836647465314,0.4313687202351895,0.2504529132901574,92.181,89.708,SOFT,2.0,Q1
GAS,Alpine,2023,Belgian Grand Prix,Spa-Francorchamps,6775.131165030146,19.0,0.0028043737511782,7.503,1.1500000000000057,-0.03549999999999898,1.3970000000000056,0.15000000000000002,0.0,0.15000000000000002,0.514,0.324,0.0,23.8,88.0,0,2,2.227636715963657,0.6316415379950423,-0.7537292817396346,300.0,2.0,Permanent-Fast,2,0.2840918088166727,0.45114409128097754,0.2647640999023498,113.671,106.168,SOFT,4.0,Q2
GAS,Alpine,2023,British Grand Prix,Silverstone,5729.156782444218,18.0,0.003141823602237,0.9689999999999941,1.1500000000000057,-0.03549999999999898,1.3970000000000056,0.05,0.0,0.05,0.38,0.27,0.0,26.5,72.0,0,2,0.9554129895418016,0.3567172503483611,-0.3511117846537936,140.0,2.0,Permanent-Fast,3,0.3155241820524809,0.40712061946196215,0.2773551984855569,87.689,86.72,SOFT,2.0,Q3
GAS,Alpine,2023,Canadian Grand Prix,Gilles Villeneuve,3927.405044134453,14.0,0.0035646947138566,4.161000000000001,1.1500000000000057,-0.03549999999999898,1.1839999999999975,1.8,1.5,0.30000000000000004,0.613,0.428,0.0,18.6,87.0,0,1,-1.2360664087705144,-0.7429799002383637,0.15342335743024896,22.0,2.0,Permanent-Medium,1,0.2891320609029269,0.32069348261467556,0.39017445648239757,82.886,78.725,INTERMEDIATE,7.0,Q1
GAS,Alpine,2023,Dutch Grand Prix,Zandvoort,4259.0,14.0,0.0032871566095327,9.561000000000007,1.1500000000000057,-0.03549999999999898,1.1839999999999975,1.65,1.5,0.15000000000000002,0.482,0.332,0.0,23.4,80.0,0,1,-0.8327458519410066,-0.7429799002383637,-0.1777123552044761,2.0,2.0,Permanent-Medium,2,0.34209015575079876,0.3443740015974441,0.3135358426517572,80.128,70.567,INTERMEDIATE,4.0,Q2
GAS,Alpine,2023,Hungarian Grand Prix,Hungaroring,4122.248439558155,14.0,0.0033962048152295,1.608000000000004,1.1500000000000057,-0.03549999999999898,1.8344999999999985,0.45,0.4,0.05,0.0,0.0,0.0,43.5,36.0,0,0,-0.9990774397082004,-0.7429799002383637,-0.04760497628108983,150.0,1.0,Permanent-Slow,2,0.3615837989183937,0.35645703619417773,0.28195916488742856,78.217,76.609,MEDIUM,2.0,Q2
GAS,Alpine,2023,Italian Grand Prix,Monza,5261.551646812222,11.0,0.0020906380357711,2.2510000000000048,1.1500000000000057,-0.03549999999999898,1.3970000000000056,0.8500000000000001,0.8,0.05,0.02200000000000003,0.02200000000000003,0.0,38.9,41.0,0,2,0.38666258986472024,-1.5677527631784072,-1.6053002230701332,120.0,2.0,Permanent-Fast,1,0.3285359500878309,0.3397783027439578,0.3316857471682113,82.545,80.294,HARD,2.0,Q1
GAS,Alpine,2023,Japanese Grand Prix,Suzuka,5650.500064177964,18.0,0.0031855587639248,1.632000000000005,1.1500000000000057,-0.03549999999999898,1.3970000000000056,0.05,0.0,0.05,0.08799999999999997,0.08799999999999997,0.0,35.6,49.0,0,2,0.8597424407340858,0.3567172503483611,-0.29893057527368244,50.0,2.0,Permanent-Fast,2,0.347191991956601,0.45288313869338964,0.1999248693500094,90.509,88.877,SOFT,2.0,Q2
GAS,Alpine,2023,Las Vegas Grand Prix,Las Vegas,6353.0,14.0,0.0022036832992287,0.5130000000000052,1.1500000000000057,-0.03549999999999898,1.054000000000002,0.1,0.0,0.1,0.521,0.466,0.0,16.7,61.0,1,2,1.7141965277960156,-0.7429799002383637,-1.4704238825178961,600.0,2.0,Street-Fast,3,0.28330419674170676,0.3326826757043726,0.38401312755392053,93.239,92.726,SOFT,3.0,Q3
GAS,Alpine,2023,Mexico City Grand Prix,Hermanos Rodriguez,4309.0,17.0,0.0039452309120445,1.355000000000004,1.1500000000000057,-0.03549999999999898,1.1839999999999975,0.05,0.0,0.05,0.0,0.0,0.0,44.2,27.0,0,1,-0.7719306088718323,0.0817929627016799,0.6074479515566137,2240.0,2.0,Permanent-Medium,2,0.3537142929916838,0.38703022121470687,0.25925548579360935,78.521,77.166,SOFT,2.0,Q2
GAS,Alpine,2023,Miami Grand Prix,Miami,5412.0,19.0,0.003510716925351,0.7980000000000018,1.1500000000000057,-0.03549999999999898,0.8939999999999912,0.05,0.0,0.05,0.045,0.0,0.0,42.7,59.0,1,1,0.5696536532341541,0.6316415379950423,0.08902148545382091,3.0,3.0,Street-Medium,3,0.33471442268182444,0.38014198968177876,0.28514358763639686,87.612,86.814,SOFT,2.0,Q3
GAS,Alpine,2023,Monaco Grand Prix,Monaco,2982.89347053333,19.0,0.0063696542259026,0.568000000000012,1.1500000000000057,-0.03549999999999898,1.2900000000000063,0.05,0.0,0.05,0.0,0.0,0.0,44.9,33.0,1,0,-2.3848804273745277,0.6316415379950423,3.5000710878223424,10.0,1.0,Street-Slow,3,0.2619242906593636,0.47270376600447644,0.26537194333616004,71.933,71.365,SOFT,2.0,Q3
GAS,Alpine,2023,Qatar Grand Prix,Losail,5380.0,16.0,0.0029739776951672,0.7749999999999915,1.1500000000000057,-0.03549999999999898,1.1839999999999975,0.05,0.0,0.05,0.155,0.12,0.0,34.0,57.0,0,1,0.5307318976698825,-0.1931313249450013,-0.5513717604354108,20.0,2.0,Permanent-Medium,3,0.36948422882688964,0.3367118848532873,0.29380388631982307,84.553,83.778,SOFT,2.0,Q3
GAS,Alpine,2023,Saudi Arabian Grand Prix,Jeddah,6174.0,27.0,0.0043731778425655,1.0919999999999987,1.1500000000000057,-0.03549999999999898,1.054000000000002,0.1,0.0,0.1,0.184,0.184,0.0,30.8,45.0,1,2,1.4964779576083713,2.8310358391684916,1.1180391446222482,15.0,3.0,Street-Fast,2,0.36262408093378246,0.31734503172666945,0.3200308873395481,89.357,88.265,SOFT,3.0,Q2
GAS,Alpine,2023,Singapore Grand Prix,Marina Bay,4956.5492831458605,23.0,0.0046403250903221,1.2900000000000063,1.1500000000000057,-0.03549999999999898,1.2900000000000063,0.05,0.0,0.05,0.26400000000000007,0.12400000000000005,0.0,33.8,78.0,1,0,0.01568673220387009,1.731338688581767,1.436777339075894,10.0,1.0,Street-Slow,2,0.29453583891453716,0.423456228189956,0.28200793289550685,92.274,90.984,SOFT,2.0,Q2
GAS,Alpine,2023,Spanish Grand Prix,Barcelona-Catalunya,4348.990357163425,16.0,0.003679014825509,0.5439999999999969,1.1500000000000057,-0.03549999999999898,1.1839999999999975,0.05,0.0,0.05,0.38,0.29,0.0,25.5,68.0,0,1,-0.7232901430454965,-0.1931313249450013,0.28982074233246696,110.0,1.0,Permanent-Medium,3,0.29867062184135357,0.40116183256427157,0.30016754559437486,72.816,72.272,SOFT,2.0,Q3
GAS,Alpine,2023,São Paulo Grand Prix,Interlagos,4309.0,15.0,0.0034810860988628,0.5459999999999923,1.1500000000000057,-0.03549999999999898,1.1839999999999975,0.05,0.0,0.05,0.15,0.09,0.0,35.5,62.0,0,1,-0.7719306088718323,-0.4680556125916825,0.05366841251622112,800.0,2.0,Permanent-Medium,2,0.26000821913925776,0.5064123457140023,0.23357943514674,70.567,70.021,SOFT,2.0,Q2
GAS,Alpine,2023,United States Grand Prix,COTA,5337.916050454483,20.0,0.0037467805433727,0.36599999999999966,1.1500000000000057,-0.03549999999999898,1.3970000000000056,0.05,0.0,0.05,0.004000000000000057,0.004000000000000057,0.0,39.8,13.0,0,2,0.4795449852514533,0.9065658256417235,0.37067324124127227,230.0,3.0,Permanent-Fast,3,0.2668447454490004,0.4026543553933683,0.33050089915763126,95.089,94.723,SOFT,2.0,Q3
GAS,Alpine,2024,Abu Dhabi Grand Prix,Yas Marina,5333.449274375974,21.0,0.0039374144047628,0.3889999999999958,1.4804999999999957,-0.005500000000004945,1.1839999999999975,0.05,0.0,0.05,0.289,0.22399999999999998,0.0,28.8,63.0,0,1,0.4741120237924506,1.1814901132884046,0.59812193588988,10.0,2.0,Permanent-Medium,3,0.20583485973199653,0.43226405090137865,0.3619010893666249,82.984,82.595,SOFT,2.0,Q3
GAS,Alpine,2024,Australian Grand Prix,Albert Park,4843.53245567963,14.0,0.0028904523977295,2.066999999999993,1.4804999999999957,-0.005500000000004945,0.8939999999999912,0.1,0.0,0.1,0.12000000000000001,0.1,0.0,35.0,54.0,1,1,-0.12177618446144439,-0.7429799002383637,-0.6510272976721347,31.0,2.0,Street-Medium,1,0.34516939806622043,0.2261034597727681,0.42872714216101154,77.982,75.915,SOFT,3.0,Q1
GAS,Alpine,2024,Austrian Grand Prix,Red Bull Ring,3999.68196710701,10.0,0.0025001987863632,1.0450000000000017,1.4804999999999957,-0.005500000000004945,1.3970000000000056,0.05,0.0,0.05,0.0,0.0,0.0,46.6,38.0,0,2,-1.148155635993153,-1.8426770508250885,-1.1166459125389459,700.0,2.0,Permanent-Fast,2,0.25289554613748677,0.446181857127557,0.30092259673495614,65.359,64.314,SOFT,2.0,Q2
GAS,Alpine,2024,Azerbaijan Grand Prix,Baku City,4978.250124294395,20.0,0.0040174759203837,1.722999999999999,1.4804999999999957,-0.005500000000004945,1.054000000000002,0.05,0.0,0.05,0.045999999999999944,0.045999999999999944,0.0,37.7,38.0,1,2,0.042081570788943895,0.9065658256417235,0.6936447726344993,28.0,2.0,Street-Fast,2,0.35285387241968025,0.4057019245693,0.2414442030110197,103.088,101.365,SOFT,2.0,Q2
GAS,Alpine,2024,Bahrain Grand Prix,Bahrain International,5006.652008539475,15.0,0.0029960140977275,1.782999999999987,1.4804999999999957,-0.005500000000004945,1.1839999999999975,0.05,0.0,0.05,0.368,0.368,0.0,21.6,47.0,0,1,0.07662692066868529,-0.4680556125916825,-0.5250797315138804,35.0,2.0,Permanent-Medium,1,0.32049082992479216,0.42849760302590484,0.2510115670493029,90.948,89.165,SOFT,2.0,Q1
GAS,Alpine,2024,Belgian Grand Prix,Spa-Francorchamps,6775.131165030146,19.0,0.0028043737511782,1.475999999999999,1.4804999999999957,-0.005500000000004945,1.3970000000000056,1.55,1.5,0.05,4.0760000000000005,0.36600000000000005,3.5,21.7,92.0,0,2,2.227636715963657,0.6316415379950423,-0.7537292817396346,300.0,2.0,Permanent-Fast,2,0.2815719457408296,0.4510577048894317,0.26737034936973875,114.635,113.159,INTERMEDIATE,2.0,Q2
GAS,Alpine,2024,British Grand Prix,Silverstone,5729.156782444218,18.0,0.003141823602237,13.985,1.4804999999999957,-0.005500000000004945,1.3970000000000056,1.55,1.5,0.05,0.478,0.33799999999999997,0.0,23.1,78.0,0,2,0.9554129895418016,0.3567172503483611,-0.3511117846537936,140.0,2.0,Permanent-Fast,1,0.31679091018396055,0.4058554767343994,0.27735361308164,99.804,85.819,INTERMEDIATE,2.0,Q1
GAS,Alpine,2024,Canadian Grand Prix,Gilles Villeneuve,3927.405044134453,14.0,0.0035646947138566,1.1979999999999933,1.4804999999999957,-0.005500000000004945,1.1839999999999975,0.1,0.0,0.1,0.251,0.18600000000000003,0.0,30.7,63.0,0,1,-1.2360664087705144,-0.7429799002383637,0.15342335743024896,22.0,2.0,Permanent-Medium,2,0.2802988757883192,0.31669865642994244,0.4030024677817384,72.94,71.742,SOFT,3.0,Q2
GAS,Alpine,2024,Chinese Grand Prix,Shanghai International,5161.238099433068,16.0,0.0031000313668453,1.6270000000000095,1.4804999999999957,-0.005500000000004945,1.3970000000000056,0.05,0.0,0.05,0.13799999999999996,0.10799999999999997,0.0,34.6,56.0,0,2,0.2646507345248319,-0.1931313249450013,-0.4009748536645922,5.0,3.0,Permanent-Fast,2,0.2641178754709457,0.3018669912999674,0.43401513322908686,95.287,93.66,SOFT,2.0,Q2
GAS,Alpine,2024,Dutch Grand Prix,Zandvoort,4259.0,14.0,0.0032871566095327,1.141999999999996,1.4804999999999957,-0.005500000000004945,1.1839999999999975,0.05,0.0,0.05,0.313,0.22799999999999998,0.0,28.6,67.0,0,1,-0.8327458519410066,-0.7429799002383637,-0.1777123552044761,2.0,2.0,Permanent-Medium,3,0.34093059380074847,0.35661936030502017,0.30245004589423147,70.815,69.673,SOFT,2.0,Q3
GAS,Alpine,2024,Emilia Romagna Grand Prix,Imola,4909.0,19.0,0.003870442045223,1.2690000000000055,1.4804999999999957,-0.005500000000004945,1.1839999999999975,0.05,0.0,0.05,0.0,0.0,0.0,42.5,42.0,0,1,-0.04214769204173995,0.6316415379950423,0.5182160070911476,37.0,1.0,Permanent-Medium,2,0.31695060185489704,0.34547128856146814,0.3375781095836348,76.015,74.746,SOFT,2.0,Q2
GAS,Alpine,2024,Hungarian Grand Prix,Hungaroring,4122.248439558155,14.0,0.0033962048152295,2.938999999999993,1.4804999999999957,-0.005500000000004945,1.8344999999999985,0.05,0.0,0.05,3.789,0.204,3.5,29.8,67.0,0,0,-0.9990774397082004,-0.7429799002383637,-0.04760497628108983,150.0,1.0,Permanent-Slow,1,0.36526111096896346,0.3552183813934447,0.2795205076375918,78.166,75.227,SOFT,2.0,Q1
GAS,Alpine,2024,Italian Grand Prix,Monza,5261.551646812222,11.0,0.0020906380357711,1.4110000000000014,1.4804999999999957,-0.005500000000004945,1.3970000000000056,0.2,0.0,0.2,0.0,0.0,0.0,49.3,37.0,0,2,0.38666258986472024,-1.5677527631784072,-1.6053002230701332,120.0,2.0,Permanent-Fast,2,0.3290024523768238,0.33767247145086576,0.33332507617231044,80.738,79.327,SOFT,5.0,Q2
GAS,Alpine,2024,Japanese Grand Prix,Suzuka,5650.500064177964,18.0,0.0031855587639248,1.921999999999997,1.4804999999999957,-0.005500000000004945,1.3970000000000056,0.05,0.0,0.05,0.29600000000000004,0.266,0.0,26.7,56.0,0,2,0.8597424407340858,0.3567172503483611,-0.29893057527368244,50.0,2.0,Permanent-Fast,1,0.3491827472564054,0.4512034088261077,0.19961384391748688,90.119,88.197,SOFT,2.0,Q1
GAS,Alpine,2024,Las Vegas Grand Prix,Las Vegas,6353.0,14.0,0.0022036832992287,0.35200000000000387,1.4804999999999957,-0.005500000000004945,1.054000000000002,0.1,0.0,0.1,0.528,0.528,0.0,13.6,26.0,1,2,1.7141965277960156,-0.7429799002383637,-1.4704238825178961,600.0,2.0,Street-Fast,3,0.2829793663126996,0.33376500043166707,0.3832556332556332,92.664,92.312,SOFT,3.0,Q3
GAS,Alpine,2024,Mexico City Grand Prix,Hermanos Rodriguez,4309.0,17.0,0.0039452309120445,0.945999999999998,1.4804999999999957,-0.005500000000004945,1.1839999999999975,0.05,0.0,0.05,0.09400000000000006,0.09400000000000006,0.0,35.3,42.0,0,1,-0.7719306088718323,0.0817929627016799,0.6074479515566137,2240.0,2.0,Permanent-Medium,3,0.3566040680434896,0.38476044321906056,0.25863548873744996,76.892,75.946,SOFT,2.0,Q3
GAS,Alpine,2024,Miami Grand Prix,Miami,5412.0,19.0,0.003510716925351,0.7349999999999994,1.4804999999999957,-0.005500000000004945,0.8939999999999912,0.05,0.0,0.05,0.03,0.0,0.0,47.2,56.0,1,1,0.5696536532341541,0.6316415379950423,0.08902148545382091,3.0,3.0,Street-Medium,3,0.33343184504864964,0.38197917613894694,0.28458897881240336,87.976,87.241,SOFT,2.0,Q3
GAS,Alpine,2024,Monaco Grand Prix,Monaco,2982.89347053333,19.0,0.0063696542259026,0.6260000000000048,1.4804999999999957,-0.005500000000004945,1.2900000000000063,0.1,0.0,0.1,0.055,0.0,0.0,43.1,61.0,1,0,-2.3848804273745277,0.6316415379950423,3.5000710878223424,10.0,1.0,Street-Slow,3,0.26067761227713837,0.47186018957345977,0.2674621981494019,70.896,70.27,SOFT,3.0,Q3
GAS,Alpine,2024,Qatar Grand Prix,Losail,5380.0,16.0,0.0029739776951672,0.9170000000000016,1.4804999999999957,-0.005500000000004945,1.1839999999999975,0.1,0.0,0.1,0.418,0.368,0.0,21.6,60.0,0,1,0.5307318976698825,-0.1931313249450013,-0.5513717604354108,20.0,2.0,Permanent-Medium,2,0.36914424647273353,0.33844566965875467,0.29241008386851186,81.437,80.52,SOFT,3.0,Q2
GAS,Alpine,2024,Saudi Arabian Grand Prix,Jeddah,6174.0,27.0,0.0043731778425655,2.007000000000005,1.4804999999999957,-0.005500000000004945,1.054000000000002,0.2,0.0,0.2,0.19399999999999998,0.16399999999999998,0.0,31.8,56.0,1,2,1.4964779576083713,2.8310358391684916,1.1180391446222482,15.0,3.0,Street-Fast,1,0.3634148794689257,0.31704645782809376,0.3195386627029806,89.479,87.472,SOFT,5.0,Q1
GAS,Alpine,2024,Singapore Grand Prix,Marina Bay,4956.5492831458605,23.0,0.0046403250903221,1.786999999999992,1.4804999999999957,-0.005500000000004945,1.2900000000000063,0.05,0.0,0.05,0.30700000000000005,0.16200000000000003,0.0,31.9,79.0,1,0,0.01568673220387009,1.731338688581767,1.436777339075894,10.0,1.0,Street-Slow,1,0.29665323287191164,0.4223760294375328,0.2809707376905554,91.312,89.525,SOFT,2.0,Q1
GAS,Alpine,2024,Spanish Grand Prix,Barcelona-Catalunya,4348.990357163425,16.0,0.003679014825509,0.47400000000000375,1.4804999999999957,-0.005500000000004945,1.1839999999999975,0.05,0.0,0.05,0.175,0.08,0.0,36.0,69.0,0,1,-0.7232901430454965,-0.1931313249450013,0.28982074233246696,110.0,1.0,Permanent-Medium,3,0.299859443060523,0.3990842924141002,0.30105626452537676,71.857,71.383,SOFT,2.0,Q3
GAS,Alpine,2024,São Paulo Grand Prix,Interlagos,4309.0,15.0,0.0034810860988628,6.015000000000001,1.4804999999999957,-0.005500000000004945,1.1839999999999975,3.05,2.5,0.55,4.058,0.348,3.5,22.6,92.0,0,1,-0.7719306088718323,-0.4680556125916825,0.05366841251622112,800.0,2.0,Permanent-Medium,2,0.2535786177588906,0.5340863341534332,0.21233504808767611,89.42,83.405,WET,12.0,Q2
GAS,Alpine,2024,United States Grand Prix,COTA,5337.916050454483,20.0,0.0037467805433727,0.6880000000000024,1.4804999999999957,-0.005500000000004945,1.3970000000000056,0.2,0.0,0.2,0.07200000000000004,0.07200000000000004,0.0,36.4,38.0,0,2,0.4795449852514533,0.9065658256417235,0.37067324124127227,230.0,3.0,Permanent-Fast,3,0.2704745318110473,0.4012986733750457,0.328226794813907,93.018,92.33,SOFT,5.0,Q3
GAS,RB,2019,Abu Dhabi Grand Prix,Yas Marina,5333.449274375974,21.0,0.0039374144047628,2.3100000000000023,1.8175000000000026,0.13299999999999557,1.1839999999999975,0.05,0.0,0.05,0.308,0.22799999999999998,0.0,28.6,66.0,0,1,0.4741120237924506,1.1814901132884046,0.59812193588988,10.0,2.0,Permanent-Medium,2,0.17707464285346436,0.4266188754647798,0.39630648168175586,97.089,94.779,SOFT,2.0,Q2
GAS,RB,2019,Belgian Grand Prix,Spa-Francorchamps,6775.131165030146,19.0,0.0028043737511782,3.915999999999997,1.8175000000000026,0.13299999999999557,1.3970000000000056,0.05,0.0,0.05,0.0,0.0,0.0,41.3,36.9,0,2,2.227636715963657,0.6316415379950423,-0.7537292817396346,300.0,2.0,Permanent-Fast,1,0.29412317376802743,0.429003617231174,0.2768732090007986,106.435,102.519,SOFT,2.0,Q1
GAS,RB,2019,Brazilian Grand Prix,Interlagos,4309.0,15.0,0.0034810860988628,1.266999999999996,1.8175000000000026,0.13299999999999557,1.1839999999999975,0.05,0.0,0.05,0.19449999999999995,0.11599999999999995,0.0,34.2,65.7,0,1,-0.7719306088718323,-0.4680556125916825,0.05366841251622112,800.0,2.0,Permanent-Medium,3,0.25844118074741895,0.5091755125781591,0.232383306674422,68.77,67.503,SOFT,2.0,Q3
GAS,RB,2019,Italian Grand Prix,Monza,5261.551646812222,11.0,0.0020906380357711,1.2009999999999934,1.8175000000000026,0.13299999999999557,1.3970000000000056,0.05,0.0,0.05,0.04149999999999999,0.04,0.0,38.0,50.3,0,2,0.38666258986472024,-1.5677527631784072,-1.6053002230701332,120.0,2.0,Permanent-Fast,3,0.3359914542654146,0.3292467829284046,0.3347617628061807,80.508,79.307,SOFT,2.0,Q3
GAS,RB,2019,Japanese Grand Prix,Suzuka,5650.500064177964,18.0,0.0031855587639248,1.7150000000000034,1.8175000000000026,0.13299999999999557,1.3970000000000056,0.05,0.0,0.05,0.10850000000000001,0.05200000000000003,0.0,37.4,61.3,0,2,0.8597424407340858,0.3567172503483611,-0.29893057527368244,50.0,2.0,Permanent-Fast,3,0.3478863244686244,0.4526858829227633,0.19942779260861238,88.779,87.064,SOFT,2.0,Q3
GAS,RB,2019,Mexican Grand Prix,Hermanos Rodriguez,4309.0,17.0,0.0039452309120445,1.828000000000003,1.8175000000000026,0.13299999999999557,1.1839999999999975,0.05,0.0,0.05,0.11850000000000006,0.10400000000000006,0.0,34.8,52.9,0,1,-0.7719306088718323,0.0817929627016799,0.6074479515566137,2240.0,2.0,Permanent-Medium,3,0.35411171754628784,0.3851226072650354,0.26076567518867677,76.586,74.758,SOFT,2.0,Q3
GAS,RB,2019,Russian Grand Prix,Sochi Autodrom,5760.2985642132535,18.0,0.0031248380269432,2.3220000000000027,1.8175000000000026,0.13299999999999557,1.1839999999999975,0.05,0.0,0.05,0.24200000000000005,0.18600000000000003,0.0,30.7,61.2,0,1,0.993290890099623,0.3567172503483611,-0.37137758056360215,5.0,2.0,Permanent-Medium,2,0.3656306546035125,0.3419159127195317,0.29245343267695584,93.95,91.628,SOFT,2.0,Q2
GAS,RB,2019,Singapore Grand Prix,Marina Bay,4956.5492831458605,23.0,0.0046403250903221,2.4819999999999993,1.8175000000000026,0.13299999999999557,1.2900000000000063,0.05,0.0,0.05,0.17750000000000005,0.12200000000000003,0.0,33.9,61.1,1,0,0.01568673220387009,1.731338688581767,1.436777339075894,10.0,1.0,Street-Slow,2,0.2755954974214531,0.3856574028105655,0.3387470997679814,98.699,96.217,SOFT,2.0,Q2
GAS,RB,2019,United States Grand Prix,COTA,5337.916050454483,20.0,0.0037467805433727,1.527000000000001,1.8175000000000026,0.13299999999999557,1.3970000000000056,0.05,0.0,0.05,0.272,0.272,0.0,26.4,25.1,0,2,0.4795449852514533,0.9065658256417235,0.37067324124127227,230.0,3.0,Permanent-Fast,3,0.26914361451964597,0.3984992945401684,0.33235709094018556,93.556,92.029,SOFT,2.0,Q3
GAS,RB,2020,70th Anniversary Grand Prix,Silverstone,5729.156782444218,18.0,0.003141823602237,1.3689999999999998,1.429000000000002,-0.12449999999999761,1.3970000000000056,0.45,0.4,0.05,0.020500000000000008,0.0,0.0,40.2,54.1,0,2,0.9554129895418016,0.3567172503483611,-0.3511117846537936,140.0,2.0,Permanent-Fast,3,0.3211862741698739,0.4057071530113381,0.2731065728187881,86.523,85.154,MEDIUM,2.0,Q3
GAS,RB,2020,Abu Dhabi Grand Prix,Yas Marina,5333.449274375974,21.0,0.0039374144047628,0.9960000000000093,1.429000000000002,-0.12449999999999761,1.1839999999999975,0.05,0.0,0.05,0.319,0.256,0.0,27.2,62.6,0,1,0.4741120237924506,1.1814901132884046,0.59812193588988,10.0,2.0,Permanent-Medium,2,0.17816545790818974,0.4275783961264313,0.39425614596537895,96.242,95.246,SOFT,2.0,Q2
GAS,RB,2020,Austrian Grand Prix,Red Bull Ring,3999.68196710701,10.0,0.0025001987863632,1.3660000000000068,1.429000000000002,-0.12449999999999761,1.3970000000000056,0.05,0.0,0.05,0.0,0.0,0.0,49.0,34.0,0,2,-1.148155635993153,-1.8426770508250885,-1.1166459125389459,700.0,2.0,Permanent-Fast,2,0.2530129849933909,0.44273384651271286,0.30425316849389633,64.305,62.939,SOFT,2.0,Q2
GAS,RB,2020,Bahrain Grand Prix,Bahrain International,5006.652008539475,15.0,0.0029960140977275,1.1839999999999975,1.429000000000002,-0.12449999999999761,1.1839999999999975,0.05,0.0,0.05,0.30200000000000005,0.256,0.0,27.2,59.2,0,1,0.07662692066868529,-0.4680556125916825,-0.5250797315138804,35.0,2.0,Permanent-Medium,3,0.3182321816208393,0.43052414978292325,0.2512436685962373,88.448,87.264,SOFT,2.0,Q3
GAS,RB,2020,Belgian Grand Prix,Spa-Francorchamps,6775.131165030146,19.0,0.0028043737511782,1.4930000000000092,1.429000000000002,-0.12449999999999761,1.3970000000000056,0.05,0.0,0.05,0.37,0.306,0.0,24.7,62.8,0,2,2.227636715963657,0.6316415379950423,-0.7537292817396346,300.0,2.0,Permanent-Fast,2,0.29329894398754197,0.4294223563190423,0.27727869969341573,102.745,101.252,SOFT,2.0,Q2
GAS,RB,2020,British Grand Prix,Silverstone,5729.156782444218,18.0,0.003141823602237,2.0400000000000063,1.429000000000002,-0.12449999999999761,1.3970000000000056,0.05,0.0,0.05,0.03500000000000007,0.014000000000000058,0.0,39.3,54.2,0,2,0.9554129895418016,0.3567172503483611,-0.3511117846537936,140.0,2.0,Permanent-Fast,2,0.323129842604496,0.4036575055302688,0.27321265186523513,86.343,84.303,SOFT,2.0,Q2
GAS,RB,2020,Eifel Grand Prix,Hockenheimring,4317.957322804004,17.0,0.0039370467860392,1.5069999999999908,1.429000000000002,-0.12449999999999761,1.1839999999999975,0.05,0.0,0.05,0.508,0.47000000000000003,0.0,16.5,57.6,0,1,-0.7610357736003405,0.0817929627016799,0.5976833233674174,100.0,2.0,Permanent-Medium,2,0.3254817000092192,0.41607126394394767,0.2584470360468333,86.776,85.269,SOFT,2.0,Q2
GAS,RB,2020,Emilia Romagna Grand Prix,Imola,4909.0,19.0,0.003870442045223,0.8930000000000007,1.429000000000002,-0.12449999999999761,1.1839999999999975,0.05,0.0,0.05,0.40650000000000003,0.318,0.0,24.1,67.7,0,1,-0.04214769204173995,0.6316415379950423,0.5182160070911476,37.0,1.0,Permanent-Medium,3,0.3187699659069555,0.3437760060132614,0.3374540280797831,74.502,73.609,SOFT,2.0,Q3
GAS,RB,2020,Hungarian Grand Prix,Hungaroring,4122.248439558155,14.0,0.0033962048152295,2.060999999999993,1.429000000000002,-0.12449999999999761,1.8344999999999985,0.05,0.0,0.05,0.37350000000000005,0.254,0.0,27.3,73.9,0,0,-0.9990774397082004,-0.7429799002383637,-0.04760497628108983,150.0,1.0,Permanent-Slow,3,0.36540499019971395,0.3526248874291466,0.2819701223711395,75.508,73.447,SOFT,2.0,Q3
GAS,RB,2020,Italian Grand Prix,Monza,5261.551646812222,11.0,0.0020906380357711,1.0220000000000056,1.429000000000002,-0.12449999999999761,1.3970000000000056,0.05,0.0,0.05,0.0,0.0,0.0,45.3,42.0,0,2,0.38666258986472024,-1.5677527631784072,-1.6053002230701332,120.0,2.0,Permanent-Fast,3,0.3366454341813814,0.3344929857713149,0.3288615800473038,79.909,78.887,SOFT,2.0,Q3
GAS,RB,2020,Portuguese Grand Prix,Portimao,4653.0,15.0,0.0032237266279819,0.7430000000000092,1.429000000000002,-0.12449999999999761,1.1839999999999975,0.15000000000000002,0.0,0.15000000000000002,0.08799999999999997,0.08799999999999997,0.0,35.6,49.2,0,1,-0.3535217365559127,-0.4680556125916825,-0.25339180900199537,90.0,1.0,Permanent-Medium,3,0.2901216179460943,0.38402258804025435,0.3258557940136512,77.209,76.466,SOFT,4.0,Q3
GAS,RB,2020,Russian Grand Prix,Sochi Autodrom,5760.2985642132535,18.0,0.0031248380269432,1.695999999999998,1.429000000000002,-0.12449999999999761,1.1839999999999975,0.05,0.0,0.05,0.18650000000000003,0.166,0.0,31.7,54.1,0,1,0.993290890099623,0.3567172503483611,-0.37137758056360215,5.0,2.0,Permanent-Medium,3,0.3659032258064516,0.3439139784946237,0.2901827956989247,93.0,91.304,SOFT,2.0,Q3
GAS,RB,2020,Sakhir Grand Prix,Bahrain International,5006.652008539475,15.0,0.0029960140977275,0.5640000000000001,1.429000000000002,-0.12449999999999761,1.1839999999999975,0.05,0.0,0.05,0.40750000000000003,0.27,0.0,26.5,77.5,0,1,0.07662692066868529,-0.4680556125916825,-0.5250797315138804,35.0,2.0,Permanent-Medium,3,0.3459149811831445,0.3481396340446043,0.30594538477225114,53.941,53.377,SOFT,2.0,Q3
GAS,RB,2020,Spanish Grand Prix,Barcelona-Catalunya,4348.990357163425,16.0,0.003679014825509,1.215999999999994,1.429000000000002,-0.12449999999999761,1.1839999999999975,0.05,0.0,0.05,0.008500000000000014,0.0,0.0,49.3,51.7,0,1,-0.7232901430454965,-0.1931313249450013,0.28982074233246696,110.0,1.0,Permanent-Medium,3,0.2806901041666667,0.37109375,0.3482161458333333,76.8,75.584,SOFT,2.0,Q3
GAS,RB,2020,Styrian Grand Prix,Red Bull Ring,3999.68196710701,10.0,0.0025001987863632,0.9189999999999969,1.429000000000002,-0.12449999999999761,1.3970000000000056,3.0,2.5,0.5,4.1045,0.41000000000000003,3.5,19.5,88.9,0,2,-1.148155635993153,-1.8426770508250885,-1.1166459125389459,700.0,2.0,Permanent-Fast,3,0.24470435842730873,0.4446941989230926,0.31060144264959866,78.744,77.825,WET,11.0,Q3
GAS,RB,2020,Turkish Grand Prix,Istanbul Park,5338.0,14.0,0.0026227051330086,10.790999999999997,1.429000000000002,-0.12449999999999761,1.3970000000000056,2.6,2.5,0.1,0.724,0.526,0.0,13.7,89.6,0,2,0.47964709349177603,-0.7429799002383637,-0.9704813831763092,130.0,1.0,Permanent-Fast,2,0.3801747697290732,0.35514018691588783,0.26468504335503895,118.556,107.765,WET,3.0,Q2
GAS,RB,2020,Tuscan Grand Prix,Mugello,5245.0,15.0,0.0028598665395614,1.9809999999999945,1.429000000000002,-0.12449999999999761,1.3970000000000056,0.05,0.0,0.05,0.0,0.0,0.0,44.9,41.1,0,2,0.36653074138311176,-0.4680556125916825,-0.6875198361136977,255.0,1.0,Permanent-Fast,1,0.35910534846029174,0.27491734197730955,0.3659773095623987,77.125,75.144,SOFT,2.0,Q1
GAS,RB,2021,Abu Dhabi Grand Prix,Yas Marina,5333.449274375974,21.0,0.0039374144047628,1.3800000000000097,1.1407500000000006,-0.2459999999999951,1.1839999999999975,0.05,0.0,0.05,0.23950000000000002,0.21200000000000002,0.0,29.4,55.5,0,1,0.4741120237924506,1.1814901132884046,0.59812193588988,10.0,2.0,Permanent-Medium,2,0.2069134856088826,0.43188923091664766,0.36119728347446967,83.489,82.109,SOFT,2.0,Q2
GAS,RB,2021,Austrian Grand Prix,Red Bull Ring,3999.68196710701,10.0,0.0025001987863632,0.38700000000000045,1.1407500000000006,-0.2459999999999951,1.3970000000000056,0.05,0.0,0.05,0.0,0.0,0.0,52.1,25.6,0,2,-1.148155635993153,-1.8426770508250885,-1.1166459125389459,700.0,2.0,Permanent-Fast,3,0.25256212270110906,0.445239989392734,0.3021978879061569,64.107,63.72,SOFT,2.0,Q3
GAS,RB,2021,Azerbaijan Grand Prix,Baku City,4978.250124294395,20.0,0.0040174759203837,0.3469999999999942,1.1407500000000006,-0.2459999999999951,1.054000000000002,0.05,0.0,0.05,0.0014999999999999857,0.0,0.0,43.9,50.3,1,2,0.042081570788943895,0.9065658256417235,0.6936447726344993,28.0,2.0,Street-Fast,3,0.3488603357455817,0.39972431447841283,0.25141534977600555,101.565,101.218,SOFT,2.0,Q3
GAS,RB,2021,Bahrain Grand Prix,Bahrain International,5006.652008539475,15.0,0.0029960140977275,0.8119999999999976,1.1407500000000006,-0.2459999999999951,1.1839999999999975,0.05,0.0,0.05,0.14400000000000007,0.14400000000000007,0.0,32.8,44.5,0,1,0.07662692066868529,-0.4680556125916825,-0.5250797315138804,35.0,2.0,Permanent-Medium,3,0.31828658597690657,0.430446837176675,0.2512665768464185,89.809,88.997,SOFT,2.0,Q3
GAS,RB,2021,Belgian Grand Prix,Spa-Francorchamps,6775.131165030146,19.0,0.0028043737511782,0.41499999999999204,1.1407500000000006,-0.2459999999999951,1.3970000000000056,1.55,1.5,0.05,0.6575,0.452,0.0,17.4,91.1,0,2,2.227636715963657,0.6316415379950423,-0.7537292817396346,300.0,2.0,Permanent-Fast,3,0.27768807969769843,0.45222432153899,0.2700875987633116,116.44,116.025,INTERMEDIATE,2.0,Q3
GAS,RB,2021,British Grand Prix,Silverstone,5729.156782444218,18.0,0.003141823602237,1.25,1.1407500000000006,-0.2459999999999951,1.3970000000000056,0.05,0.0,0.05,0.06899999999999999,0.04,0.0,38.0,55.8,0,2,0.9554129895418016,0.3567172503483611,-0.3511117846537936,140.0,2.0,Permanent-Fast,2,0.31683338489567214,0.40703310302155304,0.2761335120827747,87.273,86.023,SOFT,2.0,Q2
GAS,RB,2021,Dutch Grand Prix,Zandvoort,4259.0,14.0,0.0032871566095327,0.5929999999999893,1.1407500000000006,-0.2459999999999951,1.1839999999999975,0.05,0.0,0.05,0.15050000000000002,0.1,0.0,35.0,60.1,0,1,-0.8327458519410066,-0.7429799002383637,-0.1777123552044761,2.0,2.0,Permanent-Medium,3,0.3475632574340079,0.34235297504245954,0.31008376752353267,69.478,68.885,SOFT,2.0,Q3
GAS,RB,2021,Emilia Romagna Grand Prix,Imola,4909.0,19.0,0.003870442045223,0.3790000000000049,1.1407500000000006,-0.2459999999999951,1.1839999999999975,0.05,0.0,0.05,0.16799999999999998,0.16799999999999998,0.0,31.6,34.9,0,1,-0.04214769204173995,0.6316415379950423,0.5182160070911476,37.0,1.0,Permanent-Medium,3,0.31830458617462226,0.34567455542184783,0.33602085840352985,74.79,74.411,SOFT,2.0,Q3
GAS,RB,2021,French Grand Prix,Paul Ricard,5247.8799638259,15.0,0.0028582970844219,0.8780000000000001,1.1407500000000006,-0.2459999999999951,1.3970000000000056,0.05,0.0,0.05,0.0,0.0,0.0,42.0,44.2,0,2,0.37003365538516214,-0.4680556125916825,-0.6893923813172924,40.0,3.0,Permanent-Fast,3,0.24746885592287712,0.30582823436193163,0.4467029097151913,90.868,89.99,SOFT,2.0,Q3
GAS,RB,2021,Hungarian Grand Prix,Hungaroring,4122.248439558155,14.0,0.0033962048152295,0.9750000000000085,1.1407500000000006,-0.2459999999999951,1.8344999999999985,0.05,0.0,0.05,0.0,0.0,0.0,59.9,45.0,0,0,-0.9990774397082004,-0.7429799002383637,-0.04760497628108983,150.0,1.0,Permanent-Slow,3,0.3623452103568343,0.3543472000418881,0.28330758960127755,76.394,75.419,SOFT,2.0,Q3
GAS,RB,2021,Italian Grand Prix,Monza,5261.551646812222,11.0,0.0020906380357711,0.7049999999999983,1.1407500000000006,-0.2459999999999951,1.3970000000000056,0.05,0.0,0.05,0.19,0.19,0.0,30.5,43.7,0,2,0.38666258986472024,-1.5677527631784072,-1.6053002230701332,120.0,2.0,Permanent-Fast,3,0.3367555444804386,0.33159730874657367,0.3316471467729878,80.26,79.555,SOFT,2.0,Q3
GAS,RB,2021,Mexico City Grand Prix,Hermanos Rodriguez,4309.0,17.0,0.0039452309120445,0.5810000000000031,1.1407500000000006,-0.2459999999999951,1.1839999999999975,0.05,0.0,0.05,0.0,0.0,0.0,44.3,19.6,0,1,-0.7719306088718323,0.0817929627016799,0.6074479515566137,2240.0,2.0,Permanent-Medium,3,0.35419064560008373,0.38545045516375437,0.260358899236162,76.456,75.875,SOFT,2.0,Q3
GAS,RB,2021,Monaco Grand Prix,Monaco,2982.89347053333,19.0,0.0063696542259026,0.554000000000002,1.1407500000000006,-0.2459999999999951,1.2900000000000063,0.15000000000000002,0.0,0.15000000000000002,0.3135,0.19,0.0,30.5,74.7,1,0,-2.3848804273745277,0.6316415379950423,3.5000710878223424,10.0,1.0,Street-Slow,3,0.26437235543018334,0.46785613540197457,0.267771509167842,70.9,70.346,SOFT,4.0,Q3
GAS,RB,2021,Portuguese Grand Prix,Portimao,4653.0,15.0,0.0032237266279819,1.0840000000000032,1.1407500000000006,-0.2459999999999951,1.1839999999999975,0.1,0.0,0.1,0.06799999999999998,0.06799999999999998,0.0,36.6,42.6,0,1,-0.3535217365559127,-0.4680556125916825,-0.25339180900199537,90.0,1.0,Permanent-Medium,3,0.288986995901432,0.38184992157061176,0.32916308252795634,79.052,77.968,SOFT,3.0,Q3
GAS,RB,2021,Qatar Grand Prix,Losail,5380.0,16.0,0.0029739776951672,0.8130000000000024,1.1407500000000006,-0.2459999999999951,1.1839999999999975,0.05,0.0,0.05,0.3175,0.22799999999999998,0.0,28.6,67.9,0,1,0.5307318976698825,-0.1931313249450013,-0.5513717604354108,20.0,2.0,Permanent-Medium,3,0.32800097991180793,0.33399069083782457,0.33800832925036745,81.64,80.827,SOFT,2.0,Q3
GAS,RB,2021,Russian Grand Prix,Sochi Autodrom,5760.2985642132535,18.0,0.0031248380269432,4.64800000000001,1.1407500000000006,-0.2459999999999951,1.1839999999999975,1.85,1.5,0.35000000000000003,0.624,0.484,0.0,15.8,78.0,0,1,0.993290890099623,0.3567172503483611,-0.37137758056360215,5.0,2.0,Permanent-Medium,2,0.35271612231693245,0.3443891186316707,0.30289475905139673,106.641,101.993,INTERMEDIATE,8.0,Q2
GAS,RB,2021,Saudi Arabian Grand Prix,Jeddah,6174.0,27.0,0.0043731778425655,0.6140000000000043,1.1407500000000006,-0.2459999999999951,1.054000000000002,0.05,0.0,0.05,0.31,0.19399999999999998,0.0,30.3,73.2,1,2,1.4964779576083713,2.8310358391684916,1.1180391446222482,15.0,3.0,Street-Fast,3,0.3643914893617021,0.32005673758865244,0.3155517730496454,88.125,87.511,SOFT,2.0,Q3
GAS,RB,2021,Spanish Grand Prix,Barcelona-Catalunya,4348.990357163425,16.0,0.003679014825509,1.2409999999999997,1.1407500000000006,-0.2459999999999951,1.1839999999999975,0.05,0.0,0.05,0.0,0.0,0.0,43.7,47.9,0,1,-0.7232901430454965,-0.1931313249450013,0.28982074233246696,110.0,1.0,Permanent-Medium,2,0.2825908542997102,0.3719063373599036,0.34550280834038627,77.982,76.741,SOFT,2.0,Q2
GAS,RB,2021,Styrian Grand Prix,Red Bull Ring,3999.68196710701,10.0,0.0025001987863632,0.3950000000000031,1.1407500000000006,-0.2459999999999951,1.3970000000000056,0.05,0.0,0.05,0.0,0.0,0.0,52.2,27.4,0,2,-1.148155635993153,-1.8426770508250885,-1.1166459125389459,700.0,2.0,Permanent-Fast,3,0.2525219503082384,0.4435051995765614,0.3039728501152002,64.236,63.841,SOFT,2.0,Q3
GAS,RB,2021,São Paulo Grand Prix,Interlagos,4309.0,15.0,0.0034810860988628,0.8430000000000035,1.1407500000000006,-0.2459999999999951,1.1839999999999975,0.05,0.0,0.05,0.48,0.32,0.0,24.0,82.0,0,1,-0.7719306088718323,-0.4680556125916825,0.05366841251622112,800.0,2.0,Permanent-Medium,3,0.25748433342541843,0.507349840789799,0.23516582578478273,68.777,67.934,SOFT,2.0,Q3
GAS,RB,2021,Turkish Grand Prix,Istanbul Park,5338.0,14.0,0.0026227051330086,0.4579999999999984,1.1407500000000006,-0.2459999999999951,1.3970000000000056,0.05,0.0,0.05,0.48650000000000004,0.324,0.0,23.8,82.5,0,2,0.47964709349177603,-0.7429799002383637,-0.9704813831763092,130.0,1.0,Permanent-Fast,3,0.36856443367016295,0.3523630079446991,0.2790725583851379,83.326,82.868,SOFT,2.0,Q3
GAS,RB,2021,United States Grand Prix,COTA,5337.916050454483,20.0,0.0037467805433727,1.2079999999999984,1.1407500000000006,-0.2459999999999951,1.3970000000000056,0.05,0.0,0.05,0.15400000000000003,0.11200000000000003,0.0,34.4,58.4,0,2,0.4795449852514533,0.9065658256417235,0.37067324124127227,230.0,3.0,Permanent-Fast,3,0.267663996260014,0.4005184980556323,0.3318175056843537,94.118,92.91,SOFT,2.0,Q3
GAS,RB,2022,Abu Dhabi Grand Prix,Yas Marina,5333.449274375974,21.0,0.0039374144047628,2.0349999999999966,1.8532499999999956,-0.0519999999999996,1.1839999999999975,0.05,0.0,0.05,0.21299999999999997,0.11799999999999998,0.0,34.1,69.0,0,1,0.4741120237924506,1.1814901132884046,0.59812193588988,10.0,2.0,Permanent-Medium,1,0.20450971942370633,0.4292386354371703,0.3662516451391235,85.859,83.824,SOFT,2.0,Q1
GAS,RB,2022,Australian Grand Prix,Albert Park,4843.53245567963,14.0,0.0028904523977295,1.358000000000004,1.8532499999999956,-0.0519999999999996,0.8939999999999912,0.2,0.0,0.2,0.265,0.22,0.0,29.0,59.0,1,1,-0.12177618446144439,-0.7429799002383637,-0.6510272976721347,31.0,2.0,Street-Medium,2,0.34479842475954864,0.22828364425819805,0.42691793098225334,79.226,77.868,SOFT,5.0,Q2
GAS,RB,2022,Austrian Grand Prix,Red Bull Ring,3999.68196710701,10.0,0.0025001987863632,1.176000000000002,1.8532499999999956,-0.0519999999999996,1.3970000000000056,0.05,0.0,0.05,0.08,0.08,0.0,36.0,35.0,0,2,-1.148155635993153,-1.8426770508250885,-1.1166459125389459,700.0,2.0,Permanent-Fast,2,0.25337061668681987,0.4449214026602177,0.3017079806529625,66.16,64.984,SOFT,2.0,Q2
GAS,RB,2022,Azerbaijan Grand Prix,Baku City,4978.250124294395,20.0,0.0040174759203837,1.4860000000000042,1.8532499999999956,-0.0519999999999996,1.054000000000002,0.2,0.0,0.2,0.21900000000000006,0.12400000000000005,0.0,33.8,69.0,1,2,0.042081570788943895,0.9065658256417235,0.6936447726344993,28.0,2.0,Street-Fast,3,0.3512178521075405,0.4023238854587,0.24645826243375957,102.845,101.359,SOFT,5.0,Q3
GAS,RB,2022,Bahrain Grand Prix,Bahrain International,5006.652008539475,15.0,0.0029960140977275,1.0769999999999982,1.8532499999999956,-0.0519999999999996,1.1839999999999975,0.05,0.0,0.05,0.32999999999999996,0.3,0.0,25.0,56.0,0,1,0.07662692066868529,-0.4680556125916825,-0.5250797315138804,35.0,2.0,Permanent-Medium,3,0.3192339171713865,0.4292573798221204,0.2515087030064932,91.635,90.558,SOFT,2.0,Q3
GAS,RB,2022,Belgian Grand Prix,Spa-Francorchamps,6775.131165030146,19.0,0.0028043737511782,2.161999999999992,1.8532499999999956,-0.0519999999999996,1.3970000000000056,0.05,0.0,0.05,0.549,0.384,0.0,20.8,83.0,0,2,2.227636715963657,0.6316415379950423,-0.7537292817396346,300.0,2.0,Permanent-Fast,2,0.2924962438697119,0.43073128785659615,0.27677246827369195,105.827,103.665,SOFT,2.0,Q2
GAS,RB,2022,British Grand Prix,Silverstone,5729.156782444218,18.0,0.003141823602237,2.551000000000002,1.8532499999999956,-0.0519999999999996,1.3970000000000056,1.9,1.5,0.4,0.578,0.38799999999999996,0.0,20.6,88.0,0,2,0.9554129895418016,0.3567172503483611,-0.3511117846537936,140.0,2.0,Permanent-Fast,2,0.31365066876475217,0.4060090479937058,0.2803402832415421,101.68,99.129,INTERMEDIATE,9.0,Q2
GAS,RB,2022,Canadian Grand Prix,Gilles Villeneuve,3927.405044134453,14.0,0.0035646947138566,13.192999999999998,1.8532499999999956,-0.0519999999999996,1.1839999999999975,2.6,2.5,0.1,4.106,0.436,3.5,18.2,84.0,0,1,-1.2360664087705144,-0.7429799002383637,0.15342335743024896,22.0,2.0,Permanent-Medium,1,0.29005630106252384,0.32533971129831096,0.3846039876391652,94.492,81.299,WET,3.0,Q1
GAS,RB,2022,Dutch Grand Prix,Zandvoort,4259.0,14.0,0.0032871566095327,1.1700000000000017,1.8532499999999956,-0.0519999999999996,1.1839999999999975,0.05,0.0,0.05,0.004000000000000057,0.004000000000000057,0.0,39.8,30.0,0,1,-0.8327458519410066,-0.7429799002383637,-0.1777123552044761,2.0,2.0,Permanent-Medium,2,0.34541056046537644,0.3496336279225864,0.3049558116120371,71.512,70.342,SOFT,2.0,Q2
GAS,RB,2022,Emilia Romagna Grand Prix,Imola,4909.0,19.0,0.003870442045223,1.938999999999993,1.8532499999999956,-0.0519999999999996,1.1839999999999975,0.30000000000000004,0.0,0.30000000000000004,0.674,0.504,0.0,14.8,84.0,0,1,-0.04214769204173995,0.6316415379950423,0.5182160070911476,37.0,1.0,Permanent-Medium,1,0.3268840112966358,0.3375860873011941,0.33552990140217015,80.732,78.793,SOFT,7.0,Q1
GAS,RB,2022,French Grand Prix,Paul Ricard,5247.8799638259,15.0,0.0028582970844219,2.566999999999993,1.8532499999999956,-0.0519999999999996,1.3970000000000056,0.15000000000000002,0.0,0.15000000000000002,0.0,0.0,0.0,55.6,45.0,0,2,0.37003365538516214,-0.4680556125916825,-0.6893923813172924,40.0,3.0,Permanent-Fast,1,0.2510514881366453,0.3046907608172177,0.44425775104613713,93.439,90.872,SOFT,4.0,Q1
GAS,RB,2022,Hungarian Grand Prix,Hungaroring,4122.248439558155,14.0,0.0033962048152295,2.1500000000000057,1.8532499999999956,-0.0519999999999996,1.8344999999999985,0.05,0.0,0.05,0.29000000000000004,0.2,0.0,30.0,68.0,0,0,-0.9990774397082004,-0.7429799002383637,-0.04760497628108983,150.0,1.0,Permanent-Slow,1,0.36078313025764835,0.35664617048298064,0.28257069925937106,79.527,77.377,SOFT,2.0,Q1
GAS,RB,2022,Italian Grand Prix,Monza,5261.551646812222,11.0,0.0020906380357711,1.8490000000000038,1.8532499999999956,-0.0519999999999996,1.3970000000000056,0.05,0.0,0.05,0.0,0.0,0.0,41.1,35.0,0,2,0.38666258986472024,-1.5677527631784072,-1.6053002230701332,120.0,2.0,Permanent-Fast,2,0.33048408730642603,0.33756858919643945,0.33194732349713446,82.01,80.161,SOFT,2.0,Q2
GAS,RB,2022,Japanese Grand Prix,Suzuka,5650.500064177964,18.0,0.0031855587639248,2.0180000000000007,1.8532499999999956,-0.0519999999999996,1.3970000000000056,0.05,0.0,0.05,0.302,0.262,0.0,26.9,58.0,0,2,0.8597424407340858,0.3567172503483611,-0.29893057527368244,50.0,2.0,Permanent-Fast,1,0.349291517925582,0.45145748012527104,0.199251001949147,91.322,89.304,SOFT,2.0,Q1
GAS,RB,2022,Mexico City Grand Prix,Hermanos Rodriguez,4309.0,17.0,0.0039452309120445,1.8969999999999914,1.8532499999999956,-0.0519999999999996,1.1839999999999975,0.05,0.0,0.05,0.0,0.0,0.0,48.0,36.0,0,1,-0.7719306088718323,0.0817929627016799,0.6074479515566137,2240.0,2.0,Permanent-Medium,2,0.35054975399136457,0.3887312983231248,0.26071894768551057,79.672,77.775,SOFT,2.0,Q2
GAS,RB,2022,Miami Grand Prix,Miami,5412.0,19.0,0.003510716925351,0.8939999999999912,1.8532499999999956,-0.0519999999999996,0.8939999999999912,0.05,0.0,0.05,0.0,0.0,0.0,49.4,41.0,1,1,0.5696536532341541,0.6316415379950423,0.08902148545382091,3.0,3.0,Street-Medium,3,0.333448544988293,0.38182629055636086,0.2847251644553462,89.69,88.796,SOFT,2.0,Q3
GAS,RB,2022,Monaco Grand Prix,Monaco,2982.89347053333,19.0,0.0063696542259026,2.283999999999992,1.8532499999999956,-0.0519999999999996,1.2900000000000063,0.2,0.0,0.2,0.02,0.0,0.0,46.4,54.0,1,0,-2.3848804273745277,0.6316415379950423,3.5000710878223424,10.0,1.0,Street-Slow,1,0.26758077654086343,0.46908770024436597,0.26333152321477055,73.66,71.376,SOFT,5.0,Q1
GAS,RB,2022,Saudi Arabian Grand Prix,Jeddah,6174.0,27.0,0.0043731778425655,1.054000000000002,1.8532499999999956,-0.0519999999999996,1.054000000000002,0.2,0.0,0.2,0.364,0.304,0.0,24.8,62.0,1,2,1.4964779576083713,2.8310358391684916,1.1180391446222482,15.0,3.0,Street-Fast,3,0.36634772671252835,0.32027696237703634,0.3133753109104354,89.254,88.2,SOFT,5.0,Q3
GAS,RB,2022,Singapore Grand Prix,Marina Bay,4956.5492831458605,23.0,0.0046403250903221,1.7989999999999924,1.8532499999999956,-0.0519999999999996,1.2900000000000063,0.25,0.0,0.25,0.389,0.23399999999999999,0.0,28.3,81.0,1,0,0.01568673220387009,1.731338688581767,1.436777339075894,10.0,1.0,Street-Slow,3,0.2657111256979975,0.3804479772684357,0.3538408970335668,111.211,109.412,SOFT,6.0,Q3
GAS,RB,2022,Spanish Grand Prix,Barcelona-Catalunya,4348.990357163425,16.0,0.003679014825509,1.968999999999994,1.8532499999999956,-0.0519999999999996,1.1839999999999975,0.05,0.0,0.05,0.0,0.0,0.0,47.8,18.0,0,1,-0.7232901430454965,-0.1931313249450013,0.28982074233246696,110.0,1.0,Permanent-Medium,2,0.2763166045169043,0.3759461836742279,0.3477372118088678,80.719,78.75,SOFT,2.0,Q2
GAS,RB,2022,São Paulo Grand Prix,Interlagos,4309.0,15.0,0.0034810860988628,0.7939999999999969,1.8532499999999956,-0.0519999999999996,1.1839999999999975,0.1,0.0,0.1,0.476,0.256,0.0,27.2,94.0,0,1,-0.7719306088718323,-0.4680556125916825,0.05366841251622112,800.0,2.0,Permanent-Medium,2,0.2550540634809906,0.5096756191140565,0.2352703174049529,71.675,70.881,SOFT,3.0,Q2
GAS,RB,2022,United States Grand Prix,COTA,5337.916050454483,20.0,0.0037467805433727,2.2210000000000036,1.8532499999999956,-0.0519999999999996,1.3970000000000056,0.05,0.0,0.05,0.06400000000000006,0.06400000000000006,0.0,36.8,36.0,0,2,0.4795449852514533,0.9065658256417235,0.37067324124127227,230.0,3.0,Permanent-Fast,2,0.2701264276173416,0.4039678184246767,0.3259057539579817,96.577,94.356,SOFT,2.0,Q2
GAS,Red Bull Racing,2019,Australian Grand Prix,Albert Park,4843.53245567963,14.0,0.0028904523977295,2.533999999999992,0.7139999999999986,0.13299999999999557,0.8939999999999912,0.05,0.0,0.05,0.12200000000000004,0.02200000000000003,0.0,38.9,70.0,1,1,-0.12177618446144439,-0.7429799002383637,-0.6510272976721347,31.0,2.0,Street-Medium,1,0.3332570464948206,0.2715851602023609,0.3951577933028186,83.02,80.486,SOFT,2.0,Q1
GAS,Red Bull Racing,2019,Austrian Grand Prix,Red Bull Ring,3999.68196710701,10.0,0.0025001987863632,0.9849999999999994,0.7139999999999986,0.13299999999999557,1.3970000000000056,0.05,0.0,0.05,0.0,0.0,0.0,49.9,27.4,0,2,-1.148155635993153,-1.8426770508250885,-1.1166459125389459,700.0,2.0,Permanent-Fast,3,0.25329749327998996,0.44241107707695193,0.30429142964305805,63.988,63.003,SOFT,2.0,Q3
GAS,Red Bull Racing,2019,Azerbaijan Grand Prix,Baku City,4978.250124294395,20.0,0.0040174759203837,0.8399999999999892,0.7139999999999986,0.13299999999999557,1.054000000000002,0.15000000000000002,0.0,0.15000000000000002,0.165,0.08200000000000003,0.0,35.9,66.6,1,2,0.042081570788943895,0.9065658256417235,0.6936447726344993,28.0,2.0,Street-Fast,3,0.3509646222923965,0.4032762619035871,0.2457591158040164,101.335,100.495,SOFT,4.0,Q3
GAS,Red Bull Racing,2019,Bahrain Grand Prix,Bahrain International,5006.652008539475,15.0,0.0029960140977275,1.6599999999999966,0.7139999999999986,0.13299999999999557,1.1839999999999975,0.05,0.0,0.05,0.238,0.226,0.0,28.7,52.4,0,1,0.07662692066868529,-0.4680556125916825,-0.5250797315138804,35.0,2.0,Permanent-Medium,2,0.3166677836606126,0.43195272881620983,0.2513794875231776,89.526,87.866,SOFT,2.0,Q2
GAS,Red Bull Racing,2019,British Grand Prix,Silverstone,5729.156782444218,18.0,0.003141823602237,0.4969999999999999,0.7139999999999986,0.13299999999999557,1.3970000000000056,0.05,0.0,0.05,0.30200000000000005,0.21200000000000002,0.0,29.4,68.0,0,2,0.9554129895418016,0.3567172503483611,-0.3511117846537936,140.0,2.0,Permanent-Fast,3,0.3229816567355999,0.4048603808856175,0.27215796237878254,85.59,85.093,SOFT,2.0,Q3
GAS,Red Bull Racing,2019,Canadian Grand Prix,Gilles Villeneuve,3927.405044134453,14.0,0.0035646947138566,0.8389999999999986,0.7139999999999986,0.13299999999999557,1.1839999999999975,0.05,0.0,0.05,0.0,0.0,0.0,48.4,20.9,0,1,-1.2360664087705144,-0.7429799002383637,0.15342335743024896,22.0,2.0,Permanent-Medium,3,0.2748631804049016,0.3175199425990799,0.40761687699601856,71.079,70.24,SOFT,2.0,Q3
GAS,Red Bull Racing,2019,Chinese Grand Prix,Shanghai International,5161.238099433068,16.0,0.0031000313668453,1.3830000000000098,0.7139999999999986,0.13299999999999557,1.3970000000000056,0.05,0.0,0.05,0.17,0.17,0.0,31.5,49.4,0,2,0.2646507345248319,-0.1931313249450013,-0.4009748536645922,5.0,3.0,Permanent-Fast,3,0.2620574626062628,0.29832131712041315,0.43962122027332395,92.93,91.547,SOFT,2.0,Q3
GAS,Red Bull Racing,2019,French Grand Prix,Paul Ricard,5247.8799638259,15.0,0.0028582970844219,1.8649999999999949,0.7139999999999986,0.13299999999999557,1.3970000000000056,0.05,0.0,0.05,0.0,0.0,0.0,52.4,43.2,0,2,0.37003365538516214,-0.4680556125916825,-0.6893923813172924,40.0,3.0,Permanent-Fast,3,0.24975605428900916,0.31019914840769985,0.4400447973032911,90.184,88.319,SOFT,2.0,Q3
GAS,Red Bull Racing,2019,German Grand Prix,Hockenheimring,4317.957322804004,17.0,0.0039370467860392,0.6180000000000092,0.7139999999999986,0.13299999999999557,1.1839999999999975,0.05,0.0,0.05,0.0010000000000000143,0.0,0.0,44.2,50.2,0,1,-0.7610357736003405,0.0817929627016799,0.5976833233674174,100.0,2.0,Permanent-Medium,3,0.21594252952959866,0.47958831249568284,0.3044691579747185,72.385,71.767,SOFT,2.0,Q3
GAS,Red Bull Racing,2019,Hungarian Grand Prix,Hungaroring,4122.248439558155,14.0,0.0033962048152295,0.8780000000000001,0.7139999999999986,0.13299999999999557,1.8344999999999985,0.05,0.0,0.05,0.0,0.0,0.0,40.1,48.4,0,0,-0.9990774397082004,-0.7429799002383637,-0.04760497628108983,150.0,1.0,Permanent-Slow,3,0.3641086812458582,0.3553214049039099,0.28056991385023194,75.45,74.572,SOFT,2.0,Q3
GAS,Red Bull Racing,2019,Monaco Grand Prix,Monaco,2982.89347053333,19.0,0.0063696542259026,0.875,0.7139999999999986,0.13299999999999557,1.2900000000000063,0.15000000000000002,0.0,0.15000000000000002,0.0715,0.0,0.0,41.8,64.3,1,0,-2.3848804273745277,0.6316415379950423,3.5000710878223424,10.0,1.0,Street-Slow,3,0.26434031052490814,0.46972874818766625,0.26593094128742556,71.041,70.166,SOFT,4.0,Q3
GAS,Red Bull Racing,2019,Spanish Grand Prix,Barcelona-Catalunya,4348.990357163425,16.0,0.003679014825509,1.3019999999999925,0.7139999999999986,0.13299999999999557,1.1839999999999975,0.05,0.0,0.05,0.11799999999999997,0.08799999999999997,0.0,35.6,56.0,0,1,-0.7232901430454965,-0.1931313249450013,0.28982074233246696,110.0,1.0,Permanent-Medium,3,0.28577201856390466,0.3706132346039526,0.34361474683214266,76.708,75.406,SOFT,2.0,Q3
GIO,Alfa Romeo,2019,Abu Dhabi Grand Prix,Yas Marina,5333.449274375974,21.0,0.0039374144047628,3.335000000000008,1.886499999999991,0.01575000000000415,1.9455000000000027,0.05,0.0,0.05,0.24400000000000002,0.17600000000000002,0.0,31.2,63.6,0,1,0.4741120237924506,1.1814901132884046,0.59812193588988,10.0,2.0,Permanent-Medium,1,0.17620319220498604,0.4253317569358094,0.3984650508592046,98.114,94.779,SOFT,2.0,Q1
GIO,Alfa Romeo,2019,Australian Grand Prix,Albert Park,4843.53245567963,14.0,0.0028904523977295,1.9449999999999932,1.886499999999991,0.01575000000000415,1.9449999999999932,0.05,0.0,0.05,0.13450000000000004,0.03200000000000003,0.0,38.4,70.5,1,1,-0.12177618446144439,-0.7429799002383637,-0.6510272976721347,31.0,2.0,Street-Medium,3,0.3330421807329767,0.2702017444893305,0.39675607477769287,82.431,80.486,SOFT,2.0,Q3
GIO,Alfa Romeo,2019,Austrian Grand Prix,Red Bull Ring,3999.68196710701,10.0,0.0025001987863632,1.176000000000002,1.886499999999991,0.01575000000000415,2.1970000000000027,0.05,0.0,0.05,0.0,0.0,0.0,50.0,25.9,0,2,-1.148155635993153,-1.8426770508250885,-1.1166459125389459,700.0,2.0,Permanent-Fast,3,0.25347855217438725,0.4435874663051777,0.30293398152043505,64.179,63.003,SOFT,2.0,Q3
GIO,Alfa Romeo,2019,Azerbaijan Grand Prix,Baku City,4978.250124294395,20.0,0.0040174759203837,1.644999999999996,1.886499999999991,0.01575000000000415,1.375,0.05,0.0,0.05,0.17150000000000007,0.08400000000000006,0.0,35.8,67.5,1,2,0.042081570788943895,0.9065658256417235,0.6936447726344993,28.0,2.0,Street-Fast,2,0.35450362247895045,0.4045134129626003,0.24098296455844917,102.14,100.495,SOFT,2.0,Q2
GIO,Alfa Romeo,2019,Bahrain Grand Prix,Bahrain International,5006.652008539475,15.0,0.0029960140977275,2.1599999999999966,1.886499999999991,0.01575000000000415,1.9455000000000027,0.05,0.0,0.05,0.221,0.214,0.0,29.3,51.4,0,1,0.07662692066868529,-0.4680556125916825,-0.5250797315138804,35.0,2.0,Permanent-Medium,1,0.3174305200719792,0.431375380445649,0.25119409948237176,90.026,87.866,SOFT,2.0,Q1
GIO,Alfa Romeo,2019,Belgian Grand Prix,Spa-Francorchamps,6775.131165030146,19.0,0.0028043737511782,3.117999999999995,1.886499999999991,0.01575000000000415,2.1970000000000027,0.15000000000000002,0.0,0.15000000000000002,0.0,0.0,0.0,41.4,36.4,0,2,2.227636715963657,0.6316415379950423,-0.7537292817396346,300.0,2.0,Permanent-Fast,2,0.2912426517224079,0.4359173395685224,0.2728400087090697,105.637,102.519,SOFT,4.0,Q2
GIO,Alfa Romeo,2019,Brazilian Grand Prix,Interlagos,4309.0,15.0,0.0034810860988628,1.4159999999999968,1.886499999999991,0.01575000000000415,1.9455000000000027,0.05,0.0,0.05,0.19449999999999995,0.11599999999999995,0.0,34.2,65.7,0,1,-0.7719306088718323,-0.4680556125916825,0.05366841251622112,800.0,2.0,Permanent-Medium,2,0.2576067557567579,0.5108170460975927,0.23157619814564923,68.919,67.503,SOFT,2.0,Q2
GIO,Alfa Romeo,2019,British Grand Prix,Silverstone,5729.156782444218,18.0,0.003141823602237,1.3559999999999945,1.886499999999991,0.01575000000000415,2.1970000000000027,0.05,0.0,0.05,0.2695,0.19,0.0,30.5,65.9,0,2,0.9554129895418016,0.3567172503483611,-0.3511117846537936,140.0,2.0,Permanent-Fast,2,0.32134553320454834,0.40737313329246144,0.2712813335029902,86.449,85.093,SOFT,2.0,Q2
GIO,Alfa Romeo,2019,Canadian Grand Prix,Gilles Villeneuve,3927.405044134453,14.0,0.0035646947138566,1.882000000000005,1.886499999999991,0.01575000000000415,1.9455000000000027,0.15000000000000002,0.0,0.15000000000000002,0.0,0.0,0.0,47.9,25.0,0,1,-1.2360664087705144,-0.7429799002383637,0.15342335743024896,22.0,2.0,Permanent-Medium,2,0.28059399351099523,0.31789190538254625,0.40151410110645847,72.122,70.24,SOFT,4.0,Q2
GIO,Alfa Romeo,2019,French Grand Prix,Paul Ricard,5247.8799638259,15.0,0.0028582970844219,2.0889999999999986,1.886499999999991,0.01575000000000415,2.1970000000000027,0.05,0.0,0.05,0.0,0.0,0.0,54.4,42.1,0,2,0.37003365538516214,-0.4680556125916825,-0.6893923813172924,40.0,3.0,Permanent-Fast,3,0.25071896292363505,0.3068865587116184,0.44239447836474644,90.408,88.319,SOFT,2.0,Q3
GIO,Alfa Romeo,2019,German Grand Prix,Hockenheimring,4317.957322804004,17.0,0.0039370467860392,1.0190000000000055,1.886499999999991,0.01575000000000415,1.9455000000000027,0.05,0.0,0.05,0.0010000000000000143,0.0,0.0,43.4,50.2,0,1,-0.7610357736003405,0.0817929627016799,0.5976833233674174,100.0,2.0,Permanent-Medium,2,0.21583821064490424,0.4777979281730003,0.30636386118209546,72.786,71.767,SOFT,2.0,Q2
GIO,Alfa Romeo,2019,Hungarian Grand Prix,Hungaroring,4122.248439558155,14.0,0.0033962048152295,2.2319999999999993,1.886499999999991,0.01575000000000415,2.2319999999999993,0.05,0.0,0.05,0.0,0.0,0.0,44.7,49.6,0,0,-0.9990774397082004,-0.7429799002383637,-0.04760497628108983,150.0,1.0,Permanent-Slow,2,0.35839279204208113,0.3559319827092339,0.28567522524868494,76.804,74.572,SOFT,2.0,Q2
GIO,Alfa Romeo,2019,Italian Grand Prix,Monza,5261.551646812222,11.0,0.0020906380357711,1.2099999999999937,1.886499999999991,0.01575000000000415,2.1970000000000027,0.05,0.0,0.05,0.04150000000000006,0.03400000000000006,0.0,38.3,51.5,0,2,0.38666258986472024,-1.5677527631784072,-1.6053002230701332,120.0,2.0,Permanent-Fast,2,0.33178086615248953,0.33589179924736395,0.3323273346001466,80.517,79.307,SOFT,2.0,Q2
GIO,Alfa Romeo,2019,Japanese Grand Prix,Suzuka,5650.500064177964,18.0,0.0031855587639248,2.190000000000012,1.886499999999991,0.01575000000000415,2.1970000000000027,0.05,0.0,0.05,0.10850000000000001,0.05200000000000003,0.0,37.4,61.3,0,2,0.8597424407340858,0.3567172503483611,-0.29893057527368244,50.0,2.0,Permanent-Fast,2,0.34749142895556506,0.4545566585251081,0.19795191251932687,89.254,87.064,SOFT,2.0,Q2
GIO,Alfa Romeo,2019,Mexican Grand Prix,Hermanos Rodriguez,4309.0,17.0,0.0039452309120445,2.51100000000001,1.886499999999991,0.01575000000000415,1.9455000000000027,0.05,0.0,0.05,0.15899999999999997,0.13599999999999995,0.0,33.2,54.6,0,1,-0.7719306088718323,0.0817929627016799,0.6074479515566137,2240.0,2.0,Permanent-Medium,2,0.3529746728959867,0.3855491853136445,0.2614761417903687,77.269,74.758,SOFT,2.0,Q2
GIO,Alfa Romeo,2019,Monaco Grand Prix,Monaco,2982.89347053333,19.0,0.0063696542259026,1.8100000000000023,1.886499999999991,0.01575000000000415,1.8100000000000023,0.05,0.0,0.05,0.06649999999999999,0.0,0.0,42.1,63.3,1,0,-2.3848804273745277,0.6316415379950423,3.5000710878223424,10.0,1.0,Street-Slow,2,0.262351339335334,0.4703651217072357,0.26728353895743023,71.976,70.166,SOFT,2.0,Q2
GIO,Alfa Romeo,2019,Russian Grand Prix,Sochi Autodrom,5760.2985642132535,18.0,0.0031248380269432,2.409000000000006,1.886499999999991,0.01575000000000415,1.9455000000000027,0.05,0.0,0.05,0.239,0.18799999999999997,0.0,30.6,60.2,0,1,0.993290890099623,0.3567172503483611,-0.37137758056360215,5.0,2.0,Permanent-Medium,2,0.3627827344555866,0.34312026117379324,0.29409700437062003,94.037,91.628,SOFT,2.0,Q2
GIO,Alfa Romeo,2019,Singapore Grand Prix,Marina Bay,4956.5492831458605,23.0,0.0046403250903221,2.480000000000004,1.886499999999991,0.01575000000000415,1.8100000000000023,0.05,0.0,0.05,0.17750000000000005,0.12200000000000003,0.0,33.9,61.1,1,0,0.01568673220387009,1.731338688581767,1.436777339075894,10.0,1.0,Street-Slow,2,0.27314913320566986,0.384682411826094,0.3421684549682361,98.697,96.217,SOFT,2.0,Q2
GIO,Alfa Romeo,2019,Spanish Grand Prix,Barcelona-Catalunya,4348.990357163425,16.0,0.003679014825509,3.2579999999999956,1.886499999999991,0.01575000000000415,1.9455000000000027,0.05,0.0,0.05,0.20849999999999996,0.16399999999999998,0.0,31.8,58.9,0,1,-0.7232901430454965,-0.1931313249450013,0.28982074233246696,110.0,1.0,Permanent-Medium,1,0.2777890775958507,0.36988965727651785,0.35232126512763146,78.664,75.406,SOFT,2.0,Q1
GIO,Alfa Romeo,2019,United States Grand Prix,COTA,5337.916050454483,20.0,0.0037467805433727,2.1970000000000027,1.886499999999991,0.01575000000000415,2.1970000000000027,0.05,0.0,0.05,0.272,0.272,0.0,26.4,25.1,0,2,0.4795449852514533,0.9065658256417235,0.37067324124127227,230.0,3.0,Permanent-Fast,1,0.2681213253242205,0.39621760448283916,0.3356610701929404,94.226,92.029,SOFT,2.0,Q1
GIO,Alfa Romeo,2020,70th Anniversary Grand Prix,Silverstone,5729.156782444218,18.0,0.003141823602237,3.2790000000000106,2.457499999999996,-0.024500000000003297,2.1970000000000027,0.05,0.0,0.05,0.013000000000000008,0.0,0.0,44.3,52.6,0,2,0.9554129895418016,0.3567172503483611,-0.3511117846537936,140.0,2.0,Permanent-Fast,1,0.31891940791333556,0.4049167166103152,0.27616387547634935,88.433,85.154,SOFT,2.0,Q1
GIO,Alfa Romeo,2020,Abu Dhabi Grand Prix,Yas Marina,5333.449274375974,21.0,0.0039374144047628,1.8290000000000077,2.457499999999996,-0.024500000000003297,1.9455000000000027,0.05,0.0,0.05,0.264,0.21200000000000002,0.0,29.4,60.4,0,1,0.4741120237924506,1.1814901132884046,0.59812193588988,10.0,2.0,Permanent-Medium,2,0.1779860932268864,0.42498068503734227,0.3970332217357713,97.075,95.246,SOFT,2.0,Q2
GIO,Alfa Romeo,2020,Austrian Grand Prix,Red Bull Ring,3999.68196710701,10.0,0.0025001987863632,2.235999999999997,2.457499999999996,-0.024500000000003297,2.1970000000000027,0.05,0.0,0.05,0.0,0.0,0.0,48.9,33.1,0,2,-1.148155635993153,-1.8426770508250885,-1.1166459125389459,700.0,2.0,Permanent-Fast,1,0.25057153816647487,0.4432988108937476,0.30612965093977756,65.175,62.939,SOFT,2.0,Q1
GIO,Alfa Romeo,2020,Bahrain Grand Prix,Bahrain International,5006.652008539475,15.0,0.0029960140977275,2.227000000000004,2.457499999999996,-0.024500000000003297,1.9455000000000027,0.05,0.0,0.05,0.26749999999999996,0.238,0.0,28.1,55.9,0,1,0.07662692066868529,-0.4680556125916825,-0.5250797315138804,35.0,2.0,Permanent-Medium,1,0.31641170620509323,0.4311941982992703,0.2523940954956364,89.491,87.264,SOFT,2.0,Q1
GIO,Alfa Romeo,2020,Belgian Grand Prix,Spa-Francorchamps,6775.131165030146,19.0,0.0028043737511782,2.6980000000000075,2.457499999999996,-0.024500000000003297,2.1970000000000027,0.05,0.0,0.05,0.402,0.33,0.0,23.5,64.4,0,2,2.227636715963657,0.6316415379950423,-0.7537292817396346,300.0,2.0,Permanent-Fast,1,0.2964598364598365,0.42680134680134685,0.2767388167388168,103.95,101.252,SOFT,2.0,Q1
GIO,Alfa Romeo,2020,British Grand Prix,Silverstone,5729.156782444218,18.0,0.003141823602237,2.861000000000004,2.457499999999996,-0.024500000000003297,2.1970000000000027,0.05,0.0,0.05,0.03500000000000007,0.014000000000000058,0.0,39.3,54.2,0,2,0.9554129895418016,0.3567172503483611,-0.3511117846537936,140.0,2.0,Permanent-Fast,1,0.3225184709283649,0.4031939791657106,0.27428754990592447,87.164,84.303,SOFT,2.0,Q1
GIO,Alfa Romeo,2020,Eifel Grand Prix,Hockenheimring,4317.957322804004,17.0,0.0039370467860392,1.6670000000000016,2.457499999999996,-0.024500000000003297,1.9455000000000027,0.05,0.0,0.05,0.512,0.47200000000000003,0.0,16.4,58.0,0,1,-0.7610357736003405,0.0817929627016799,0.5976833233674174,100.0,2.0,Permanent-Medium,2,0.32454909358608636,0.4172954817336892,0.25815542468022457,86.936,85.269,SOFT,2.0,Q2
GIO,Alfa Romeo,2020,Emilia Romagna Grand Prix,Imola,4909.0,19.0,0.003870442045223,2.5990000000000038,2.457499999999996,-0.024500000000003297,1.9455000000000027,0.05,0.0,0.05,0.358,0.288,0.0,25.6,64.0,0,1,-0.04214769204173995,0.6316415379950423,0.5182160070911476,37.0,1.0,Permanent-Medium,1,0.31755196304849886,0.346669640982574,0.3357783959689271,76.208,73.609,SOFT,2.0,Q1
GIO,Alfa Romeo,2020,Hungarian Grand Prix,Hungaroring,4122.248439558155,14.0,0.0033962048152295,3.0589999999999975,2.457499999999996,-0.024500000000003297,2.2319999999999993,0.05,0.0,0.05,0.3725,0.26,0.0,27.0,72.5,0,0,-0.9990774397082004,-0.7429799002383637,-0.04760497628108983,150.0,1.0,Permanent-Slow,1,0.36484720152667766,0.35291349698062896,0.2822393014926934,76.506,73.447,SOFT,2.0,Q1
GIO,Alfa Romeo,2020,Italian Grand Prix,Monza,5261.551646812222,11.0,0.0020906380357711,2.3190000000000026,2.457499999999996,-0.024500000000003297,2.1970000000000027,0.05,0.0,0.05,0.0,0.0,0.0,46.0,45.0,0,2,0.38666258986472024,-1.5677527631784072,-1.6053002230701332,120.0,2.0,Permanent-Fast,1,0.33371918331157796,0.3346427603871635,0.33163805630125853,81.206,78.887,SOFT,2.0,Q1
GIO,Alfa Romeo,2020,Portuguese Grand Prix,Portimao,4653.0,15.0,0.0032237266279819,1.8569999999999993,2.457499999999996,-0.024500000000003297,1.9455000000000027,0.15000000000000002,0.0,0.15000000000000002,0.08799999999999997,0.08799999999999997,0.0,35.6,49.2,0,1,-0.3535217365559127,-0.4680556125916825,-0.25339180900199537,90.0,1.0,Permanent-Medium,1,0.2906808983312692,0.3842932471943107,0.32502585447442,78.323,76.466,SOFT,4.0,Q1
GIO,Alfa Romeo,2020,Russian Grand Prix,Sochi Autodrom,5760.2985642132535,18.0,0.0031248380269432,3.289999999999992,2.457499999999996,-0.024500000000003297,1.9455000000000027,0.05,0.0,0.05,0.18100000000000005,0.14400000000000007,0.0,32.8,57.4,0,1,0.993290890099623,0.3567172503483611,-0.37137758056360215,5.0,2.0,Permanent-Medium,1,0.3632154259255344,0.34692475209844176,0.2898598219760239,94.594,91.304,SOFT,2.0,Q1
GIO,Alfa Romeo,2020,Sakhir Grand Prix,Bahrain International,5006.652008539475,15.0,0.0029960140977275,1.0,2.457499999999996,-0.024500000000003297,1.9455000000000027,0.05,0.0,0.05,0.40750000000000003,0.27,0.0,26.5,77.5,0,1,0.07662692066868529,-0.4680556125916825,-0.5250797315138804,35.0,2.0,Permanent-Medium,2,0.3464332346396454,0.3519870533497618,0.3015797120105927,54.377,53.377,SOFT,2.0,Q2
GIO,Alfa Romeo,2020,Spanish Grand Prix,Barcelona-Catalunya,4348.990357163425,16.0,0.003679014825509,3.1129999999999995,2.457499999999996,-0.024500000000003297,1.9455000000000027,0.05,0.0,0.05,0.046499999999999986,0.0,0.0,49.1,59.3,0,1,-0.7232901430454965,-0.1931313249450013,0.28982074233246696,110.0,1.0,Permanent-Medium,1,0.2787653913109775,0.3714118708464109,0.34982273784261153,78.697,75.584,SOFT,2.0,Q1
GIO,Alfa Romeo,2020,Styrian Grand Prix,Red Bull Ring,3999.68196710701,10.0,0.0025001987863632,4.006,2.457499999999996,-0.024500000000003297,2.1970000000000027,2.55,2.5,0.05,4.1075,0.402,3.5,19.9,91.1,0,2,-1.148155635993153,-1.8426770508250885,-1.1166459125389459,700.0,2.0,Permanent-Fast,1,0.2384915252166049,0.44788649778201417,0.3136219770013809,81.831,77.825,WET,2.0,Q1
GIO,Alfa Romeo,2020,Turkish Grand Prix,Istanbul Park,5338.0,14.0,0.0026227051330086,5.665999999999997,2.457499999999996,-0.024500000000003297,2.1970000000000027,2.95,2.5,0.45,0.7245,0.526,0.0,13.7,89.7,0,2,0.47964709349177603,-0.7429799002383637,-0.9704813831763092,130.0,1.0,Permanent-Fast,3,0.3774629510451288,0.35356295897946766,0.26897408997540356,113.431,107.765,WET,10.0,Q3
GIO,Alfa Romeo,2020,Tuscan Grand Prix,Mugello,5245.0,15.0,0.0028598665395614,2.0759999999999934,2.457499999999996,-0.024500000000003297,2.1970000000000027,0.05,0.0,0.05,0.0,0.0,0.0,44.9,41.1,0,2,0.36653074138311176,-0.4680556125916825,-0.6875198361136977,255.0,1.0,Permanent-Fast,1,0.35909090909090907,0.27684537684537686,0.3640637140637141,77.22,75.144,SOFT,2.0,Q1
GIO,Alfa Romeo,2021,Abu Dhabi Grand Prix,Yas Marina,5333.449274375974,21.0,0.0039374144047628,2.0090000000000003,1.8859999999999992,-0.25799999999999557,1.9455000000000027,0.05,0.0,0.05,0.2465,0.214,0.0,29.3,56.5,0,1,0.4741120237924506,1.1814901132884046,0.59812193588988,10.0,2.0,Permanent-Medium,2,0.20541382343850306,0.4318338524453744,0.3627523241161226,84.118,82.109,SOFT,2.0,Q2
GIO,Alfa Romeo,2021,Austrian Grand Prix,Red Bull Ring,3999.68196710701,10.0,0.0025001987863632,1.0619999999999976,1.8859999999999992,-0.25799999999999557,2.1970000000000027,0.2,0.0,0.2,0.0,0.0,0.0,52.3,27.8,0,2,-1.148155635993153,-1.8426770508250885,-1.1166459125389459,700.0,2.0,Permanent-Fast,2,0.2529869408168936,0.4442592078046371,0.30275385137846933,64.782,63.72,SOFT,5.0,Q2
GIO,Alfa Romeo,2021,Bahrain Grand Prix,Bahrain International,5006.652008539475,15.0,0.0029960140977275,1.7109999999999985,1.8859999999999992,-0.25799999999999557,1.9455000000000027,0.05,0.0,0.05,0.16700000000000004,0.14200000000000004,0.0,32.9,55.0,0,1,0.07662692066868529,-0.4680556125916825,-0.5250797315138804,35.0,2.0,Permanent-Medium,2,0.31720465670062176,0.4330709529479208,0.24972439035145744,90.708,88.997,SOFT,2.0,Q2
GIO,Alfa Romeo,2021,Belgian Grand Prix,Spa-Francorchamps,6775.131165030146,19.0,0.0028043737511782,6.280999999999992,1.8859999999999992,-0.25799999999999557,2.1970000000000027,1.65,1.5,0.15000000000000002,0.639,0.424,0.0,18.8,93.0,0,2,2.227636715963657,0.6316415379950423,-0.7537292817396346,300.0,2.0,Permanent-Fast,1,0.27270943371543505,0.46592971726652815,0.2613608490180367,122.306,116.025,INTERMEDIATE,4.0,Q1
GIO,Alfa Romeo,2021,British Grand Prix,Silverstone,5729.156782444218,18.0,0.003141823602237,1.5720000000000027,1.8859999999999992,-0.25799999999999557,2.1970000000000027,0.05,0.0,0.05,0.03300000000000004,0.012000000000000028,0.0,39.4,54.2,0,2,0.9554129895418016,0.3567172503483611,-0.3511117846537936,140.0,2.0,Permanent-Fast,2,0.31668474227981047,0.4065871339688339,0.27672812375135564,87.595,86.023,SOFT,2.0,Q2
GIO,Alfa Romeo,2021,Dutch Grand Prix,Zandvoort,4259.0,14.0,0.0032871566095327,0.7049999999999983,1.8859999999999992,-0.25799999999999557,1.9455000000000027,0.05,0.0,0.05,0.1485,0.09799999999999998,0.0,35.1,60.1,0,1,-0.8327458519410066,-0.7429799002383637,-0.1777123552044761,2.0,2.0,Permanent-Medium,3,0.34579680988647793,0.34335393016237964,0.31084925995114243,69.59,68.885,SOFT,2.0,Q3
GIO,Alfa Romeo,2021,Emilia Romagna Grand Prix,Imola,4909.0,19.0,0.003870442045223,1.7109999999999985,1.8859999999999992,-0.25799999999999557,1.9455000000000027,0.05,0.0,0.05,0.24600000000000002,0.24600000000000002,0.0,27.7,44.9,0,1,-0.04214769204173995,0.6316415379950423,0.5182160070911476,37.0,1.0,Permanent-Medium,1,0.319579096713171,0.3444864822259005,0.3359344210609285,76.122,74.411,SOFT,2.0,Q1
GIO,Alfa Romeo,2021,French Grand Prix,Paul Ricard,5247.8799638259,15.0,0.0028582970844219,1.8230000000000075,1.8859999999999992,-0.25799999999999557,2.1970000000000027,0.05,0.0,0.05,0.0,0.0,0.0,45.4,41.2,0,2,0.37003365538516214,-0.4680556125916825,-0.6893923813172924,40.0,3.0,Permanent-Fast,2,0.24883186476860578,0.30353000119808743,0.4476381340333069,91.813,89.99,SOFT,2.0,Q2
GIO,Alfa Romeo,2021,Hungarian Grand Prix,Hungaroring,4122.248439558155,14.0,0.0033962048152295,2.1640000000000015,1.8859999999999992,-0.25799999999999557,2.2319999999999993,0.05,0.0,0.05,0.0,0.0,0.0,59.9,45.0,0,0,-0.9990774397082004,-0.7429799002383637,-0.04760497628108983,150.0,1.0,Permanent-Slow,2,0.36114870525759507,0.3565858499929108,0.2822654447494941,77.583,75.419,SOFT,2.0,Q2
GIO,Alfa Romeo,2021,Italian Grand Prix,Monza,5261.551646812222,11.0,0.0020906380357711,1.1709999999999923,1.8859999999999992,-0.25799999999999557,2.1970000000000027,0.05,0.0,0.05,0.166,0.166,0.0,31.7,44.0,0,2,0.38666258986472024,-1.5677527631784072,-1.6053002230701332,120.0,2.0,Permanent-Fast,3,0.3322597428337834,0.3348239724500161,0.3329162847162005,80.726,79.555,SOFT,2.0,Q3
GIO,Alfa Romeo,2021,Mexico City Grand Prix,Hermanos Rodriguez,4309.0,17.0,0.0039452309120445,2.0220000000000056,1.8859999999999992,-0.25799999999999557,1.9455000000000027,0.05,0.0,0.05,0.0,0.0,0.0,45.6,20.3,0,1,-0.7719306088718323,0.0817929627016799,0.6074479515566137,2240.0,2.0,Permanent-Medium,2,0.3543653799247724,0.38662592911151905,0.25900869096370843,77.897,75.875,SOFT,2.0,Q2
GIO,Alfa Romeo,2021,Monaco Grand Prix,Monaco,2982.89347053333,19.0,0.0063696542259026,1.0630000000000024,1.8859999999999992,-0.25799999999999557,1.8100000000000023,0.15000000000000002,0.0,0.15000000000000002,0.25650000000000006,0.13400000000000006,0.0,33.3,74.5,1,0,-2.3848804273745277,0.6316415379950423,3.5000710878223424,10.0,1.0,Street-Slow,3,0.2638602977215757,0.4696186755170917,0.26652102676133266,71.409,70.346,SOFT,4.0,Q3
GIO,Alfa Romeo,2021,Portuguese Grand Prix,Portimao,4653.0,15.0,0.0032237266279819,1.2479999999999905,1.8859999999999992,-0.25799999999999557,1.9455000000000027,0.15000000000000002,0.0,0.15000000000000002,0.08599999999999995,0.08599999999999995,0.0,35.7,43.4,0,1,-0.3535217365559127,-0.4680556125916825,-0.25339180900199537,90.0,1.0,Permanent-Medium,2,0.28871692587356085,0.38402595435265596,0.327257119773783,79.216,77.968,SOFT,4.0,Q2
GIO,Alfa Romeo,2021,Qatar Grand Prix,Losail,5380.0,16.0,0.0029739776951672,2.4350000000000023,1.8859999999999992,-0.25799999999999557,1.9455000000000027,0.05,0.0,0.05,0.28700000000000003,0.21,0.0,29.5,65.4,0,1,0.5307318976698825,-0.1931313249450013,-0.5513717604354108,20.0,2.0,Permanent-Medium,1,0.3267997405779347,0.3359155437054118,0.3372847157166534,83.262,80.827,SOFT,2.0,Q1
GIO,Alfa Romeo,2021,Russian Grand Prix,Sochi Autodrom,5760.2985642132535,18.0,0.0031248380269432,9.030000000000001,1.8859999999999992,-0.25799999999999557,1.9455000000000027,1.65,1.5,0.15000000000000002,4.119,0.47200000000000003,3.5,16.4,79.4,0,1,0.993290890099623,0.3567172503483611,-0.37137758056360215,5.0,2.0,Permanent-Medium,1,0.352998928150023,0.3440908640551958,0.3029102077947813,111.023,101.993,INTERMEDIATE,4.0,Q1
GIO,Alfa Romeo,2021,Saudi Arabian Grand Prix,Jeddah,6174.0,27.0,0.0043731778425655,1.105000000000004,1.8859999999999992,-0.25799999999999557,1.375,0.55,0.4,0.15000000000000002,0.28950000000000004,0.18200000000000002,0.0,30.9,71.5,1,2,1.4964779576083713,2.8310358391684916,1.1180391446222482,15.0,3.0,Street-Fast,2,0.36470840480274447,0.3203371851584364,0.3149544100388192,88.616,87.511,MEDIUM,4.0,Q2
GIO,Alfa Romeo,2021,Spanish Grand Prix,Barcelona-Catalunya,4348.990357163425,16.0,0.003679014825509,1.6149999999999949,1.8859999999999992,-0.25799999999999557,1.9455000000000027,0.05,0.0,0.05,0.0,0.0,0.0,44.2,49.3,0,1,-0.7232901430454965,-0.1931313249450013,0.28982074233246696,110.0,1.0,Permanent-Medium,2,0.27876614426463836,0.37455970187350046,0.3466741538618613,78.356,76.741,SOFT,2.0,Q2
GIO,Alfa Romeo,2021,Styrian Grand Prix,Red Bull Ring,3999.68196710701,10.0,0.0025001987863632,1.0719999999999956,1.8859999999999992,-0.25799999999999557,2.1970000000000027,0.05,0.0,0.05,0.0,0.0,0.0,54.2,27.9,0,2,-1.148155635993153,-1.8426770508250885,-1.1166459125389459,700.0,2.0,Permanent-Fast,2,0.2520450449062591,0.44305454993606824,0.3049004051576725,64.913,63.841,SOFT,2.0,Q2
GIO,Alfa Romeo,2021,São Paulo Grand Prix,Interlagos,4309.0,15.0,0.0034810860988628,1.4080000000000013,1.8859999999999992,-0.25799999999999557,1.9455000000000027,0.05,0.0,0.05,0.4545,0.3,0.0,25.0,80.9,0,1,-0.7719306088718323,-0.4680556125916825,0.05366841251622112,800.0,2.0,Permanent-Medium,2,0.25509792045225116,0.5119840789132128,0.23291800063453608,69.342,67.934,SOFT,2.0,Q2
GIO,Alfa Romeo,2021,Turkish Grand Prix,Istanbul Park,5338.0,14.0,0.0026227051330086,3.562000000000012,1.8859999999999992,-0.25799999999999557,2.1970000000000027,0.15000000000000002,0.0,0.15000000000000002,4.016,0.36200000000000004,3.5,21.9,80.8,0,2,0.47964709349177603,-0.7429799002383637,-0.9704813831763092,130.0,1.0,Permanent-Fast,1,0.3756681707740368,0.34998264491496006,0.2743491843110031,86.43,82.868,SOFT,4.0,Q1
GIO,Alfa Romeo,2021,United States Grand Prix,COTA,5337.916050454483,20.0,0.0037467805433727,2.8840000000000003,1.8859999999999992,-0.25799999999999557,2.1970000000000027,0.45,0.4,0.05,0.07949999999999999,0.06,0.0,37.0,53.9,0,2,0.4795449852514533,0.9065658256417235,0.37067324124127227,230.0,3.0,Permanent-Fast,2,0.2695889095350439,0.3997953942835668,0.3306156961813892,95.794,92.91,MEDIUM,2.0,Q2
GRO,Haas,2019,Abu Dhabi Grand Prix,Yas Marina,5333.449274375974,21.0,0.0039374144047628,3.2720000000000056,1.6060000000000088,0.08149999999999125,2.090500000000006,0.05,0.0,0.05,0.24400000000000002,0.17600000000000002,0.0,31.2,63.6,0,1,0.4741120237924506,1.1814901132884046,0.59812193588988,10.0,2.0,Permanent-Medium,1,0.17815218610722994,0.4245035746703247,0.3973442392224455,98.051,94.779,SOFT,2.0,Q1
GRO,Haas,2019,Australian Grand Prix,Albert Park,4843.53245567963,14.0,0.0028904523977295,1.3399999999999892,1.6060000000000088,0.08149999999999125,1.3399999999999892,0.05,0.0,0.05,0.1925,0.1,0.0,35.0,68.5,1,1,-0.12177618446144439,-0.7429799002383637,-0.6510272976721347,31.0,2.0,Street-Medium,3,0.33119057512282163,0.27266394544521305,0.39614547943196543,81.826,80.486,SOFT,2.0,Q3
GRO,Haas,2019,Austrian Grand Prix,Red Bull Ring,3999.68196710701,10.0,0.0025001987863632,1.4869999999999948,1.6060000000000088,0.08149999999999125,2.1000000000000085,0.15000000000000002,0.0,0.15000000000000002,0.0,0.0,0.0,49.9,27.3,0,2,-1.148155635993153,-1.8426770508250885,-1.1166459125389459,700.0,2.0,Permanent-Fast,2,0.2549542564738719,0.44428593580400055,0.30075980772212746,64.49,63.003,SOFT,4.0,Q2
GRO,Haas,2019,Azerbaijan Grand Prix,Baku City,4978.250124294395,20.0,0.0040174759203837,2.911999999999992,1.6060000000000088,0.08149999999999125,2.911999999999992,0.15000000000000002,0.0,0.15000000000000002,0.16499999999999992,0.07599999999999994,0.0,36.2,67.8,1,2,0.042081570788943895,0.9065658256417235,0.6936447726344993,28.0,2.0,Street-Fast,1,0.3519200827796957,0.4021004380747918,0.24597947914551235,103.407,100.495,SOFT,4.0,Q1
GRO,Haas,2019,Bahrain Grand Prix,Bahrain International,5006.652008539475,15.0,0.0029960140977275,1.149000000000001,1.6060000000000088,0.08149999999999125,2.090500000000006,0.05,0.0,0.05,0.27799999999999997,0.244,0.0,27.8,56.8,0,1,0.07662692066868529,-0.4680556125916825,-0.5250797315138804,35.0,2.0,Permanent-Medium,3,0.3179014772791103,0.43265741728922097,0.24944110543166886,89.015,87.866,SOFT,2.0,Q3
GRO,Haas,2019,Belgian Grand Prix,Spa-Francorchamps,6775.131165030146,19.0,0.0028043737511782,2.2779999999999916,1.6060000000000088,0.08149999999999125,2.1000000000000085,0.05,0.0,0.05,0.0,0.0,0.0,41.0,35.4,0,2,2.227636715963657,0.6316415379950423,-0.7537292817396346,300.0,2.0,Permanent-Fast,2,0.29138238690038837,0.43421090298386406,0.27440671011574763,104.797,102.519,SOFT,2.0,Q2
GRO,Haas,2019,Brazilian Grand Prix,Interlagos,4309.0,15.0,0.0034810860988628,1.2019999999999982,1.6060000000000088,0.08149999999999125,2.090500000000006,0.05,0.0,0.05,0.19449999999999995,0.11599999999999995,0.0,34.2,65.7,0,1,-0.7719306088718323,-0.4680556125916825,0.05366841251622112,800.0,2.0,Permanent-Medium,3,0.25887489993450263,0.5069500036387453,0.23417509642675205,68.705,67.503,SOFT,2.0,Q3
GRO,Haas,2019,British Grand Prix,Silverstone,5729.156782444218,18.0,0.003141823602237,1.2539999999999907,1.6060000000000088,0.08149999999999125,2.1000000000000085,0.15000000000000002,0.0,0.15000000000000002,0.2735,0.19399999999999998,0.0,30.3,65.9,0,2,0.9554129895418016,0.3567172503483611,-0.3511117846537936,140.0,2.0,Permanent-Fast,2,0.3226400453982188,0.40529491470462203,0.27206503989715913,86.347,85.093,SOFT,4.0,Q2
GRO,Haas,2019,Canadian Grand Prix,Gilles Villeneuve,3927.405044134453,14.0,0.0035646947138566,1.8689999999999998,1.6060000000000088,0.08149999999999125,2.090500000000006,0.05,0.0,0.05,0.0,0.0,0.0,47.5,22.4,0,1,-1.2360664087705144,-0.7429799002383637,0.15342335743024896,22.0,2.0,Permanent-Medium,2,0.27703892717968626,0.31912798679776444,0.40383308602254914,72.109,70.24,SOFT,2.0,Q2
GRO,Haas,2019,Chinese Grand Prix,Shanghai International,5161.238099433068,16.0,0.0031000313668453,1.6090000000000089,1.6060000000000088,0.08149999999999125,2.1000000000000085,0.05,0.0,0.05,0.14400000000000007,0.14400000000000007,0.0,32.8,48.4,0,2,0.2646507345248319,-0.1931313249450013,-0.4009748536645922,5.0,3.0,Permanent-Fast,3,0.25971488685645583,0.2963094164627077,0.4439756966808364,93.156,91.547,SOFT,2.0,Q3
GRO,Haas,2019,French Grand Prix,Paul Ricard,5247.8799638259,15.0,0.0028582970844219,3.307000000000002,1.6060000000000088,0.08149999999999125,2.1000000000000085,0.05,0.0,0.05,0.0,0.0,0.0,55.4,47.6,0,2,0.37003365538516214,-0.4680556125916825,-0.6893923813172924,40.0,3.0,Permanent-Fast,1,0.24972169471547376,0.30758736603147574,0.4426909392530504,91.626,88.319,SOFT,2.0,Q1
GRO,Haas,2019,German Grand Prix,Hockenheimring,4317.957322804004,17.0,0.0039370467860392,1.0020000000000095,1.6060000000000088,0.08149999999999125,2.090500000000006,0.05,0.0,0.05,0.0014999999999999857,0.0,0.0,44.2,50.3,0,1,-0.7610357736003405,0.0817929627016799,0.5976833233674174,100.0,2.0,Permanent-Medium,3,0.2166307081312097,0.4806717146037461,0.30269757726504415,72.769,71.767,SOFT,2.0,Q3
GRO,Haas,2019,Hungarian Grand Prix,Hungaroring,4122.248439558155,14.0,0.0033962048152295,1.4410000000000025,1.6060000000000088,0.08149999999999125,2.200499999999998,0.05,0.0,0.05,0.0,0.0,0.0,40.9,48.7,0,0,-0.9990774397082004,-0.7429799002383637,-0.04760497628108983,150.0,1.0,Permanent-Slow,3,0.3616749766487311,0.3533737650138792,0.28495125833738966,76.013,74.572,SOFT,2.0,Q3
GRO,Haas,2019,Italian Grand Prix,Monza,5261.551646812222,11.0,0.0020906380357711,1.4770000000000039,1.6060000000000088,0.08149999999999125,2.1000000000000085,0.05,0.0,0.05,0.04149999999999999,0.04,0.0,38.0,50.3,0,2,0.38666258986472024,-1.5677527631784072,-1.6053002230701332,120.0,2.0,Permanent-Fast,1,0.3324668251138839,0.3351777579718756,0.3323554169142404,80.784,79.307,SOFT,2.0,Q1
GRO,Haas,2019,Japanese Grand Prix,Suzuka,5650.500064177964,18.0,0.0031855587639248,2.0800000000000125,1.6060000000000088,0.08149999999999125,2.1000000000000085,0.05,0.0,0.05,0.10850000000000001,0.05200000000000003,0.0,37.4,61.3,0,2,0.8597424407340858,0.3567172503483611,-0.29893057527368244,50.0,2.0,Permanent-Fast,3,0.34719106165305574,0.4545005833258548,0.1983083550210895,89.144,87.064,SOFT,2.0,Q3
GRO,Haas,2019,Mexican Grand Prix,Hermanos Rodriguez,4309.0,17.0,0.0039452309120445,3.841000000000008,1.6060000000000088,0.08149999999999125,2.090500000000006,0.05,0.0,0.05,0.06349999999999995,0.025999999999999943,0.0,38.7,57.5,0,1,-0.7719306088718323,0.0817929627016799,0.6074479515566137,2240.0,2.0,Permanent-Medium,1,0.3515311899642489,0.38793114416213953,0.26053766587361166,78.599,74.758,SOFT,2.0,Q1
GRO,Haas,2019,Monaco Grand Prix,Monaco,2982.89347053333,19.0,0.0063696542259026,1.6710000000000065,1.6060000000000088,0.08149999999999125,2.8655000000000044,0.05,0.0,0.05,0.06199999999999999,0.0,0.0,42.0,62.4,1,0,-2.3848804273745277,0.6316415379950423,3.5000710878223424,10.0,1.0,Street-Slow,2,0.2640004454529003,0.46869997355123405,0.26729958099586565,71.837,70.166,SOFT,2.0,Q2
GRO,Haas,2019,Russian Grand Prix,Sochi Autodrom,5760.2985642132535,18.0,0.0031248380269432,1.8889999999999958,1.6060000000000088,0.08149999999999125,2.090500000000006,0.05,0.0,0.05,0.24650000000000002,0.20200000000000004,0.0,29.9,58.9,0,1,0.993290890099623,0.3567172503483611,-0.37137758056360215,5.0,2.0,Permanent-Medium,3,0.36366649913919397,0.343242405124202,0.293091095736604,93.517,91.628,SOFT,2.0,Q3
GRO,Haas,2019,Singapore Grand Prix,Marina Bay,4956.5492831458605,23.0,0.0046403250903221,4.060000000000002,1.6060000000000088,0.08149999999999125,2.8655000000000044,0.05,0.0,0.05,0.16149999999999998,0.11,0.0,34.5,60.3,1,0,0.01568673220387009,1.731338688581767,1.436777339075894,10.0,1.0,Street-Slow,1,0.27180709434865424,0.3854024352543455,0.3427904703970004,100.277,96.217,SOFT,2.0,Q1
GRO,Haas,2019,Spanish Grand Prix,Barcelona-Catalunya,4348.990357163425,16.0,0.003679014825509,1.5049999999999955,1.6060000000000088,0.08149999999999125,2.090500000000006,0.15000000000000002,0.0,0.15000000000000002,0.11799999999999997,0.08799999999999997,0.0,35.6,56.0,0,1,-0.7232901430454965,-0.1931313249450013,0.28982074233246696,110.0,1.0,Permanent-Medium,3,0.28211829257193377,0.3698820714852232,0.34799963594284306,76.911,75.406,SOFT,4.0,Q3
GRO,Haas,2019,United States Grand Prix,COTA,5337.916050454483,20.0,0.0037467805433727,2.129000000000005,1.6060000000000088,0.08149999999999125,2.1000000000000085,0.05,0.0,0.05,0.28,0.28,0.0,26.0,25.1,0,2,0.4795449852514533,0.9065658256417235,0.37067324124127227,230.0,3.0,Permanent-Fast,2,0.26724229486607615,0.4005288982348818,0.33222880689904205,94.158,92.029,SOFT,2.0,Q2
GRO,Haas,2020,70th Anniversary Grand Prix,Silverstone,5729.156782444218,18.0,0.003141823602237,2.1000000000000085,2.4144999999999968,0.0015000000000000568,2.1000000000000085,0.45,0.4,0.05,0.023500000000000017,0.0020000000000000287,0.0,39.9,54.3,0,2,0.9554129895418016,0.3567172503483611,-0.3511117846537936,140.0,2.0,Permanent-Fast,2,0.31920599628670315,0.40744263873289477,0.273351364980402,87.254,85.154,MEDIUM,2.0,Q2
GRO,Haas,2020,Austrian Grand Prix,Red Bull Ring,3999.68196710701,10.0,0.0025001987863632,1.7520000000000024,2.4144999999999968,0.0015000000000000568,2.1000000000000085,0.05,0.0,0.05,0.0,0.0,0.0,49.0,34.0,0,2,-1.148155635993153,-1.8426770508250885,-1.1166459125389459,700.0,2.0,Permanent-Fast,2,0.25076131146527336,0.44394119738448934,0.30529749115023724,64.691,62.939,SOFT,2.0,Q2
GRO,Haas,2020,Bahrain Grand Prix,Bahrain International,5006.652008539475,15.0,0.0029960140977275,2.8740000000000094,2.4144999999999968,0.0015000000000000568,2.090500000000006,0.05,0.0,0.05,0.26749999999999996,0.238,0.0,28.1,55.9,0,1,0.07662692066868529,-0.4680556125916825,-0.5250797315138804,35.0,2.0,Permanent-Medium,1,0.3161152898888371,0.43041780381193273,0.2534669062992301,90.138,87.264,SOFT,2.0,Q1
GRO,Haas,2020,Belgian Grand Prix,Spa-Francorchamps,6775.131165030146,19.0,0.0028043737511782,2.5859999999999985,2.4144999999999968,0.0015000000000000568,2.1000000000000085,0.05,0.0,0.05,0.399,0.33,0.0,23.5,63.8,0,2,2.227636715963657,0.6316415379950423,-0.7537292817396346,300.0,2.0,Permanent-Fast,1,0.2959610161983089,0.42597122440724977,0.27806775939444134,103.838,101.252,SOFT,2.0,Q1
GRO,Haas,2020,British Grand Prix,Silverstone,5729.156782444218,18.0,0.003141823602237,3.3400000000000034,2.4144999999999968,0.0015000000000000568,2.1000000000000085,0.05,0.0,0.05,0.02,0.0,0.0,40.2,54.0,0,2,0.9554129895418016,0.3567172503483611,-0.3511117846537936,140.0,2.0,Permanent-Fast,1,0.32392775235900184,0.4031582670606894,0.27291398058030875,87.643,84.303,SOFT,2.0,Q1
GRO,Haas,2020,Eifel Grand Prix,Hockenheimring,4317.957322804004,17.0,0.0039370467860392,2.2830000000000013,2.4144999999999968,0.0015000000000000568,2.090500000000006,0.15000000000000002,0.0,0.15000000000000002,0.45300000000000007,0.42200000000000004,0.0,18.9,56.2,0,1,-0.7610357736003405,0.0817929627016799,0.5976833233674174,100.0,2.0,Permanent-Medium,1,0.32480126096491224,0.4141538742690058,0.26104486476608185,87.552,85.269,SOFT,4.0,Q1
GRO,Haas,2020,Emilia Romagna Grand Prix,Imola,4909.0,19.0,0.003870442045223,2.3090000000000117,2.4144999999999968,0.0015000000000000568,2.090500000000006,0.05,0.0,0.05,0.3565,0.284,0.0,25.8,64.5,0,1,-0.04214769204173995,0.6316415379950423,0.5182160070911476,37.0,1.0,Permanent-Medium,1,0.32025343133380757,0.34375246977001506,0.3359940988961775,75.918,73.609,SOFT,2.0,Q1
GRO,Haas,2020,Hungarian Grand Prix,Hungaroring,4122.248439558155,14.0,0.0033962048152295,2.9599999999999937,2.4144999999999968,0.0015000000000000568,2.200499999999998,0.05,0.0,0.05,0.3590000000000001,0.25200000000000006,0.0,27.4,71.4,0,0,-0.9990774397082004,-0.7429799002383637,-0.04760497628108983,150.0,1.0,Permanent-Slow,1,0.36526758019553185,0.3529781302760218,0.28175428952844633,76.407,73.447,SOFT,2.0,Q1
GRO,Haas,2020,Italian Grand Prix,Monza,5261.551646812222,11.0,0.0020906380357711,2.2519999999999953,2.4144999999999968,0.0015000000000000568,2.1000000000000085,0.05,0.0,0.05,0.0,0.0,0.0,46.0,45.0,0,2,0.38666258986472024,-1.5677527631784072,-1.6053002230701332,120.0,2.0,Permanent-Fast,1,0.332811594917364,0.3343151875177165,0.33287321756491944,81.139,78.887,SOFT,2.0,Q1
GRO,Haas,2020,Portuguese Grand Prix,Portimao,4653.0,15.0,0.0032237266279819,1.8980000000000103,2.4144999999999968,0.0015000000000000568,2.090500000000006,0.05,0.0,0.05,0.08599999999999995,0.08599999999999995,0.0,35.7,48.6,0,1,-0.3535217365559127,-0.4680556125916825,-0.25339180900199537,90.0,1.0,Permanent-Medium,1,0.29116686233474554,0.3829692205604614,0.325863917104793,78.364,76.466,SOFT,2.0,Q1
GRO,Haas,2020,Russian Grand Prix,Sochi Autodrom,5760.2985642132535,18.0,0.0031248380269432,3.2879999999999967,2.4144999999999968,0.0015000000000000568,2.090500000000006,0.05,0.0,0.05,0.18100000000000005,0.14400000000000007,0.0,32.8,57.4,0,1,0.993290890099623,0.3567172503483611,-0.37137758056360215,5.0,2.0,Permanent-Medium,1,0.36589775033829497,0.34599120433017594,0.2881110453315291,94.592,91.304,SOFT,2.0,Q1
GRO,Haas,2020,Spanish Grand Prix,Barcelona-Catalunya,4348.990357163425,16.0,0.003679014825509,2.5049999999999955,2.4144999999999968,0.0015000000000000568,2.090500000000006,0.05,0.0,0.05,0.04699999999999999,0.0,0.0,49.7,59.4,0,1,-0.7232901430454965,-0.1931313249450013,0.28982074233246696,110.0,1.0,Permanent-Medium,1,0.2795015943346694,0.37026982033320954,0.35022858533212103,78.089,75.584,SOFT,2.0,Q1
GRO,Haas,2020,Turkish Grand Prix,Istanbul Park,5338.0,14.0,0.0026227051330086,25.14399999999999,2.4144999999999968,0.0015000000000000568,2.1000000000000085,2.55,2.5,0.05,0.727,0.528,0.0,13.6,89.8,0,2,0.47964709349177603,-0.7429799002383637,-0.9704813831763092,130.0,1.0,Permanent-Fast,1,0.3739551121443996,0.3702081875568999,0.25583670029870065,132.909,107.765,WET,2.0,Q1
GRO,Haas,2020,Tuscan Grand Prix,Mugello,5245.0,15.0,0.0028598665395614,1.9249999999999972,2.4144999999999968,0.0015000000000000568,2.1000000000000085,0.05,0.0,0.05,0.0,0.0,0.0,44.9,41.1,0,2,0.36653074138311176,-0.4680556125916825,-0.6875198361136977,255.0,1.0,Permanent-Fast,2,0.359392232934124,0.27618108448273626,0.36442668258313976,77.069,75.144,SOFT,2.0,Q2
HAM,Mercedes,2019,Abu Dhabi Grand Prix,Yas Marina,5333.449274375974,21.0,0.0039374144047628,0.0,0.23350000000001359,-0.055999999999997385,0.3475000000000037,0.05,0.0,0.05,0.32050000000000006,0.23600000000000002,0.0,28.2,66.9,0,1,0.4741120237924506,1.1814901132884046,0.59812193588988,10.0,2.0,Permanent-Medium,3,0.1783411937243482,0.4287975184376286,0.3928612878380232,94.779,94.779,SOFT,2.0,Q3
HAM,Mercedes,2019,Australian Grand Prix,Albert Park,4843.53245567963,14.0,0.0028904523977295,0.0,0.23350000000001359,-0.055999999999997385,0.8289999999999935,0.05,0.0,0.05,0.1925,0.1,0.0,35.0,68.5,1,1,-0.12177618446144439,-0.7429799002383637,-0.6510272976721347,31.0,2.0,Street-Medium,3,0.3306537782968466,0.2728673309643913,0.396478890738762,80.486,80.486,SOFT,2.0,Q3
HAM,Mercedes,2019,Austrian Grand Prix,Red Bull Ring,3999.68196710701,10.0,0.0025001987863632,0.25900000000000034,0.23350000000001359,-0.055999999999997385,0.25850000000000506,0.05,0.0,0.05,0.0,0.0,0.0,50.0,25.9,0,2,-1.148155635993153,-1.8426770508250885,-1.1166459125389459,700.0,2.0,Permanent-Fast,3,0.25403875944484844,0.44424773165565423,0.30171350889949733,63.262,63.003,SOFT,2.0,Q3
HAM,Mercedes,2019,Azerbaijan Grand Prix,Baku City,4978.250124294395,20.0,0.0040174759203837,0.0589999999999975,0.23350000000001359,-0.055999999999997385,0.9579999999999984,0.05,0.0,0.05,0.4115,0.26799999999999996,0.0,26.6,78.7,1,2,0.042081570788943895,0.9065658256417235,0.6936447726344993,28.0,2.0,Street-Fast,3,0.35406846072756926,0.40031227002406666,0.24561926924836405,100.554,100.495,SOFT,2.0,Q3
HAM,Mercedes,2019,Bahrain Grand Prix,Bahrain International,5006.652008539475,15.0,0.0029960140977275,0.32399999999999807,0.23350000000001359,-0.055999999999997385,0.3475000000000037,0.05,0.0,0.05,0.26899999999999996,0.24,0.0,28.0,55.8,0,1,0.07662692066868529,-0.4680556125916825,-0.5250797315138804,35.0,2.0,Permanent-Medium,3,0.3168840004535662,0.43244131987753714,0.25067467966889667,88.19,87.866,SOFT,2.0,Q3
HAM,Mercedes,2019,Belgian Grand Prix,Spa-Francorchamps,6775.131165030146,19.0,0.0028043737511782,0.762999999999991,0.23350000000001359,-0.055999999999997385,0.25850000000000506,0.05,0.0,0.05,0.0,0.0,0.0,40.8,36.3,0,2,2.227636715963657,0.6316415379950423,-0.7537292817396346,300.0,2.0,Permanent-Fast,3,0.2974961755194516,0.4257276195271199,0.2767762049534285,103.282,102.519,SOFT,2.0,Q3
HAM,Mercedes,2019,Brazilian Grand Prix,Interlagos,4309.0,15.0,0.0034810860988628,0.19599999999999795,0.23350000000001359,-0.055999999999997385,0.3475000000000037,0.05,0.0,0.05,0.23850000000000002,0.18200000000000002,0.0,30.9,61.3,0,1,-0.7719306088718323,-0.4680556125916825,0.05366841251622112,800.0,2.0,Permanent-Medium,3,0.2589698518441927,0.5067873971550539,0.23424275100075334,67.699,67.503,SOFT,2.0,Q3
HAM,Mercedes,2019,British Grand Prix,Silverstone,5729.156782444218,18.0,0.003141823602237,0.006000000000000227,0.23350000000001359,-0.055999999999997385,0.25850000000000506,0.05,0.0,0.05,0.30200000000000005,0.21200000000000002,0.0,29.4,68.0,0,2,0.9554129895418016,0.3567172503483611,-0.3511117846537936,140.0,2.0,Permanent-Fast,3,0.3236583273598985,0.4052456550605765,0.27109601757952506,85.099,85.093,SOFT,2.0,Q3
HAM,Mercedes,2019,Canadian Grand Prix,Gilles Villeneuve,3927.405044134453,14.0,0.0035646947138566,0.20600000000000307,0.23350000000001359,-0.055999999999997385,0.3475000000000037,0.05,0.0,0.05,0.0,0.0,0.0,48.2,21.1,0,1,-1.2360664087705144,-0.7429799002383637,0.15342335743024896,22.0,2.0,Permanent-Medium,3,0.27429520483774805,0.3175339976719757,0.4081707974902763,70.446,70.24,SOFT,2.0,Q3
HAM,Mercedes,2019,Chinese Grand Prix,Shanghai International,5161.238099433068,16.0,0.0031000313668453,0.022999999999996135,0.23350000000001359,-0.055999999999997385,0.25850000000000506,0.05,0.0,0.05,0.166,0.166,0.0,31.7,48.8,0,2,0.2646507345248319,-0.1931313249450013,-0.4009748536645922,5.0,3.0,Permanent-Fast,3,0.26339412471333407,0.2971606421317025,0.4394452331549635,91.57,91.547,SOFT,2.0,Q3
HAM,Mercedes,2019,French Grand Prix,Paul Ricard,5247.8799638259,15.0,0.0028582970844219,0.0,0.23350000000001359,-0.055999999999997385,0.25850000000000506,0.05,0.0,0.05,0.0,0.0,0.0,52.4,43.2,0,2,0.37003365538516214,-0.4680556125916825,-0.6893923813172924,40.0,3.0,Permanent-Fast,3,0.24883660367531335,0.3091067607196639,0.44205663560502273,88.319,88.319,SOFT,2.0,Q3
HAM,Mercedes,2019,German Grand Prix,Hockenheimring,4317.957322804004,17.0,0.0039370467860392,0.0,0.23350000000001359,-0.055999999999997385,0.3475000000000037,0.05,0.0,0.05,0.0,0.0,0.0,44.5,49.9,0,1,-0.7610357736003405,0.0817929627016799,0.5976833233674174,100.0,2.0,Permanent-Medium,3,0.2147365780929954,0.48172558418214506,0.3035378377248596,71.767,71.767,SOFT,2.0,Q3
HAM,Mercedes,2019,Hungarian Grand Prix,Hungaroring,4122.248439558155,14.0,0.0033962048152295,0.19700000000000273,0.23350000000001359,-0.055999999999997385,0.09850000000000136,0.05,0.0,0.05,0.0,0.0,0.0,40.1,48.4,0,0,-0.9990774397082004,-0.7429799002383637,-0.04760497628108983,150.0,1.0,Permanent-Slow,3,0.36416161778277095,0.3542644678944482,0.28157391432278084,74.769,74.572,SOFT,2.0,Q3
HAM,Mercedes,2019,Italian Grand Prix,Monza,5261.551646812222,11.0,0.0020906380357711,0.03900000000000148,0.23350000000001359,-0.055999999999997385,0.25850000000000506,0.05,0.0,0.05,0.053500000000000054,0.04400000000000006,0.0,37.8,51.9,0,2,0.38666258986472024,-1.5677527631784072,-1.6053002230701332,120.0,2.0,Permanent-Fast,3,0.3365261008746503,0.33023718902024046,0.33323671010510925,79.346,79.307,SOFT,2.0,Q3
HAM,Mercedes,2019,Japanese Grand Prix,Suzuka,5650.500064177964,18.0,0.0031855587639248,0.23800000000001376,0.23350000000001359,-0.055999999999997385,0.25850000000000506,0.05,0.0,0.05,0.09049999999999997,0.03799999999999997,0.0,38.1,60.5,0,2,0.8597424407340858,0.3567172503483611,-0.29893057527368244,50.0,2.0,Permanent-Fast,3,0.34916725848205077,0.4527273143799684,0.1981054271379808,87.302,87.064,SOFT,2.0,Q3
HAM,Mercedes,2019,Mexican Grand Prix,Hermanos Rodriguez,4309.0,17.0,0.0039452309120445,0.5040000000000049,0.23350000000001359,-0.055999999999997385,0.3475000000000037,0.05,0.0,0.05,0.11850000000000006,0.10400000000000006,0.0,34.8,52.9,0,1,-0.7719306088718323,0.0817929627016799,0.6074479515566137,2240.0,2.0,Permanent-Medium,3,0.35828173580292844,0.3801520023384975,0.26156626185857407,75.262,74.758,SOFT,2.0,Q3
HAM,Mercedes,2019,Monaco Grand Prix,Monaco,2982.89347053333,19.0,0.0063696542259026,0.0,0.23350000000001359,-0.055999999999997385,0.3509999999999991,0.05,0.0,0.05,0.07100000000000002,0.0,0.0,41.1,64.2,1,0,-2.3848804273745277,0.6316415379950423,3.5000710878223424,10.0,1.0,Street-Slow,3,0.26052504061796317,0.47168144115383515,0.2677935182282017,70.166,70.166,SOFT,2.0,Q3
HAM,Mercedes,2019,Russian Grand Prix,Sochi Autodrom,5760.2985642132535,18.0,0.0031248380269432,0.402000000000001,0.23350000000001359,-0.055999999999997385,0.3475000000000037,0.05,0.0,0.05,0.24650000000000002,0.20200000000000004,0.0,29.9,58.9,0,1,0.993290890099623,0.3567172503483611,-0.37137758056360215,5.0,2.0,Permanent-Medium,3,0.36734760404216016,0.3424752798000652,0.29017711615777464,92.03,91.628,SOFT,2.0,Q3
HAM,Mercedes,2019,Singapore Grand Prix,Marina Bay,4956.5492831458605,23.0,0.0046403250903221,0.1910000000000025,0.23350000000001359,-0.055999999999997385,0.3509999999999991,0.05,0.0,0.05,0.18099999999999994,0.12599999999999995,0.0,33.7,61.0,1,0,0.01568673220387009,1.731338688581767,1.436777339075894,10.0,1.0,Street-Slow,3,0.27427184466019416,0.3851547589411667,0.34057339639863915,96.408,96.217,SOFT,2.0,Q3
HAM,Mercedes,2019,Spanish Grand Prix,Barcelona-Catalunya,4348.990357163425,16.0,0.003679014825509,0.6319999999999908,0.23350000000001359,-0.055999999999997385,0.3475000000000037,0.05,0.0,0.05,0.15000000000000008,0.10400000000000006,0.0,34.8,59.2,0,1,-0.7232901430454965,-0.1931313249450013,0.28982074233246696,110.0,1.0,Permanent-Medium,3,0.2846734527473106,0.3719193035061417,0.3434072437465478,76.038,75.406,SOFT,2.0,Q3
HAM,Mercedes,2019,United States Grand Prix,COTA,5337.916050454483,20.0,0.0037467805433727,0.2920000000000016,0.23350000000001359,-0.055999999999997385,0.25850000000000506,0.05,0.0,0.05,0.28200000000000003,0.28200000000000003,0.0,25.9,24.8,0,2,0.4795449852514533,0.9065658256417235,0.37067324124127227,230.0,3.0,Permanent-Fast,3,0.26702483725262943,0.3993240974426187,0.3336510653047519,92.321,92.029,SOFT,2.0,Q3
HAM,Mercedes,2020,70th Anniversary Grand Prix,Silverstone,5729.156782444218,18.0,0.003141823602237,0.06300000000000239,0.0555000000000021,-0.030999999999998806,0.25850000000000506,0.45,0.4,0.05,0.024000000000000056,0.004000000000000057,0.0,39.8,54.0,0,2,0.9554129895418016,0.3567172503483611,-0.3511117846537936,140.0,2.0,Permanent-Fast,3,0.32075759531548864,0.4054120656676484,0.2738303390168628,85.217,85.154,MEDIUM,2.0,Q3
HAM,Mercedes,2020,Abu Dhabi Grand Prix,Yas Marina,5333.449274375974,21.0,0.0039374144047628,0.08599999999999852,0.0555000000000021,-0.030999999999998806,0.3475000000000037,0.05,0.0,0.05,0.319,0.256,0.0,27.2,62.6,0,1,0.4741120237924506,1.1814901132884046,0.59812193588988,10.0,2.0,Permanent-Medium,3,0.17815633785087906,0.42752695841899885,0.3943167037301221,95.332,95.246,SOFT,2.0,Q3
HAM,Mercedes,2020,Austrian Grand Prix,Red Bull Ring,3999.68196710701,10.0,0.0025001987863632,0.012000000000000455,0.0555000000000021,-0.030999999999998806,0.25850000000000506,0.05,0.0,0.05,0.0,0.0,0.0,48.8,33.3,0,2,-1.148155635993153,-1.8426770508250885,-1.1166459125389459,700.0,2.0,Permanent-Fast,3,0.2540547409890232,0.4437419580308494,0.30220330098012743,62.951,62.939,SOFT,2.0,Q3
HAM,Mercedes,2020,Bahrain Grand Prix,Bahrain International,5006.652008539475,15.0,0.0029960140977275,0.0,0.0555000000000021,-0.030999999999998806,0.3475000000000037,0.05,0.0,0.05,0.30200000000000005,0.256,0.0,27.2,59.2,0,1,0.07662692066868529,-0.4680556125916825,-0.5250797315138804,35.0,2.0,Permanent-Medium,3,0.3170723322332233,0.4325036670333699,0.25042400073340665,87.264,87.264,SOFT,2.0,Q3
HAM,Mercedes,2020,Belgian Grand Prix,Spa-Francorchamps,6775.131165030146,19.0,0.0028043737511782,0.0,0.0555000000000021,-0.030999999999998806,0.25850000000000506,0.05,0.0,0.05,0.383,0.326,0.0,23.7,61.4,0,2,2.227636715963657,0.6316415379950423,-0.7537292817396346,300.0,2.0,Permanent-Fast,3,0.300448386204717,0.41940899932840836,0.2801426144668747,101.252,101.252,SOFT,2.0,Q3
HAM,Mercedes,2020,British Grand Prix,Silverstone,5729.156782444218,18.0,0.003141823602237,0.0,0.0555000000000021,-0.030999999999998806,0.25850000000000506,0.05,0.0,0.05,0.021499999999999988,0.0,0.0,40.6,54.3,0,2,0.9554129895418016,0.3567172503483611,-0.3511117846537936,140.0,2.0,Permanent-Fast,3,0.322965967996394,0.4020734730673879,0.2749605589362182,84.303,84.303,SOFT,2.0,Q3
HAM,Mercedes,2020,Eifel Grand Prix,Hockenheimring,4317.957322804004,17.0,0.0039370467860392,0.12099999999999511,0.0555000000000021,-0.030999999999998806,0.3475000000000037,0.05,0.0,0.05,0.486,0.456,0.0,17.2,56.0,0,1,-0.7610357736003405,0.0817929627016799,0.5976833233674174,100.0,2.0,Permanent-Medium,3,0.3259046726782996,0.4176015926923527,0.2564937346293477,85.39,85.269,SOFT,2.0,Q3
HAM,Mercedes,2020,Emilia Romagna Grand Prix,Imola,4909.0,19.0,0.003870442045223,0.09700000000000841,0.0555000000000021,-0.030999999999998806,0.3475000000000037,0.05,0.0,0.05,0.40650000000000003,0.318,0.0,24.1,67.7,0,1,-0.04214769204173995,0.6316415379950423,0.5182160070911476,37.0,1.0,Permanent-Medium,3,0.3186714785770494,0.3464439801373023,0.33488454128564843,73.706,73.609,SOFT,2.0,Q3
HAM,Mercedes,2020,Hungarian Grand Prix,Hungaroring,4122.248439558155,14.0,0.0033962048152295,0.0,0.0555000000000021,-0.030999999999998806,0.09850000000000136,0.05,0.0,0.05,0.38849999999999996,0.288,0.0,25.6,70.1,0,0,-0.9990774397082004,-0.7429799002383637,-0.04760497628108983,150.0,1.0,Permanent-Slow,3,0.36704017863221094,0.3507018666521437,0.2822579547156453,73.447,73.447,SOFT,2.0,Q3
HAM,Mercedes,2020,Italian Grand Prix,Monza,5261.551646812222,11.0,0.0020906380357711,0.0,0.0555000000000021,-0.030999999999998806,0.25850000000000506,0.05,0.0,0.05,0.0,0.0,0.0,44.6,41.2,0,2,0.38666258986472024,-1.5677527631784072,-1.6053002230701332,120.0,2.0,Permanent-Fast,3,0.33741934666041296,0.3318671010432644,0.33071355229632254,78.887,78.887,SOFT,2.0,Q3
HAM,Mercedes,2020,Portuguese Grand Prix,Portimao,4653.0,15.0,0.0032237266279819,0.18600000000000705,0.0555000000000021,-0.030999999999998806,0.3475000000000037,0.55,0.4,0.15000000000000002,0.104,0.09799999999999998,0.0,35.1,51.2,0,1,-0.3535217365559127,-0.4680556125916825,-0.25339180900199537,90.0,1.0,Permanent-Medium,3,0.2904816573605385,0.38214267077179986,0.32737567186766164,76.652,76.466,MEDIUM,4.0,Q3
HAM,Mercedes,2020,Russian Grand Prix,Sochi Autodrom,5760.2985642132535,18.0,0.0031248380269432,0.0,0.0555000000000021,-0.030999999999998806,0.3475000000000037,0.05,0.0,0.05,0.18650000000000003,0.166,0.0,31.7,54.1,0,1,0.993290890099623,0.3567172503483611,-0.37137758056360215,5.0,2.0,Permanent-Medium,3,0.3653837728905634,0.34389511960045566,0.29072110750898106,91.304,91.304,SOFT,2.0,Q3
HAM,Mercedes,2020,Spanish Grand Prix,Barcelona-Catalunya,4348.990357163425,16.0,0.003679014825509,0.0,0.0555000000000021,-0.030999999999998806,0.3475000000000037,0.05,0.0,0.05,0.011000000000000015,0.0,0.0,48.6,52.2,0,1,-0.7232901430454965,-0.1931313249450013,0.28982074233246696,110.0,1.0,Permanent-Medium,3,0.28303609229466553,0.36990632938187973,0.3470575783234547,75.584,75.584,SOFT,2.0,Q3
HAM,Mercedes,2020,Styrian Grand Prix,Red Bull Ring,3999.68196710701,10.0,0.0025001987863632,0.0,0.0555000000000021,-0.030999999999998806,0.25850000000000506,2.8,2.5,0.30000000000000004,4.098,0.40399999999999997,3.5,19.8,88.8,0,2,-1.148155635993153,-1.8426770508250885,-1.1166459125389459,700.0,2.0,Permanent-Fast,3,0.24330228075811117,0.44538387407645363,0.3113138451654353,77.825,77.825,WET,7.0,Q3
HAM,Mercedes,2020,Turkish Grand Prix,Istanbul Park,5338.0,14.0,0.0026227051330086,4.795000000000002,0.0555000000000021,-0.030999999999998806,0.25850000000000506,1.6,1.5,0.1,0.7405,0.54,0.0,13.0,90.1,0,2,0.47964709349177603,-0.7429799002383637,-0.9704813831763092,130.0,1.0,Permanent-Fast,3,0.37585287846481874,0.35827114427860696,0.26587597725657425,112.56,107.765,INTERMEDIATE,3.0,Q3
HAM,Mercedes,2020,Tuscan Grand Prix,Mugello,5245.0,15.0,0.0028598665395614,0.0,0.0555000000000021,-0.030999999999998806,0.25850000000000506,0.05,0.0,0.05,0.0,0.0,0.0,44.1,41.1,0,2,0.36653074138311176,-0.4680556125916825,-0.6875198361136977,255.0,1.0,Permanent-Fast,3,0.3577264984562972,0.2749121686362185,0.3673613329074843,75.144,75.144,SOFT,2.0,Q3
HAM,Mercedes,2021,Abu Dhabi Grand Prix,Yas Marina,5333.449274375974,21.0,0.0039374144047628,0.3710000000000093,0.22349999999999426,-0.11549999999999727,0.3475000000000037,0.05,0.0,0.05,0.3075,0.24600000000000002,0.0,27.7,62.3,0,1,0.4741120237924506,1.1814901132884046,0.59812193588988,10.0,2.0,Permanent-Medium,3,0.2049224054316198,0.43383850630455867,0.36123908826382156,82.48,82.109,SOFT,2.0,Q3
HAM,Mercedes,2021,Austrian Grand Prix,Red Bull Ring,3999.68196710701,10.0,0.0025001987863632,0.29399999999999693,0.22349999999999426,-0.11549999999999727,0.25850000000000506,0.05,0.0,0.05,0.0,0.0,0.0,50.5,27.2,0,2,-1.148155635993153,-1.8426770508250885,-1.1166459125389459,700.0,2.0,Permanent-Fast,3,0.25492860936670103,0.4424032242946856,0.30266816633861343,64.014,63.72,SOFT,2.0,Q3
HAM,Mercedes,2021,Azerbaijan Grand Prix,Baku City,4978.250124294395,20.0,0.0040174759203837,0.23199999999999932,0.22349999999999426,-0.11549999999999727,0.9579999999999984,0.1,0.0,0.1,0.0035000000000000144,0.0,0.0,44.2,50.7,1,2,0.042081570788943895,0.9065658256417235,0.6936447726344993,28.0,2.0,Street-Fast,3,0.35025135534746177,0.4010152784622966,0.24873336619024147,101.45,101.218,SOFT,3.0,Q3
HAM,Mercedes,2021,Bahrain Grand Prix,Bahrain International,5006.652008539475,15.0,0.0029960140977275,0.38800000000000523,0.22349999999999426,-0.11549999999999727,0.3475000000000037,0.05,0.0,0.05,0.14400000000000007,0.14400000000000007,0.0,32.8,44.5,0,1,0.07662692066868529,-0.4680556125916825,-0.5250797315138804,35.0,2.0,Permanent-Medium,3,0.31741343625888013,0.4311237903451362,0.25146277339598366,89.385,88.997,SOFT,2.0,Q3
HAM,Mercedes,2021,Belgian Grand Prix,Spa-Francorchamps,6775.131165030146,19.0,0.0028043737511782,0.20399999999999352,0.22349999999999426,-0.11549999999999727,0.25850000000000506,1.55,1.5,0.05,0.6575,0.452,0.0,17.4,91.1,0,2,2.227636715963657,0.6316415379950423,-0.7537292817396346,300.0,2.0,Permanent-Fast,3,0.27752970429066753,0.4559017112768758,0.2665685844324566,116.229,116.025,INTERMEDIATE,2.0,Q3
HAM,Mercedes,2021,British Grand Prix,Silverstone,5729.156782444218,18.0,0.003141823602237,0.0,0.22349999999999426,-0.11549999999999727,0.25850000000000506,0.05,0.0,0.05,0.06899999999999999,0.04,0.0,38.0,55.8,0,2,0.9554129895418016,0.3567172503483611,-0.3511117846537936,140.0,2.0,Permanent-Fast,3,0.31729886193227397,0.4066005603152645,0.27610057775246155,86.023,86.023,SOFT,2.0,Q3
HAM,Mercedes,2021,Dutch Grand Prix,Zandvoort,4259.0,14.0,0.0032871566095327,0.0379999999999967,0.22349999999999426,-0.11549999999999727,0.3475000000000037,0.05,0.0,0.05,0.1485,0.09799999999999998,0.0,35.1,60.1,0,1,-0.8327458519410066,-0.7429799002383637,-0.1777123552044761,2.0,2.0,Permanent-Medium,3,0.3503765071166374,0.34006064738911534,0.3095628454942472,68.923,68.885,SOFT,2.0,Q3
HAM,Mercedes,2021,Emilia Romagna Grand Prix,Imola,4909.0,19.0,0.003870442045223,0.0,0.22349999999999426,-0.11549999999999727,0.3475000000000037,0.05,0.0,0.05,0.18799999999999997,0.18799999999999997,0.0,30.6,35.2,0,1,-0.04214769204173995,0.6316415379950423,0.5182160070911476,37.0,1.0,Permanent-Medium,3,0.3176008923411861,0.3467901251159103,0.33560898254290356,74.411,74.411,SOFT,2.0,Q3
HAM,Mercedes,2021,French Grand Prix,Paul Ricard,5247.8799638259,15.0,0.0028582970844219,0.2580000000000098,0.22349999999999426,-0.11549999999999727,0.25850000000000506,0.05,0.0,0.05,0.0,0.0,0.0,42.0,44.7,0,2,0.37003365538516214,-0.4680556125916825,-0.6893923813172924,40.0,3.0,Permanent-Fast,3,0.24791685134296607,0.3048931832284372,0.4471899654285968,90.248,89.99,SOFT,2.0,Q3
HAM,Mercedes,2021,Hungarian Grand Prix,Hungaroring,4122.248439558155,14.0,0.0033962048152295,0.0,0.22349999999999426,-0.11549999999999727,0.09850000000000136,0.05,0.0,0.05,0.0,0.0,0.0,57.2,46.1,0,0,-0.9990774397082004,-0.7429799002383637,-0.04760497628108983,150.0,1.0,Permanent-Slow,3,0.36270701016985113,0.35404871451491005,0.2832442753152389,75.419,75.419,SOFT,2.0,Q3
HAM,Mercedes,2021,Italian Grand Prix,Monza,5261.551646812222,11.0,0.0020906380357711,0.09599999999998943,0.22349999999999426,-0.11549999999999727,0.25850000000000506,0.05,0.0,0.05,0.19,0.19,0.0,30.5,43.7,0,2,0.38666258986472024,-1.5677527631784072,-1.6053002230701332,120.0,2.0,Permanent-Fast,3,0.33563922612396585,0.33404477031047947,0.33031600356555474,79.651,79.555,SOFT,2.0,Q3
HAM,Mercedes,2021,Mexico City Grand Prix,Hermanos Rodriguez,4309.0,17.0,0.0039452309120445,0.14499999999999602,0.22349999999999426,-0.11549999999999727,0.3475000000000037,0.05,0.0,0.05,0.0,0.0,0.0,45.2,19.0,0,1,-0.7719306088718323,0.0817929627016799,0.6074479515566137,2240.0,2.0,Permanent-Medium,3,0.3562220468297816,0.3847803209681662,0.2589976322020521,76.02,75.875,SOFT,2.0,Q3
HAM,Mercedes,2021,Monaco Grand Prix,Monaco,2982.89347053333,19.0,0.0063696542259026,0.7489999999999952,0.22349999999999426,-0.11549999999999727,0.3509999999999991,0.1,0.0,0.1,0.31799999999999995,0.19,0.0,30.5,75.6,1,0,-2.3848804273745277,0.6316415379950423,3.5000710878223424,10.0,1.0,Street-Slow,3,0.262873619804487,0.46786693860327727,0.26925944159223575,71.095,70.346,SOFT,3.0,Q3
HAM,Mercedes,2021,Portuguese Grand Prix,Portimao,4653.0,15.0,0.0032237266279819,0.0,0.22349999999999426,-0.11549999999999727,0.3475000000000037,0.5,0.4,0.1,0.07,0.07,0.0,36.5,41.6,0,1,-0.3535217365559127,-0.4680556125916825,-0.25339180900199537,90.0,1.0,Permanent-Medium,3,0.2900292427662631,0.38218243381900263,0.32778832341473424,77.968,77.968,MEDIUM,3.0,Q3
HAM,Mercedes,2021,Qatar Grand Prix,Losail,5380.0,16.0,0.0029739776951672,0.0,0.22349999999999426,-0.11549999999999727,0.3475000000000037,0.05,0.0,0.05,0.3205,0.23,0.0,28.5,68.1,0,1,0.5307318976698825,-0.1931313249450013,-0.5513717604354108,20.0,2.0,Permanent-Medium,3,0.32724213443527533,0.333081767231247,0.33967609833347767,80.827,80.827,SOFT,2.0,Q3
HAM,Mercedes,2021,Russian Grand Prix,Sochi Autodrom,5760.2985642132535,18.0,0.0031248380269432,2.057000000000002,0.22349999999999426,-0.11549999999999727,0.3475000000000037,1.55,1.5,0.05,0.6285000000000001,0.48,0.0,16.0,79.7,0,1,0.993290890099623,0.3567172503483611,-0.37137758056360215,5.0,2.0,Permanent-Medium,3,0.35500240269101396,0.34268140317155216,0.30231619413743394,104.05,101.993,INTERMEDIATE,2.0,Q3
HAM,Mercedes,2021,Saudi Arabian Grand Prix,Jeddah,6174.0,27.0,0.0043731778425655,0.0,0.22349999999999426,-0.11549999999999727,0.9579999999999984,0.05,0.0,0.05,0.3015,0.18600000000000003,0.0,30.7,73.1,1,2,1.4964779576083713,2.8310358391684916,1.1180391446222482,15.0,3.0,Street-Fast,3,0.3657483059272549,0.31978836946212474,0.3144633246106204,87.511,87.511,SOFT,2.0,Q3
HAM,Mercedes,2021,Spanish Grand Prix,Barcelona-Catalunya,4348.990357163425,16.0,0.003679014825509,0.0,0.22349999999999426,-0.11549999999999727,0.3475000000000037,0.05,0.0,0.05,0.0,0.0,0.0,44.1,48.5,0,1,-0.7232901430454965,-0.1931313249450013,0.28982074233246696,110.0,1.0,Permanent-Medium,3,0.28404633768129167,0.3719393805136759,0.3440142818050326,76.741,76.741,SOFT,2.0,Q3
HAM,Mercedes,2021,Styrian Grand Prix,Red Bull Ring,3999.68196710701,10.0,0.0025001987863632,0.22599999999999199,0.22349999999999426,-0.11549999999999727,0.25850000000000506,0.05,0.0,0.05,0.0,0.0,0.0,53.2,28.3,0,2,-1.148155635993153,-1.8426770508250885,-1.1166459125389459,700.0,2.0,Permanent-Fast,3,0.25390606708601926,0.44392589008381844,0.3021680428301622,64.067,63.841,SOFT,2.0,Q3
HAM,Mercedes,2021,São Paulo Grand Prix,Interlagos,4309.0,15.0,0.0034810860988628,0.0,0.22349999999999426,-0.11549999999999727,0.3475000000000037,0.05,0.0,0.05,0.48,0.32,0.0,24.0,82.0,0,1,-0.7719306088718323,-0.4680556125916825,0.05366841251622112,800.0,2.0,Permanent-Medium,3,0.2575735272470339,0.507036241057497,0.23539023169546913,67.934,67.934,SOFT,2.0,Q3
HAM,Mercedes,2021,Turkish Grand Prix,Istanbul Park,5338.0,14.0,0.0026227051330086,0.0,0.22349999999999426,-0.11549999999999727,0.25850000000000506,0.05,0.0,0.05,0.491,0.33,0.0,23.5,82.2,0,2,0.47964709349177603,-0.7429799002383637,-0.9704813831763092,130.0,1.0,Permanent-Fast,3,0.37092725780759767,0.3531157986194913,0.2759569435729111,82.868,82.868,SOFT,2.0,Q3
HAM,Mercedes,2021,United States Grand Prix,COTA,5337.916050454483,20.0,0.0037467805433727,0.20900000000000318,0.22349999999999426,-0.11549999999999727,0.25850000000000506,0.05,0.0,0.05,0.15400000000000003,0.11200000000000003,0.0,34.4,58.4,0,2,0.4795449852514533,0.9065658256417235,0.37067324124127227,230.0,3.0,Permanent-Fast,3,0.26935426712056615,0.3992740471869328,0.331371685692501,93.119,92.91,SOFT,2.0,Q3
HAM,Mercedes,2022,Abu Dhabi Grand Prix,Yas Marina,5333.449274375974,21.0,0.0039374144047628,0.6839999999999975,1.0160000000000018,-0.005250000000003752,0.3475000000000037,0.05,0.0,0.05,0.25,0.14,0.0,33.0,72.0,0,1,0.4741120237924506,1.1814901132884046,0.59812193588988,10.0,2.0,Permanent-Medium,3,0.2037676906328395,0.43156860888909926,0.3646637004780613,84.508,83.824,SOFT,2.0,Q3
HAM,Mercedes,2022,Australian Grand Prix,Albert Park,4843.53245567963,14.0,0.0028904523977295,0.9570000000000078,1.0160000000000018,-0.005250000000003752,0.8289999999999935,0.2,0.0,0.2,0.322,0.262,0.0,26.9,62.0,1,1,-0.12177618446144439,-0.7429799002383637,-0.6510272976721347,31.0,2.0,Street-Medium,3,0.3422137646685696,0.22835394862036154,0.4294322867110688,78.825,77.868,SOFT,5.0,Q3
HAM,Mercedes,2022,Austrian Grand Prix,Red Bull Ring,3999.68196710701,10.0,0.0025001987863632,0.49099999999999966,1.0160000000000018,-0.005250000000003752,0.25850000000000506,0.15000000000000002,0.0,0.15000000000000002,0.07200000000000004,0.07200000000000004,0.0,36.4,34.0,0,2,-1.148155635993153,-1.8426770508250885,-1.1166459125389459,700.0,2.0,Permanent-Fast,3,0.2520351279114165,0.4461702940053455,0.30179457808323784,65.475,64.984,SOFT,4.0,Q3
HAM,Mercedes,2022,Azerbaijan Grand Prix,Baku City,4978.250124294395,20.0,0.0040174759203837,1.565000000000012,1.0160000000000018,-0.005250000000003752,0.9579999999999984,0.05,0.0,0.05,0.23599999999999996,0.13599999999999995,0.0,33.2,70.0,1,2,0.042081570788943895,0.9065658256417235,0.6936447726344993,28.0,2.0,Street-Fast,3,0.3514146360421282,0.4023357040146127,0.24624965994325912,102.924,101.359,SOFT,2.0,Q3
HAM,Mercedes,2022,Bahrain Grand Prix,Bahrain International,5006.652008539475,15.0,0.0029960140977275,0.4899999999999949,1.0160000000000018,-0.005250000000003752,0.3475000000000037,0.05,0.0,0.05,0.32999999999999996,0.3,0.0,25.0,56.0,0,1,0.07662692066868529,-0.4680556125916825,-0.5250797315138804,35.0,2.0,Permanent-Medium,3,0.31961163342412796,0.4287628503646428,0.25162551621122925,91.048,90.558,SOFT,2.0,Q3
HAM,Mercedes,2022,Belgian Grand Prix,Spa-Francorchamps,6775.131165030146,19.0,0.0028043737511782,1.7549999999999955,1.0160000000000018,-0.005250000000003752,0.25850000000000506,0.05,0.0,0.05,0.549,0.384,0.0,20.8,83.0,0,2,2.227636715963657,0.6316415379950423,-0.7537292817396346,300.0,2.0,Permanent-Fast,3,0.293340922026181,0.42642762284196545,0.28023145513185355,105.42,103.665,SOFT,2.0,Q3
HAM,Mercedes,2022,British Grand Prix,Silverstone,5729.156782444218,18.0,0.003141823602237,1.2989999999999924,1.0160000000000018,-0.005250000000003752,0.25850000000000506,1.95,1.5,0.45,0.5820000000000001,0.392,0.0,20.4,88.0,0,2,0.9554129895418016,0.3567172503483611,-0.3511117846537936,140.0,2.0,Permanent-Fast,3,0.31335882423228584,0.4057334607878281,0.2809077149798861,100.428,99.129,INTERMEDIATE,10.0,Q3
HAM,Mercedes,2022,Canadian Grand Prix,Gilles Villeneuve,3927.405044134453,14.0,0.0035646947138566,1.5919999999999987,1.0160000000000018,-0.005250000000003752,0.3475000000000037,1.6,1.5,0.1,0.504,0.434,0.0,18.3,64.0,0,1,-1.2360664087705144,-0.7429799002383637,0.15342335743024896,22.0,2.0,Permanent-Medium,3,0.28407185339783575,0.31732033634532103,0.39860781025684333,82.891,81.299,INTERMEDIATE,3.0,Q3
HAM,Mercedes,2022,Dutch Grand Prix,Zandvoort,4259.0,14.0,0.0032871566095327,0.3059999999999974,1.0160000000000018,-0.005250000000003752,0.3475000000000037,0.05,0.0,0.05,0.02,0.02,0.0,39.0,29.0,0,1,-0.8327458519410066,-0.7429799002383637,-0.1777123552044761,2.0,2.0,Permanent-Medium,3,0.34435511267127167,0.3478371645340279,0.3078077227947005,70.648,70.342,SOFT,2.0,Q3
HAM,Mercedes,2022,Emilia Romagna Grand Prix,Imola,4909.0,19.0,0.003870442045223,1.6769999999999925,1.0160000000000018,-0.005250000000003752,0.3475000000000037,0.1,0.0,0.1,0.671,0.506,0.0,14.7,83.0,0,1,-0.04214769204173995,0.6316415379950423,0.5182160070911476,37.0,1.0,Permanent-Medium,2,0.3228408102398409,0.34023859823536723,0.3369205915247918,80.47,78.793,SOFT,3.0,Q2
HAM,Mercedes,2022,French Grand Prix,Paul Ricard,5247.8799638259,15.0,0.0028582970844219,0.8930000000000007,1.0160000000000018,-0.005250000000003752,0.25850000000000506,0.05,0.0,0.05,0.0,0.0,0.0,53.6,46.0,0,2,0.37003365538516214,-0.4680556125916825,-0.6893923813172924,40.0,3.0,Permanent-Fast,3,0.24721843840244107,0.3075682449735738,0.4452133166239852,91.765,90.872,SOFT,2.0,Q3
HAM,Mercedes,2022,Hungarian Grand Prix,Hungaroring,4122.248439558155,14.0,0.0033962048152295,0.6580000000000013,1.0160000000000018,-0.005250000000003752,0.09850000000000136,0.05,0.0,0.05,0.294,0.19399999999999998,0.0,30.3,70.0,0,0,-0.9990774397082004,-0.7429799002383637,-0.04760497628108983,150.0,1.0,Permanent-Slow,3,0.3630934836932146,0.35653232523867495,0.2803741910681105,78.035,77.377,SOFT,2.0,Q3
HAM,Mercedes,2022,Italian Grand Prix,Monza,5261.551646812222,11.0,0.0020906380357711,1.3629999999999995,1.0160000000000018,-0.005250000000003752,0.25850000000000506,0.05,0.0,0.05,0.0,0.0,0.0,40.7,33.0,0,2,0.38666258986472024,-1.5677527631784072,-1.6053002230701332,120.0,2.0,Permanent-Fast,3,0.33146067415730335,0.33633040577008,0.33220892007261665,81.524,80.161,SOFT,2.0,Q3
HAM,Mercedes,2022,Japanese Grand Prix,Suzuka,5650.500064177964,18.0,0.0031855587639248,0.9569999999999936,1.0160000000000018,-0.005250000000003752,0.25850000000000506,0.05,0.0,0.05,0.32399999999999995,0.284,0.0,25.8,58.0,0,2,0.8597424407340858,0.3567172503483611,-0.29893057527368244,50.0,2.0,Permanent-Fast,3,0.3470047971992334,0.4516457827854777,0.201349420015289,90.261,89.304,SOFT,2.0,Q3
HAM,Mercedes,2022,Mexico City Grand Prix,Hermanos Rodriguez,4309.0,17.0,0.0039452309120445,0.3089999999999975,1.0160000000000018,-0.005250000000003752,0.3475000000000037,0.05,0.0,0.05,0.0,0.0,0.0,46.0,36.0,0,1,-0.7719306088718323,0.0817929627016799,0.6074479515566137,2240.0,2.0,Permanent-Medium,3,0.35493827160493824,0.3850852927616413,0.25997643563342043,78.084,77.775,SOFT,2.0,Q3
HAM,Mercedes,2022,Miami Grand Prix,Miami,5412.0,19.0,0.003510716925351,0.8289999999999935,1.0160000000000018,-0.005250000000003752,0.8289999999999935,0.05,0.0,0.05,0.0,0.0,0.0,49.4,41.0,1,1,0.5696536532341541,0.6316415379950423,0.08902148545382091,3.0,3.0,Street-Medium,3,0.33123570432357047,0.38259414225941424,0.28617015341701535,89.625,88.796,SOFT,2.0,Q3
HAM,Mercedes,2022,Monaco Grand Prix,Monaco,2982.89347053333,19.0,0.0063696542259026,1.1839999999999975,1.0160000000000018,-0.005250000000003752,0.3509999999999991,0.30000000000000004,0.0,0.30000000000000004,0.0,0.0,0.0,47.4,42.0,1,0,-2.3848804273745277,0.6316415379950423,3.5000710878223424,10.0,1.0,Street-Slow,3,0.26380926130099225,0.471747519294377,0.2644432194046306,72.56,71.376,SOFT,7.0,Q3
HAM,Mercedes,2022,Saudi Arabian Grand Prix,Jeddah,6174.0,27.0,0.0043731778425655,2.1430000000000007,1.0160000000000018,-0.005250000000003752,0.9579999999999984,0.25,0.0,0.25,0.31500000000000006,0.28,0.0,26.0,57.0,1,2,1.4964779576083713,2.8310358391684916,1.1180391446222482,15.0,3.0,Street-Fast,1,0.3662154234417719,0.32063358533588654,0.3131509912223415,90.343,88.2,SOFT,6.0,Q1
HAM,Mercedes,2022,Singapore Grand Prix,Marina Bay,4956.5492831458605,23.0,0.0046403250903221,0.053999999999987836,1.0160000000000018,-0.005250000000003752,0.3509999999999991,0.25,0.0,0.25,0.389,0.23399999999999999,0.0,28.3,81.0,1,0,0.01568673220387009,1.731338688581767,1.436777339075894,10.0,1.0,Street-Slow,3,0.2664663000383681,0.376244678713025,0.35728902124860684,109.466,109.412,SOFT,6.0,Q3
HAM,Mercedes,2022,Spanish Grand Prix,Barcelona-Catalunya,4348.990357163425,16.0,0.003679014825509,0.7620000000000005,1.0160000000000018,-0.005250000000003752,0.3475000000000037,0.05,0.0,0.05,0.0,0.0,0.0,46.5,18.0,0,1,-0.7232901430454965,-0.1931313249450013,0.28982074233246696,110.0,1.0,Permanent-Medium,3,0.2778825837609417,0.3722205453264916,0.34989687091256666,79.512,78.75,SOFT,2.0,Q3
HAM,Mercedes,2022,São Paulo Grand Prix,Interlagos,4309.0,15.0,0.0034810860988628,0.6580000000000013,1.0160000000000018,-0.005250000000003752,0.3475000000000037,0.05,0.0,0.05,0.46499999999999997,0.25,0.0,27.5,93.0,0,1,-0.7719306088718323,-0.4680556125916825,0.05366841251622112,800.0,2.0,Permanent-Medium,3,0.25619592110597017,0.5056402801269237,0.23816379876710606,71.539,70.881,SOFT,2.0,Q3
HAM,Mercedes,2022,United States Grand Prix,COTA,5337.916050454483,20.0,0.0037467805433727,0.5910000000000082,1.0160000000000018,-0.005250000000003752,0.25850000000000506,0.05,0.0,0.05,0.12,0.12,0.0,34.0,37.0,0,2,0.4795449852514533,0.9065658256417235,0.37067324124127227,230.0,3.0,Permanent-Fast,3,0.2709090334607729,0.40117117971078603,0.32791978682844114,94.947,94.356,SOFT,2.0,Q3
HAM,Mercedes,2023,Abu Dhabi Grand Prix,Yas Marina,5333.449274375974,21.0,0.0039374144047628,0.9140000000000015,0.693249999999999,0.025000000000005684,0.3475000000000037,0.05,0.0,0.05,0.259,0.174,0.0,31.3,67.0,0,1,0.4741120237924506,1.1814901132884046,0.59812193588988,10.0,2.0,Permanent-Medium,2,0.2048151353145485,0.4298059483872497,0.3653789162982017,84.359,83.445,SOFT,2.0,Q2
HAM,Mercedes,2023,Australian Grand Prix,Albert Park,4843.53245567963,14.0,0.0028904523977295,0.3719999999999999,0.693249999999999,0.025000000000005684,0.8289999999999935,0.1,0.0,0.1,0.36000000000000004,0.35000000000000003,0.0,22.5,52.0,1,1,-0.12177618446144439,-0.7429799002383637,-0.6510272976721347,31.0,2.0,Street-Medium,3,0.3469080722141523,0.2272125959742685,0.4258793318115792,77.104,76.732,SOFT,3.0,Q3
HAM,Mercedes,2023,Austrian Grand Prix,Red Bull Ring,3999.68196710701,10.0,0.0025001987863632,0.42799999999999727,0.693249999999999,0.025000000000005684,0.25850000000000506,0.05,0.0,0.05,0.06200000000000003,0.06200000000000003,0.0,36.9,46.0,0,2,-1.148155635993153,-1.8426770508250885,-1.1166459125389459,700.0,2.0,Permanent-Fast,3,0.25165460744534784,0.44701399281074994,0.3013313997439022,64.819,64.391,SOFT,2.0,Q3
HAM,Mercedes,2023,Azerbaijan Grand Prix,Baku City,4978.250124294395,20.0,0.0040174759203837,0.9740000000000038,0.693249999999999,0.025000000000005684,0.9579999999999984,0.05,0.0,0.05,0.385,0.22,0.0,29.0,83.0,1,2,0.042081570788943895,0.9065658256417235,0.6936447726344993,28.0,2.0,Street-Fast,3,0.3528667582553347,0.4023444063374087,0.2447888354072566,101.177,100.203,SOFT,2.0,Q3
HAM,Mercedes,2023,Bahrain Grand Prix,Bahrain International,5006.652008539475,15.0,0.0029960140977275,0.6760000000000019,0.693249999999999,0.025000000000005684,0.3475000000000037,0.05,0.0,0.05,0.264,0.264,0.0,26.8,32.0,0,1,0.07662692066868529,-0.4680556125916825,-0.5250797315138804,35.0,2.0,Permanent-Medium,3,0.3201783501504691,0.4296003717472119,0.250221278102319,90.384,89.708,SOFT,2.0,Q3
HAM,Mercedes,2023,Belgian Grand Prix,Spa-Francorchamps,6775.131165030146,19.0,0.0028043737511782,0.9189999999999969,0.693249999999999,0.025000000000005684,0.25850000000000506,0.05,0.0,0.05,0.521,0.34600000000000003,0.0,22.7,85.0,0,2,2.227636715963657,0.6316415379950423,-0.7537292817396346,300.0,2.0,Permanent-Fast,3,0.2926218868770252,0.43427306769262375,0.273105045430351,107.087,106.168,SOFT,2.0,Q3
HAM,Mercedes,2023,British Grand Prix,Silverstone,5729.156782444218,18.0,0.003141823602237,0.49099999999999966,0.693249999999999,0.025000000000005684,0.25850000000000506,0.05,0.0,0.05,0.38,0.27,0.0,26.5,72.0,0,2,0.9554129895418016,0.3567172503483611,-0.3511117846537936,140.0,2.0,Permanent-Fast,3,0.31658850374379377,0.4059923633486601,0.27741913290754605,87.211,86.72,SOFT,2.0,Q3
HAM,Mercedes,2023,Canadian Grand Prix,Gilles Villeneuve,3927.405044134453,14.0,0.0035646947138566,1.7010000000000076,0.693249999999999,0.025000000000005684,0.3475000000000037,1.65,1.5,0.15000000000000002,0.6020000000000001,0.42200000000000004,0.0,18.9,86.0,0,1,-1.2360664087705144,-0.7429799002383637,0.15342335743024896,22.0,2.0,Permanent-Medium,3,0.28533061447790514,0.31906348693208664,0.3956058985900082,80.426,78.725,INTERMEDIATE,4.0,Q3
HAM,Mercedes,2023,Dutch Grand Prix,Zandvoort,4259.0,14.0,0.0032871566095327,9.584000000000003,0.693249999999999,0.025000000000005684,0.3475000000000037,1.6,1.5,0.1,0.493,0.33799999999999997,0.0,23.1,81.0,0,1,-0.8327458519410066,-0.7429799002383637,-0.1777123552044761,2.0,2.0,Permanent-Medium,2,0.3420543723721476,0.34143054983718235,0.3165150777906701,80.151,70.567,INTERMEDIATE,3.0,Q2
HAM,Mercedes,2023,Hungarian Grand Prix,Hungaroring,4122.248439558155,14.0,0.0033962048152295,0.0,0.693249999999999,0.025000000000005684,0.09850000000000136,0.05,0.0,0.05,0.0,0.0,0.0,42.9,33.0,0,0,-0.9990774397082004,-0.7429799002383637,-0.04760497628108983,150.0,1.0,Permanent-Slow,3,0.36310355180200754,0.35405761725123674,0.28283883094675555,76.609,76.609,SOFT,2.0,Q3
HAM,Mercedes,2023,Italian Grand Prix,Monza,5261.551646812222,11.0,0.0020906380357711,0.5259999999999962,0.693249999999999,0.025000000000005684,0.25850000000000506,0.05,0.0,0.05,0.025999999999999943,0.025999999999999943,0.0,38.7,40.0,0,2,0.38666258986472024,-1.5677527631784072,-1.6053002230701332,120.0,2.0,Permanent-Fast,3,0.33168770106409307,0.33656273199703046,0.3317495669388766,80.82,80.294,SOFT,2.0,Q3
HAM,Mercedes,2023,Japanese Grand Prix,Suzuka,5650.500064177964,18.0,0.0031855587639248,1.031000000000006,0.693249999999999,0.025000000000005684,0.25850000000000506,0.05,0.0,0.05,0.12,0.12,0.0,34.0,48.0,0,2,0.8597424407340858,0.3567172503483611,-0.29893057527368244,50.0,2.0,Permanent-Fast,3,0.34826711749788675,0.4517506784713262,0.19998220403078704,89.908,88.877,SOFT,2.0,Q3
HAM,Mercedes,2023,Las Vegas Grand Prix,Las Vegas,6353.0,14.0,0.0022036832992287,1.1110000000000042,0.693249999999999,0.025000000000005684,0.9579999999999984,0.1,0.0,0.1,0.513,0.45799999999999996,0.0,17.1,61.0,1,2,1.7141965277960156,-0.7429799002383637,-1.4704238825178961,600.0,2.0,Street-Fast,2,0.2859533020024084,0.33235290983300836,0.3816937881645833,93.837,92.726,SOFT,3.0,Q2
HAM,Mercedes,2023,Mexico City Grand Prix,Hermanos Rodriguez,4309.0,17.0,0.0039452309120445,0.2879999999999967,0.693249999999999,0.025000000000005684,0.3475000000000037,0.05,0.0,0.05,0.0,0.0,0.0,40.8,27.0,0,1,-0.7719306088718323,0.0817929627016799,0.6074479515566137,2240.0,2.0,Permanent-Medium,3,0.354533013143285,0.38579027551837214,0.25967671133834275,77.454,77.166,SOFT,2.0,Q3
HAM,Mercedes,2023,Miami Grand Prix,Miami,5412.0,19.0,0.003510716925351,1.0320000000000107,0.693249999999999,0.025000000000005684,0.8289999999999935,0.05,0.0,0.05,0.055,0.0,0.0,43.1,61.0,1,1,0.5696536532341541,0.6316415379950423,0.08902148545382091,3.0,3.0,Street-Medium,2,0.33463105889852696,0.37978963185574754,0.28557930924572544,87.846,86.814,SOFT,2.0,Q2
HAM,Mercedes,2023,Monaco Grand Prix,Monaco,2982.89347053333,19.0,0.0063696542259026,0.35999999999999943,0.693249999999999,0.025000000000005684,0.3509999999999991,0.2,0.0,0.2,0.0,0.0,0.0,44.9,32.0,1,0,-2.3848804273745277,0.6316415379950423,3.5000710878223424,10.0,1.0,Street-Slow,3,0.26151272220285815,0.4730428720808644,0.2654444057162774,71.725,71.365,SOFT,5.0,Q3
HAM,Mercedes,2023,Qatar Grand Prix,Losail,5380.0,16.0,0.0029739776951672,0.527000000000001,0.693249999999999,0.025000000000005684,0.3475000000000037,0.05,0.0,0.05,0.15299999999999997,0.11799999999999998,0.0,34.1,57.0,0,1,0.5307318976698825,-0.1931313249450013,-0.5513717604354108,20.0,2.0,Permanent-Medium,3,0.3679734298084336,0.337512603048455,0.2945139671431113,84.305,83.778,SOFT,2.0,Q3
HAM,Mercedes,2023,Saudi Arabian Grand Prix,Jeddah,6174.0,27.0,0.0043731778425655,0.9579999999999984,0.693249999999999,0.025000000000005684,0.9579999999999984,0.05,0.0,0.05,0.18,0.18,0.0,31.0,44.0,1,2,1.4964779576083713,2.8310358391684916,1.1180391446222482,15.0,3.0,Street-Fast,3,0.3638972013942593,0.3160956255673985,0.3200071730383421,89.223,88.265,SOFT,2.0,Q3
HAM,Mercedes,2023,Singapore Grand Prix,Marina Bay,4956.5492831458605,23.0,0.0046403250903221,0.5010000000000048,0.693249999999999,0.025000000000005684,0.3509999999999991,0.05,0.0,0.05,0.26400000000000007,0.12400000000000005,0.0,33.8,78.0,1,0,0.01568673220387009,1.731338688581767,1.436777339075894,10.0,1.0,Street-Slow,3,0.2942996119582445,0.42191616111930913,0.2837842269224463,91.485,90.984,SOFT,2.0,Q3
HAM,Mercedes,2023,Spanish Grand Prix,Barcelona-Catalunya,4348.990357163425,16.0,0.003679014825509,0.5459999999999923,0.693249999999999,0.025000000000005684,0.3475000000000037,0.05,0.0,0.05,0.38,0.29,0.0,25.5,68.0,0,1,-0.7232901430454965,-0.1931313249450013,0.28982074233246696,110.0,1.0,Permanent-Medium,3,0.2994451921228267,0.40036804086901584,0.3001867670081573,72.818,72.272,SOFT,2.0,Q3
HAM,Mercedes,2023,São Paulo Grand Prix,Interlagos,4309.0,15.0,0.0034810860988628,0.24500000000000455,0.693249999999999,0.025000000000005684,0.3475000000000037,0.05,0.0,0.05,0.15,0.09,0.0,35.5,62.0,0,1,-0.7719306088718323,-0.4680556125916825,0.05366841251622112,800.0,2.0,Permanent-Medium,3,0.26166282412546604,0.5037571513961232,0.23458002447841061,70.266,70.021,SOFT,2.0,Q3
HAM,Mercedes,2023,United States Grand Prix,COTA,5337.916050454483,20.0,0.0037467805433727,0.1389999999999958,0.693249999999999,0.025000000000005684,0.25850000000000506,0.05,0.0,0.05,0.004000000000000057,0.004000000000000057,0.0,39.8,13.0,0,2,0.4795449852514533,0.9065658256417235,0.37067324124127227,230.0,3.0,Permanent-Fast,3,0.2680630811072927,0.4023107250532353,0.32962619383947206,94.862,94.723,SOFT,2.0,Q3
HAM,Mercedes,2024,Abu Dhabi Grand Prix,Yas Marina,5333.449274375974,21.0,0.0039374144047628,1.2920000000000016,0.6320000000000014,0.11524999999999608,0.3475000000000037,0.05,0.0,0.05,0.268,0.19799999999999998,0.0,30.1,64.0,0,1,0.4741120237924506,1.1814901132884046,0.59812193588988,10.0,2.0,Permanent-Medium,1,0.20441784781908995,0.4319143609856116,0.36366779119529846,83.887,82.595,SOFT,2.0,Q1
HAM,Mercedes,2024,Australian Grand Prix,Albert Park,4843.53245567963,14.0,0.0028904523977295,1.0449999999999875,0.6320000000000014,0.11524999999999608,0.8289999999999935,0.05,0.0,0.05,0.13200000000000003,0.11200000000000003,0.0,34.4,54.0,1,1,-0.12177618446144439,-0.7429799002383637,-0.6510272976721347,31.0,2.0,Street-Medium,2,0.34719334719334716,0.22707900207900206,0.42572765072765073,76.96,75.915,SOFT,2.0,Q2
HAM,Mercedes,2024,Austrian Grand Prix,Red Bull Ring,3999.68196710701,10.0,0.0025001987863632,0.5890000000000128,0.6320000000000014,0.11524999999999608,0.25850000000000506,0.05,0.0,0.05,0.0,0.0,0.0,44.5,39.0,0,2,-1.148155635993153,-1.8426770508250885,-1.1166459125389459,700.0,2.0,Permanent-Fast,3,0.25172950402908956,0.4473290911051877,0.3009414048657227,64.903,64.314,SOFT,2.0,Q3
HAM,Mercedes,2024,Azerbaijan Grand Prix,Baku City,4978.250124294395,20.0,0.0040174759203837,0.9240000000000066,0.6320000000000014,0.11524999999999608,0.9579999999999984,0.05,0.0,0.05,0.11,0.11,0.0,34.5,33.0,1,2,0.042081570788943895,0.9065658256417235,0.6936447726344993,28.0,2.0,Street-Fast,3,0.35364506447418587,0.4049506789586368,0.24140425656717732,102.289,101.365,SOFT,2.0,Q3
HAM,Mercedes,2024,Bahrain Grand Prix,Bahrain International,5006.652008539475,15.0,0.0029960140977275,0.5449999999999875,0.6320000000000014,0.11524999999999608,0.3475000000000037,0.05,0.0,0.05,0.38,0.38,0.0,21.0,46.0,0,1,0.07662692066868529,-0.4680556125916825,-0.5250797315138804,35.0,2.0,Permanent-Medium,3,0.32193735369524024,0.4282911604057519,0.24977148589900794,89.71,89.165,SOFT,2.0,Q3
HAM,Mercedes,2024,Belgian Grand Prix,Spa-Francorchamps,6775.131165030146,19.0,0.0028043737511782,0.6759999999999877,0.6320000000000014,0.11524999999999608,0.25850000000000506,1.65,1.5,0.15000000000000002,4.078,0.358,3.5,22.1,94.0,0,2,2.227636715963657,0.6316415379950423,-0.7537292817396346,300.0,2.0,Permanent-Fast,3,0.2832432907278078,0.4484209601616374,0.26833574911055474,113.835,113.159,INTERMEDIATE,4.0,Q3
HAM,Mercedes,2024,British Grand Prix,Silverstone,5729.156782444218,18.0,0.003141823602237,0.17099999999999227,0.6320000000000014,0.11524999999999608,0.25850000000000506,0.05,0.0,0.05,0.4660000000000001,0.36600000000000005,0.0,21.7,70.0,0,2,0.9554129895418016,0.3567172503483611,-0.3511117846537936,140.0,2.0,Permanent-Fast,3,0.3255029654611001,0.4025816955459937,0.27191533899290615,85.99,85.819,SOFT,2.0,Q3
HAM,Mercedes,2024,Canadian Grand Prix,Gilles Villeneuve,3927.405044134453,14.0,0.0035646947138566,0.23699999999999477,0.6320000000000014,0.11524999999999608,0.3475000000000037,0.05,0.0,0.05,0.251,0.18600000000000003,0.0,30.7,63.0,0,1,-1.2360664087705144,-0.7429799002383637,0.15342335743024896,22.0,2.0,Permanent-Medium,3,0.27953986579418993,0.3145639700468192,0.4058961641589908,71.979,71.742,SOFT,2.0,Q3
HAM,Mercedes,2024,Chinese Grand Prix,Shanghai International,5161.238099433068,16.0,0.0031000313668453,1.9129999999999967,0.6320000000000014,0.11524999999999608,0.25850000000000506,0.05,0.0,0.05,0.13799999999999996,0.10799999999999997,0.0,34.6,56.0,0,2,0.2646507345248319,-0.1931313249450013,-0.4009748536645922,5.0,3.0,Permanent-Fast,1,0.2641541020999654,0.2996557605181379,0.43619013738189655,95.573,93.66,SOFT,2.0,Q1
HAM,Mercedes,2024,Dutch Grand Prix,Zandvoort,4259.0,14.0,0.0032871566095327,1.2749999999999915,0.6320000000000014,0.11524999999999608,0.3475000000000037,0.05,0.0,0.05,0.31,0.22,0.0,29.0,68.0,0,1,-0.8327458519410066,-0.7429799002383637,-0.1777123552044761,2.0,2.0,Permanent-Medium,2,0.3419123865366183,0.35561256131251057,0.30247505215087106,70.948,69.673,SOFT,2.0,Q2
HAM,Mercedes,2024,Emilia Romagna Grand Prix,Imola,4909.0,19.0,0.003870442045223,0.7580000000000098,0.6320000000000014,0.11524999999999608,0.3475000000000037,0.05,0.0,0.05,0.004000000000000057,0.004000000000000057,0.0,39.8,46.0,0,1,-0.04214769204173995,0.6316415379950423,0.5182160070911476,37.0,1.0,Permanent-Medium,3,0.31632761178215724,0.34628628946810763,0.3373860987497351,75.504,74.746,SOFT,2.0,Q3
HAM,Mercedes,2024,Hungarian Grand Prix,Hungaroring,4122.248439558155,14.0,0.0033962048152295,0.6269999999999953,0.6320000000000014,0.11524999999999608,0.09850000000000136,0.05,0.0,0.05,3.714,0.174,3.5,31.3,58.0,0,0,-0.9990774397082004,-0.7429799002383637,-0.04760497628108983,150.0,1.0,Permanent-Slow,3,0.36348775278825113,0.35342895562528015,0.2830832915864687,75.854,75.227,SOFT,2.0,Q3
HAM,Mercedes,2024,Italian Grand Prix,Monza,5261.551646812222,11.0,0.0020906380357711,0.18600000000000705,0.6320000000000014,0.11524999999999608,0.25850000000000506,0.05,0.0,0.05,0.0,0.0,0.0,46.9,39.0,0,2,0.38666258986472024,-1.5677527631784072,-1.6053002230701332,120.0,2.0,Permanent-Fast,3,0.3323733226013356,0.33544200319444617,0.33218467420421816,79.513,79.327,SOFT,2.0,Q3
HAM,Mercedes,2024,Japanese Grand Prix,Suzuka,5650.500064177964,18.0,0.0031855587639248,0.5690000000000026,0.6320000000000014,0.11524999999999608,0.25850000000000506,0.05,0.0,0.05,0.33799999999999997,0.288,0.0,25.6,60.0,0,2,0.8597424407340858,0.3567172503483611,-0.29893057527368244,50.0,2.0,Permanent-Fast,3,0.34827524052001896,0.4523804159250164,0.19934434355496475,88.766,88.197,SOFT,2.0,Q3
HAM,Mercedes,2024,Las Vegas Grand Prix,Las Vegas,6353.0,14.0,0.0022036832992287,0.25499999999999545,0.6320000000000014,0.11524999999999608,0.9579999999999984,0.2,0.0,0.2,0.522,0.522,0.0,13.9,28.0,1,2,1.7141965277960156,-0.7429799002383637,-1.4704238825178961,600.0,2.0,Street-Fast,3,0.28087763457819737,0.3341039463307658,0.38501841909103673,92.567,92.312,SOFT,5.0,Q3
HAM,Mercedes,2024,Mexico City Grand Prix,Hermanos Rodriguez,4309.0,17.0,0.0039452309120445,0.7049999999999983,0.6320000000000014,0.11524999999999608,0.3475000000000037,0.05,0.0,0.05,0.08400000000000006,0.08400000000000006,0.0,35.8,41.0,0,1,-0.7719306088718323,0.0817929627016799,0.6074479515566137,2240.0,2.0,Permanent-Medium,3,0.3560945062686723,0.38619196096593644,0.25771353276539116,76.651,75.946,SOFT,2.0,Q3
HAM,Mercedes,2024,Miami Grand Prix,Miami,5412.0,19.0,0.003510716925351,0.45600000000000307,0.6320000000000014,0.11524999999999608,0.8289999999999935,0.05,0.0,0.05,0.03,0.0,0.0,46.6,56.0,1,1,0.5696536532341541,0.6316415379950423,0.08902148545382091,3.0,3.0,Street-Medium,3,0.33091211786036007,0.38353649497702313,0.28555138716261674,87.697,87.241,SOFT,2.0,Q3
HAM,Mercedes,2024,Monaco Grand Prix,Monaco,2982.89347053333,19.0,0.0063696542259026,0.3509999999999991,0.6320000000000014,0.11524999999999608,0.3509999999999991,0.05,0.0,0.05,0.06,0.0,0.0,43.8,62.0,1,0,-2.3848804273745277,0.6316415379950423,3.5000710878223424,10.0,1.0,Street-Slow,3,0.2601492473910027,0.47349938403591,0.26635136857308733,70.621,70.27,SOFT,2.0,Q3
HAM,Mercedes,2024,Qatar Grand Prix,Losail,5380.0,16.0,0.0029739776951672,0.49099999999999966,0.6320000000000014,0.11524999999999608,0.3475000000000037,0.1,0.0,0.1,0.415,0.37,0.0,21.5,59.0,0,1,0.5307318976698825,-0.1931313249450013,-0.5513717604354108,20.0,2.0,Permanent-Medium,3,0.3681722235252003,0.3392131932700498,0.29261458320475,81.011,80.52,SOFT,3.0,Q3
HAM,Mercedes,2024,Saudi Arabian Grand Prix,Jeddah,6174.0,27.0,0.0043731778425655,0.9879999999999995,0.6320000000000014,0.11524999999999608,0.9579999999999984,0.05,0.0,0.05,0.225,0.2,0.0,30.0,55.0,1,2,1.4964779576083713,2.8310358391684916,1.1180391446222482,15.0,3.0,Street-Fast,3,0.36648202577436123,0.3151593940764187,0.31835858014921997,88.46,87.472,SOFT,2.0,Q3
HAM,Mercedes,2024,Singapore Grand Prix,Marina Bay,4956.5492831458605,23.0,0.0046403250903221,0.3159999999999883,0.6320000000000014,0.11524999999999608,0.3509999999999991,0.05,0.0,0.05,0.32799999999999996,0.17799999999999996,0.0,31.1,80.0,1,0,0.01568673220387009,1.731338688581767,1.436777339075894,10.0,1.0,Street-Slow,3,0.296368027960508,0.4228247682016006,0.2808072038378914,89.841,89.525,SOFT,2.0,Q3
HAM,Mercedes,2024,Spanish Grand Prix,Barcelona-Catalunya,4348.990357163425,16.0,0.003679014825509,0.31799999999999784,0.6320000000000014,0.11524999999999608,0.3475000000000037,0.05,0.0,0.05,0.175,0.08,0.0,36.0,69.0,0,1,-0.7232901430454965,-0.1931313249450013,0.28982074233246696,110.0,1.0,Permanent-Medium,3,0.29928452880712964,0.3980837087348852,0.3026317624579853,71.701,71.383,SOFT,2.0,Q3
HAM,Mercedes,2024,São Paulo Grand Prix,Interlagos,4309.0,15.0,0.0034810860988628,7.7450000000000045,0.6320000000000014,0.11524999999999608,0.3475000000000037,2.95,2.5,0.45,4.062,0.35200000000000004,3.5,22.4,92.0,0,1,-0.7719306088718323,-0.4680556125916825,0.05366841251622112,800.0,2.0,Permanent-Medium,1,0.2513987931980252,0.5375863960504662,0.21101481075150852,91.15,83.405,WET,10.0,Q1
HAM,Mercedes,2024,United States Grand Prix,COTA,5337.916050454483,20.0,0.0037467805433727,1.823999999999998,0.6320000000000014,0.11524999999999608,0.25850000000000506,0.05,0.0,0.05,0.005999999999999943,0.005999999999999943,0.0,39.7,37.0,0,2,0.4795449852514533,0.9065658256417235,0.37067324124127227,230.0,3.0,Permanent-Fast,1,0.26835822163689277,0.4015867621131338,0.33005501624997347,94.154,92.33,SOFT,2.0,Q1
HUL,Alpine,2019,Abu Dhabi Grand Prix,Yas Marina,5333.449274375974,21.0,0.0039374144047628,1.9309999999999974,1.804000000000002,0.10200000000000387,1.5420000000000016,0.05,0.0,0.05,0.32050000000000006,0.23600000000000002,0.0,28.2,66.9,0,1,0.4741120237924506,1.1814901132884046,0.59812193588988,10.0,2.0,Permanent-Medium,3,0.1770344328404508,0.425219729086961,0.3977458380725881,96.71,94.779,SOFT,2.0,Q3
HUL,Alpine,2019,Australian Grand Prix,Albert Park,4843.53245567963,14.0,0.0028904523977295,2.054000000000002,1.804000000000002,0.10200000000000387,1.0890000000000128,0.05,0.0,0.05,0.13450000000000004,0.03200000000000003,0.0,38.4,70.5,1,1,-0.12177618446144439,-0.7429799002383637,-0.6510272976721347,31.0,2.0,Street-Medium,2,0.33347467894354255,0.27058395929246426,0.39594136176399325,82.54,80.486,SOFT,2.0,Q2
HUL,Alpine,2019,Austrian Grand Prix,Red Bull Ring,3999.68196710701,10.0,0.0025001987863632,1.5130000000000052,1.804000000000002,0.10200000000000387,1.4819999999999993,0.05,0.0,0.05,0.0,0.0,0.0,50.3,25.5,0,2,-1.148155635993153,-1.8426770508250885,-1.1166459125389459,700.0,2.0,Permanent-Fast,2,0.25062000124000244,0.442246884493769,0.3071331142662285,64.516,63.003,SOFT,2.0,Q2
HUL,Alpine,2019,Azerbaijan Grand Prix,Baku City,4978.250124294395,20.0,0.0040174759203837,2.932000000000002,1.804000000000002,0.10200000000000387,1.6595000000000084,0.15000000000000002,0.0,0.15000000000000002,0.16499999999999992,0.07599999999999994,0.0,36.2,67.8,1,2,0.042081570788943895,0.9065658256417235,0.6936447726344993,28.0,2.0,Street-Fast,1,0.3528672396956308,0.40347298094308065,0.24365977936128866,103.427,100.495,SOFT,4.0,Q1
HUL,Alpine,2019,Bahrain Grand Prix,Bahrain International,5006.652008539475,15.0,0.0029960140977275,2.1680000000000064,1.804000000000002,0.10200000000000387,1.5420000000000016,0.05,0.0,0.05,0.221,0.214,0.0,29.3,51.4,0,1,0.07662692066868529,-0.4680556125916825,-0.5250797315138804,35.0,2.0,Permanent-Medium,1,0.3152808938845325,0.4326476664371238,0.2520714396783438,90.034,87.866,SOFT,2.0,Q1
HUL,Alpine,2019,Belgian Grand Prix,Spa-Francorchamps,6775.131165030146,19.0,0.0028043737511782,2.022999999999996,1.804000000000002,0.10200000000000387,1.4819999999999993,0.05,0.0,0.05,0.0,0.0,0.0,41.0,37.2,0,2,2.227636715963657,0.6316415379950423,-0.7537292817396346,300.0,2.0,Permanent-Fast,3,0.2922174819689694,0.43368215645386543,0.27410036157716516,104.542,102.519,SOFT,2.0,Q3
HUL,Alpine,2019,Brazilian Grand Prix,Interlagos,4309.0,15.0,0.0034810860988628,1.4180000000000064,1.804000000000002,0.10200000000000387,1.5420000000000016,0.05,0.0,0.05,0.21849999999999992,0.14599999999999994,0.0,32.7,64.5,0,1,-0.7719306088718323,-0.4680556125916825,0.05366841251622112,800.0,2.0,Permanent-Medium,2,0.2590937450124055,0.5074360499702558,0.23347020501733873,68.921,67.503,SOFT,2.0,Q2
HUL,Alpine,2019,British Grand Prix,Silverstone,5729.156782444218,18.0,0.003141823602237,1.2929999999999922,1.804000000000002,0.10200000000000387,1.4819999999999993,0.05,0.0,0.05,0.30200000000000005,0.21200000000000002,0.0,29.4,68.0,0,2,0.9554129895418016,0.3567172503483611,-0.3511117846537936,140.0,2.0,Permanent-Fast,2,0.31957724631306,0.4064894774616258,0.2739332762253143,86.386,85.093,SOFT,2.0,Q2
HUL,Alpine,2019,Canadian Grand Prix,Gilles Villeneuve,3927.405044134453,14.0,0.0035646947138566,1.0840000000000032,1.804000000000002,0.10200000000000387,1.5420000000000016,0.05,0.0,0.05,0.0,0.0,0.0,48.2,21.1,0,1,-1.2360664087705144,-0.7429799002383637,0.15342335743024896,22.0,2.0,Permanent-Medium,3,0.27677920475576245,0.3182799618641692,0.4049408333800685,71.324,70.24,SOFT,2.0,Q3
HUL,Alpine,2019,Chinese Grand Prix,Shanghai International,5161.238099433068,16.0,0.0031000313668453,1.4150000000000063,1.804000000000002,0.10200000000000387,1.4819999999999993,0.05,0.0,0.05,0.166,0.166,0.0,31.7,48.8,0,2,0.2646507345248319,-0.1931313249450013,-0.4009748536645922,5.0,3.0,Permanent-Fast,3,0.2619457412706267,0.2983369548847916,0.4397173038445817,92.962,91.547,SOFT,2.0,Q3
HUL,Alpine,2019,French Grand Prix,Paul Ricard,5247.8799638259,15.0,0.0028582970844219,2.2249999999999943,1.804000000000002,0.10200000000000387,1.4819999999999993,0.45,0.4,0.05,0.0,0.0,0.0,53.4,41.9,0,2,0.37003365538516214,-0.4680556125916825,-0.6893923813172924,40.0,3.0,Permanent-Fast,2,0.2521757377628556,0.30463641986216644,0.44318784237497794,90.544,88.319,MEDIUM,2.0,Q2
HUL,Alpine,2019,German Grand Prix,Hockenheimring,4317.957322804004,17.0,0.0039370467860392,0.9990000000000094,1.804000000000002,0.10200000000000387,1.5420000000000016,0.05,0.0,0.05,0.0010000000000000143,0.0,0.0,43.4,50.2,0,1,-0.7610357736003405,0.0817929627016799,0.5976833233674174,100.0,2.0,Permanent-Medium,3,0.21600747601901985,0.4785751587279773,0.3054173652530028,72.766,71.767,SOFT,2.0,Q3
HUL,Alpine,2019,Hungarian Grand Prix,Hungaroring,4122.248439558155,14.0,0.0033962048152295,1.992999999999995,1.804000000000002,0.10200000000000387,1.0899999999999892,0.05,0.0,0.05,0.0,0.0,0.0,45.3,49.0,0,0,-0.9990774397082004,-0.7429799002383637,-0.04760497628108983,150.0,1.0,Permanent-Slow,2,0.3584013583229935,0.3569907921373996,0.2846078495396069,76.565,74.572,SOFT,2.0,Q2
HUL,Alpine,2019,Italian Grand Prix,Monza,5261.551646812222,11.0,0.0020906380357711,0.7420000000000044,1.804000000000002,0.10200000000000387,1.4819999999999993,0.05,0.0,0.05,0.053500000000000054,0.04400000000000006,0.0,37.8,51.9,0,2,0.38666258986472024,-1.5677527631784072,-1.6053002230701332,120.0,2.0,Permanent-Fast,3,0.3341703206785843,0.3331709328036577,0.33265874651775784,80.049,79.307,SOFT,2.0,Q3
HUL,Alpine,2019,Japanese Grand Prix,Suzuka,5650.500064177964,18.0,0.0031855587639248,2.555000000000007,1.804000000000002,0.10200000000000387,1.4819999999999993,0.05,0.0,0.05,0.15250000000000008,0.09400000000000006,0.0,35.3,61.7,0,2,0.8597424407340858,0.3567172503483611,-0.29893057527368244,50.0,2.0,Permanent-Fast,2,0.3490442874836809,0.4536426427431683,0.19731306977315077,89.619,87.064,SOFT,2.0,Q2
HUL,Alpine,2019,Mexican Grand Prix,Hermanos Rodriguez,4309.0,17.0,0.0039452309120445,2.1270000000000095,1.804000000000002,0.10200000000000387,1.5420000000000016,0.05,0.0,0.05,0.154,0.13,0.0,33.5,54.8,0,1,-0.7719306088718323,0.0817929627016799,0.6074479515566137,2240.0,2.0,Permanent-Medium,2,0.3544124341549067,0.3848995252650062,0.26068804058008715,76.885,74.758,SOFT,2.0,Q2
HUL,Alpine,2019,Monaco Grand Prix,Monaco,2982.89347053333,19.0,0.0063696542259026,1.5040000000000049,1.804000000000002,0.10200000000000387,1.3370000000000033,0.1,0.0,0.1,0.0655,0.0,0.0,41.8,63.1,1,0,-2.3848804273745277,0.6316415379950423,3.5000710878223424,10.0,1.0,Street-Slow,2,0.2621040881819451,0.4719408399609321,0.26595507185712297,71.67,70.166,SOFT,3.0,Q2
HUL,Alpine,2019,Russian Grand Prix,Sochi Autodrom,5760.2985642132535,18.0,0.0031248380269432,1.6610000000000014,1.804000000000002,0.10200000000000387,1.5420000000000016,0.05,0.0,0.05,0.24300000000000002,0.2,0.0,30.0,58.6,0,1,0.993290890099623,0.3567172503483611,-0.37137758056360215,5.0,2.0,Permanent-Medium,3,0.3657665962760883,0.3428485673552081,0.29138483636870377,93.289,91.628,SOFT,2.0,Q3
HUL,Alpine,2019,Singapore Grand Prix,Marina Bay,4956.5492831458605,23.0,0.0046403250903221,2.046999999999997,1.804000000000002,0.10200000000000387,1.3370000000000033,0.05,0.0,0.05,0.17699999999999996,0.12599999999999995,0.0,33.7,60.2,1,0,0.01568673220387009,1.731338688581767,1.436777339075894,10.0,1.0,Street-Slow,3,0.27412887731010344,0.38389440690385085,0.34197671578604577,98.264,96.217,SOFT,2.0,Q3
HUL,Alpine,2019,Spanish Grand Prix,Barcelona-Catalunya,4348.990357163425,16.0,0.003679014825509,2.9979999999999905,1.804000000000002,0.10200000000000387,1.5420000000000016,0.15000000000000002,0.0,0.15000000000000002,0.20849999999999996,0.16399999999999998,0.0,31.8,58.9,0,1,-0.7232901430454965,-0.1931313249450013,0.28982074233246696,110.0,1.0,Permanent-Medium,1,0.28033008519973474,0.3706826182337636,0.3489872965665017,78.404,75.406,SOFT,4.0,Q1
HUL,Alpine,2019,United States Grand Prix,COTA,5337.916050454483,20.0,0.0037467805433727,1.7860000000000014,1.804000000000002,0.10200000000000387,1.4819999999999993,0.05,0.0,0.05,0.28200000000000003,0.28200000000000003,0.0,25.9,25.2,0,2,0.4795449852514533,0.9065658256417235,0.37067324124127227,230.0,3.0,Permanent-Fast,2,0.2705324308479454,0.3989553909289559,0.3305121782230987,93.815,92.029,SOFT,2.0,Q2
HUL,Aston Martin,2020,70th Anniversary Grand Prix,Silverstone,5729.156782444218,18.0,0.003141823602237,0.9279999999999973,1.100999999999999,0.24399999999999977,1.4819999999999993,0.05,0.0,0.05,0.023500000000000017,0.0020000000000000287,0.0,39.9,54.3,0,2,0.9554129895418016,0.3567172503483611,-0.3511117846537936,140.0,2.0,Permanent-Fast,3,0.3177900141725332,0.40672846820473507,0.2754815176227318,86.082,85.154,SOFT,2.0,Q3
HUL,Aston Martin,2020,British Grand Prix,Silverstone,5729.156782444218,18.0,0.003141823602237,2.024000000000001,1.100999999999999,0.24399999999999977,1.4819999999999993,0.05,0.0,0.05,0.02,0.0,0.0,40.2,54.0,0,2,0.9554129895418016,0.3567172503483611,-0.3511117846537936,140.0,2.0,Permanent-Fast,3,0.32437128592445,0.40266660488607275,0.2729621091894772,86.327,84.303,SOFT,2.0,Q3
HUL,Aston Martin,2020,Eifel Grand Prix,Hockenheimring,4317.957322804004,17.0,0.0039370467860392,2.7519999999999953,1.100999999999999,0.24399999999999977,1.5420000000000016,0.15000000000000002,0.0,0.15000000000000002,0.452,0.424,0.0,18.8,55.6,0,1,-0.7610357736003405,0.0817929627016799,0.5976833233674174,100.0,2.0,Permanent-Medium,1,0.3238886174890084,0.4154349530225742,0.26067642948841757,88.021,85.269,SOFT,4.0,Q1
HUL,Aston Martin,2022,Bahrain Grand Prix,Bahrain International,5006.652008539475,15.0,0.0029960140977275,2.218999999999994,2.272999999999996,0.008000000000002672,1.5420000000000016,0.05,0.0,0.05,0.31799999999999995,0.288,0.0,25.6,56.0,0,1,0.07662692066868529,-0.4680556125916825,-0.5250797315138804,35.0,2.0,Permanent-Medium,1,0.32155598909212413,0.42855449087597147,0.2498895200319045,92.777,90.558,SOFT,2.0,Q1
HUL,Aston Martin,2022,Saudi Arabian Grand Prix,Jeddah,6174.0,27.0,0.0043731778425655,2.3430000000000035,2.272999999999996,0.008000000000002672,1.6595000000000084,0.05,0.0,0.05,0.31500000000000006,0.28,0.0,26.0,57.0,1,2,1.4964779576083713,2.8310358391684916,1.1180391446222482,15.0,3.0,Street-Fast,1,0.36668765117126667,0.31935102658405395,0.3139613222446793,90.543,88.2,SOFT,2.0,Q1
HUL,Haas,2023,Abu Dhabi Grand Prix,Yas Marina,5333.449274375974,21.0,0.0039374144047628,0.6630000000000109,1.6147500000000043,-0.329500000000003,1.5420000000000016,0.05,0.0,0.05,0.272,0.18200000000000002,0.0,30.9,68.0,0,1,0.4741120237924506,1.1814901132884046,0.59812193588988,10.0,2.0,Permanent-Medium,3,0.20501022494887527,0.43219432158653165,0.3627954534645932,84.108,83.445,SOFT,2.0,Q3
HUL,Haas,2023,Australian Grand Prix,Albert Park,4843.53245567963,14.0,0.0028904523977295,0.6800000000000068,1.6147500000000043,-0.329500000000003,1.0890000000000128,0.1,0.0,0.1,0.33,0.32,0.0,24.0,52.0,1,1,-0.12177618446144439,-0.7429799002383637,-0.6510272976721347,31.0,2.0,Street-Medium,3,0.347969307084173,0.22791040148814137,0.4241202914276856,77.412,76.732,SOFT,3.0,Q3
HUL,Haas,2023,Austrian Grand Prix,Red Bull Ring,3999.68196710701,10.0,0.0025001987863632,0.6989999999999981,1.6147500000000043,-0.329500000000003,1.4819999999999993,0.05,0.0,0.05,0.06200000000000003,0.06200000000000003,0.0,36.9,46.0,0,2,-1.148155635993153,-1.8426770508250885,-1.1166459125389459,700.0,2.0,Permanent-Fast,3,0.2518359194960823,0.4446151482562606,0.30354893224765706,65.09,64.391,SOFT,2.0,Q3
HUL,Haas,2023,Azerbaijan Grand Prix,Baku City,4978.250124294395,20.0,0.0040174759203837,2.5519999999999925,1.6147500000000043,-0.329500000000003,1.6595000000000084,0.15000000000000002,0.0,0.15000000000000002,0.30900000000000005,0.15400000000000005,0.0,32.3,81.0,1,2,0.042081570788943895,0.9065658256417235,0.6936447726344993,28.0,2.0,Street-Fast,1,0.35653739477397695,0.4004865943263101,0.24297601089971288,102.755,100.203,SOFT,4.0,Q1
HUL,Haas,2023,Bahrain Grand Prix,Bahrain International,5006.652008539475,15.0,0.0029960140977275,1.100999999999999,1.6147500000000043,-0.329500000000003,1.5420000000000016,0.05,0.0,0.05,0.24799999999999997,0.24799999999999997,0.0,27.6,21.0,0,1,0.07662692066868529,-0.4680556125916825,-0.5250797315138804,35.0,2.0,Permanent-Medium,3,0.31981411534099047,0.42899932826041476,0.25118655639859483,90.809,89.708,SOFT,2.0,Q3
HUL,Haas,2023,Belgian Grand Prix,Spa-Francorchamps,6775.131165030146,19.0,0.0028043737511782,16.99799999999999,1.6147500000000043,-0.329500000000003,1.4819999999999993,1.65,1.5,0.15000000000000002,0.49700000000000005,0.29200000000000004,0.0,25.4,91.0,0,2,2.227636715963657,0.6316415379950423,-0.7537292817396346,300.0,2.0,Permanent-Fast,1,0.2733221830700031,0.4606872026370914,0.26599061429290555,123.166,106.168,INTERMEDIATE,4.0,Q1
HUL,Haas,2023,British Grand Prix,Silverstone,5729.156782444218,18.0,0.003141823602237,2.176000000000002,1.6147500000000043,-0.329500000000003,1.4819999999999993,0.05,0.0,0.05,0.444,0.304,0.0,24.8,78.0,0,2,0.9554129895418016,0.3567172503483611,-0.3511117846537936,140.0,2.0,Permanent-Fast,2,0.3157172426205903,0.4035839632829374,0.28069879409647225,88.896,86.72,SOFT,2.0,Q2
HUL,Haas,2023,Canadian Grand Prix,Gilles Villeneuve,3927.405044134453,14.0,0.0035646947138566,1.5800000000000125,1.6147500000000043,-0.329500000000003,1.5420000000000016,0.1,0.0,0.1,0.61,0.43,0.0,18.5,86.0,0,1,-1.2360664087705144,-0.7429799002383637,0.15342335743024896,22.0,2.0,Permanent-Medium,3,0.28988232364111827,0.31446360749641994,0.3956540688624619,80.305,78.725,SOFT,3.0,Q3
HUL,Haas,2023,Dutch Grand Prix,Zandvoort,4259.0,14.0,0.0032871566095327,9.683000000000007,1.6147500000000043,-0.329500000000003,1.5420000000000016,1.55,1.5,0.05,0.482,0.332,0.0,23.4,80.0,0,1,-0.8327458519410066,-0.7429799002383637,-0.1777123552044761,2.0,2.0,Permanent-Medium,2,0.3494828660436137,0.3422429906542056,0.30827414330218067,80.25,70.567,INTERMEDIATE,2.0,Q2
HUL,Haas,2023,Hungarian Grand Prix,Hungaroring,4122.248439558155,14.0,0.0033962048152295,0.5770000000000124,1.6147500000000043,-0.329500000000003,1.0899999999999892,0.05,0.0,0.05,0.0,0.0,0.0,43.1,33.0,0,0,-0.9990774397082004,-0.7429799002383637,-0.04760497628108983,150.0,1.0,Permanent-Slow,3,0.3620734330059855,0.355699220065815,0.2822273469281994,77.186,76.609,SOFT,2.0,Q3
HUL,Haas,2023,Italian Grand Prix,Monza,5261.551646812222,11.0,0.0020906380357711,1.4819999999999993,1.6147500000000043,-0.329500000000003,1.4819999999999993,0.45,0.4,0.05,0.005999999999999943,0.005999999999999943,0.0,39.7,41.0,0,2,0.38666258986472024,-1.5677527631784072,-1.6053002230701332,120.0,2.0,Permanent-Fast,2,0.3320534142046566,0.3377641361768734,0.33018244961847,81.776,80.294,MEDIUM,2.0,Q2
HUL,Haas,2023,Japanese Grand Prix,Suzuka,5650.500064177964,18.0,0.0031855587639248,2.4220000000000113,1.6147500000000043,-0.329500000000003,1.4819999999999993,0.05,0.0,0.05,0.06200000000000003,0.06200000000000003,0.0,36.9,49.0,0,2,0.8597424407340858,0.3567172503483611,-0.29893057527368244,50.0,2.0,Permanent-Fast,1,0.3480103834653172,0.4523379226497552,0.19965169388492754,91.299,88.877,SOFT,2.0,Q1
HUL,Haas,2023,Las Vegas Grand Prix,Las Vegas,6353.0,14.0,0.0022036832992287,1.2530000000000001,1.6147500000000043,-0.329500000000003,1.6595000000000084,0.05,0.0,0.05,0.511,0.456,0.0,17.2,61.0,1,2,1.7141965277960156,-0.7429799002383637,-1.4704238825178961,600.0,2.0,Street-Fast,2,0.2835314272337437,0.3319784207110099,0.3844901520552464,93.979,92.726,SOFT,2.0,Q2
HUL,Haas,2023,Mexico City Grand Prix,Hermanos Rodriguez,4309.0,17.0,0.0039452309120445,1.358000000000004,1.6147500000000043,-0.329500000000003,1.5420000000000016,0.05,0.0,0.05,0.0,0.0,0.0,44.3,27.0,0,1,-0.7719306088718323,0.0817929627016799,0.6074479515566137,2240.0,2.0,Permanent-Medium,2,0.3525418980184402,0.3892185828536498,0.25823951912790993,78.524,77.166,SOFT,2.0,Q2
HUL,Haas,2023,Miami Grand Prix,Miami,5412.0,19.0,0.003510716925351,1.0890000000000128,1.6147500000000043,-0.329500000000003,1.0890000000000128,0.30000000000000004,0.0,0.30000000000000004,0.05,0.0,0.0,44.2,60.0,1,1,0.5696536532341541,0.6316415379950423,0.08902148545382091,3.0,3.0,Street-Medium,2,0.33733774728962607,0.37937271765468755,0.28328953505568644,87.903,86.814,SOFT,7.0,Q2
HUL,Haas,2023,Monaco Grand Prix,Monaco,2982.89347053333,19.0,0.0063696542259026,1.9140000000000015,1.6147500000000043,-0.329500000000003,1.3370000000000033,0.05,0.0,0.05,0.0,0.0,0.0,47.1,31.0,1,0,-2.3848804273745277,0.6316415379950423,3.5000710878223424,10.0,1.0,Street-Slow,1,0.2607568334720725,0.4736281881575895,0.26561497837033804,73.279,71.365,SOFT,2.0,Q1
HUL,Haas,2023,Qatar Grand Prix,Losail,5380.0,16.0,0.0029739776951672,2.0049999999999955,1.6147500000000043,-0.329500000000003,1.5420000000000016,0.05,0.0,0.05,0.14400000000000007,0.11400000000000006,0.0,34.3,56.0,0,1,0.5307318976698825,-0.1931313249450013,-0.5513717604354108,20.0,2.0,Permanent-Medium,2,0.3715421470454519,0.3375843698634928,0.2908734830910554,85.783,83.778,SOFT,2.0,Q2
HUL,Haas,2023,Saudi Arabian Grand Prix,Jeddah,6174.0,27.0,0.0043731778425655,1.1859999999999928,1.6147500000000043,-0.329500000000003,1.6595000000000084,0.1,0.0,0.1,0.174,0.174,0.0,31.3,41.0,1,2,1.4964779576083713,2.8310358391684916,1.1180391446222482,15.0,3.0,Street-Fast,2,0.36508255916647103,0.31569239024717444,0.3192250505863546,89.451,88.265,SOFT,3.0,Q2
HUL,Haas,2023,Singapore Grand Prix,Marina Bay,4956.5492831458605,23.0,0.0046403250903221,0.8240000000000123,1.6147500000000043,-0.329500000000003,1.3370000000000033,0.05,0.0,0.05,0.26,0.12,0.0,34.0,78.0,1,0,0.01568673220387009,1.731338688581767,1.436777339075894,10.0,1.0,Street-Slow,3,0.2932859881491809,0.4219457999302893,0.2847682119205298,91.808,90.984,SOFT,2.0,Q3
HUL,Haas,2023,Spanish Grand Prix,Barcelona-Catalunya,4348.990357163425,16.0,0.003679014825509,0.9569999999999936,1.6147500000000043,-0.329500000000003,1.5420000000000016,0.05,0.0,0.05,0.366,0.276,0.0,26.2,68.0,0,1,-0.7232901430454965,-0.1931313249450013,0.28982074233246696,110.0,1.0,Permanent-Medium,3,0.2975597099509757,0.40262737440085217,0.29981291564817214,73.229,72.272,SOFT,2.0,Q3
HUL,Haas,2023,São Paulo Grand Prix,Interlagos,4309.0,15.0,0.0034810860988628,0.4539999999999935,1.6147500000000043,-0.329500000000003,1.5420000000000016,0.05,0.0,0.05,0.06,0.03,0.0,38.5,56.0,0,1,-0.7719306088718323,-0.4680556125916825,0.05366841251622112,800.0,2.0,Permanent-Medium,2,0.2605746718694572,0.5079531748847108,0.2314721532458318,70.475,70.021,SOFT,2.0,Q2
HUL,Haas,2023,United States Grand Prix,COTA,5337.916050454483,20.0,0.0037467805433727,1.5120000000000005,1.6147500000000043,-0.329500000000003,1.4819999999999993,0.05,0.0,0.05,0.0,0.0,0.0,42.2,12.0,0,2,0.4795449852514533,0.9065658256417235,0.37067324124127227,230.0,3.0,Permanent-Fast,1,0.26914324310282123,0.3999688263105939,0.33088793058658494,96.235,94.723,SOFT,2.0,Q1
HUL,Haas,2024,Abu Dhabi Grand Prix,Yas Marina,5333.449274375974,21.0,0.0039374144047628,0.2909999999999968,1.3535000000000004,-0.11650000000000205,1.5420000000000016,0.05,0.0,0.05,0.28500000000000003,0.22,0.0,29.0,63.0,0,1,0.4741120237924506,1.1814901132884046,0.59812193588988,10.0,2.0,Permanent-Medium,3,0.20637984701879689,0.4309292280964216,0.3626909248847815,82.886,82.595,SOFT,2.0,Q3
HUL,Haas,2024,Australian Grand Prix,Albert Park,4843.53245567963,14.0,0.0028904523977295,2.060999999999993,1.3535000000000004,-0.11650000000000205,1.0890000000000128,0.05,0.0,0.05,0.11700000000000003,0.10200000000000004,0.0,34.9,53.0,1,1,-0.12177618446144439,-0.7429799002383637,-0.6510272976721347,31.0,2.0,Street-Medium,1,0.3434646557915256,0.2259284908176875,0.4306068533907869,77.976,75.915,SOFT,2.0,Q1
HUL,Haas,2024,Austrian Grand Prix,Red Bull Ring,3999.68196710701,10.0,0.0025001987863632,0.9480000000000075,1.3535000000000004,-0.11650000000000205,1.4819999999999993,0.05,0.0,0.05,0.0,0.0,0.0,45.7,38.0,0,2,-1.148155635993153,-1.8426770508250885,-1.1166459125389459,700.0,2.0,Permanent-Fast,3,0.25115687536391773,0.44535870797707705,0.3034844166590053,65.262,64.314,SOFT,2.0,Q3
HUL,Haas,2024,Azerbaijan Grand Prix,Baku City,4978.250124294395,20.0,0.0040174759203837,1.7360000000000042,1.3535000000000004,-0.11650000000000205,1.6595000000000084,0.05,0.0,0.05,0.04,0.04,0.0,38.0,38.0,1,2,0.042081570788943895,0.9065658256417235,0.6936447726344993,28.0,2.0,Street-Fast,2,0.3530421625396456,0.4056410704066886,0.2413167670536658,103.101,101.365,SOFT,2.0,Q2
HUL,Haas,2024,Bahrain Grand Prix,Bahrain International,5006.652008539475,15.0,0.0029960140977275,0.6859999999999928,1.3535000000000004,-0.11650000000000205,1.5420000000000016,0.05,0.0,0.05,0.376,0.376,0.0,21.2,46.0,0,1,0.07662692066868529,-0.4680556125916825,-0.5250797315138804,35.0,2.0,Permanent-Medium,3,0.32090906055580903,0.43000077906756745,0.24909016037662352,89.851,89.165,SOFT,2.0,Q3
HUL,Haas,2024,Belgian Grand Prix,Spa-Francorchamps,6775.131165030146,19.0,0.0028043737511782,3.149000000000001,1.3535000000000004,-0.11650000000000205,1.4819999999999993,1.55,1.5,0.05,0.5710000000000001,0.35600000000000004,0.0,22.2,93.0,0,2,2.227636715963657,0.6316415379950423,-0.7537292817396346,300.0,2.0,Permanent-Fast,1,0.2773927846751728,0.4604498400797881,0.262157375245039,116.308,113.159,INTERMEDIATE,2.0,Q1
HUL,Haas,2024,British Grand Prix,Silverstone,5729.156782444218,18.0,0.003141823602237,0.5189999999999912,1.3535000000000004,-0.11650000000000205,1.4819999999999993,0.05,0.0,0.05,0.483,0.38799999999999996,0.0,20.6,69.0,0,2,0.9554129895418016,0.3567172503483611,-0.3511117846537936,140.0,2.0,Permanent-Fast,3,0.3229864022794135,0.402870115128912,0.2741434825916746,86.338,85.819,SOFT,2.0,Q3
HUL,Haas,2024,Canadian Grand Prix,Gilles Villeneuve,3927.405044134453,14.0,0.0035646947138566,2.23599999999999,1.3535000000000004,-0.11650000000000205,1.5420000000000016,0.15000000000000002,0.0,0.15000000000000002,0.27799999999999997,0.17799999999999996,0.0,31.1,70.0,0,1,-1.2360664087705144,-0.7429799002383637,0.15342335743024896,22.0,2.0,Permanent-Medium,1,0.27998864527291895,0.3166887453026575,0.40332260942442344,73.978,71.742,SOFT,4.0,Q1
HUL,Haas,2024,Chinese Grand Prix,Shanghai International,5161.238099433068,16.0,0.0031000313668453,0.9440000000000026,1.3535000000000004,-0.11650000000000205,1.4819999999999993,0.05,0.0,0.05,0.17799999999999996,0.15799999999999997,0.0,32.1,54.0,0,2,0.2646507345248319,-0.1931313249450013,-0.4009748536645922,5.0,3.0,Permanent-Fast,3,0.26370977971333137,0.30368694769777177,0.4326032725888969,94.604,93.66,SOFT,2.0,Q3
HUL,Haas,2024,Dutch Grand Prix,Zandvoort,4259.0,14.0,0.0032871566095327,1.5420000000000016,1.3535000000000004,-0.11650000000000205,1.5420000000000016,0.05,0.0,0.05,0.313,0.22799999999999998,0.0,28.6,67.0,0,1,-0.8327458519410066,-0.7429799002383637,-0.1777123552044761,2.0,2.0,Permanent-Medium,2,0.34473074492733274,0.354742680615039,0.3005265744576283,71.215,69.673,SOFT,2.0,Q2
HUL,Haas,2024,Emilia Romagna Grand Prix,Imola,4909.0,19.0,0.003870442045223,0.8230000000000075,1.3535000000000004,-0.11650000000000205,1.5420000000000016,0.05,0.0,0.05,0.0,0.0,0.0,41.2,44.0,0,1,-0.04214769204173995,0.6316415379950423,0.5182160070911476,37.0,1.0,Permanent-Medium,3,0.31620108774762135,0.34520769098439835,0.33859122126798025,75.569,74.746,SOFT,2.0,Q3
HUL,Haas,2024,Hungarian Grand Prix,Hungaroring,4122.248439558155,14.0,0.0033962048152295,1.0899999999999892,1.3535000000000004,-0.11650000000000205,1.0899999999999892,0.15000000000000002,0.0,0.15000000000000002,3.723,0.17799999999999996,3.5,31.1,59.0,0,0,-0.9990774397082004,-0.7429799002383637,-0.04760497628108983,150.0,1.0,Permanent-Slow,2,0.3614921970203231,0.35499298976636917,0.2835148132133076,76.317,75.227,SOFT,4.0,Q2
HUL,Haas,2024,Italian Grand Prix,Monza,5261.551646812222,11.0,0.0020906380357711,1.0120000000000005,1.3535000000000004,-0.11650000000000205,1.4819999999999993,0.05,0.0,0.05,0.0,0.0,0.0,47.2,39.0,0,2,0.38666258986472024,-1.5677527631784072,-1.6053002230701332,120.0,2.0,Permanent-Fast,3,0.3295908587361058,0.3369969753170938,0.33341216594680045,80.339,79.327,SOFT,2.0,Q3
HUL,Haas,2024,Japanese Grand Prix,Suzuka,5650.500064177964,18.0,0.0031855587639248,1.296999999999997,1.3535000000000004,-0.11650000000000205,1.4819999999999993,0.05,0.0,0.05,0.304,0.264,0.0,26.8,58.0,0,2,0.8597424407340858,0.3567172503483611,-0.29893057527368244,50.0,2.0,Permanent-Fast,2,0.3526269917536371,0.4496167340827318,0.1977562741636311,89.494,88.197,SOFT,2.0,Q2
HUL,Haas,2024,Las Vegas Grand Prix,Las Vegas,6353.0,14.0,0.0022036832992287,0.75,1.3535000000000004,-0.11650000000000205,1.6595000000000084,0.05,0.0,0.05,0.528,0.528,0.0,13.6,26.0,1,2,1.7141965277960156,-0.7429799002383637,-1.4704238825178961,600.0,2.0,Street-Fast,3,0.2831768068599428,0.3324880187401947,0.3843351743998624,93.062,92.312,SOFT,2.0,Q3
HUL,Haas,2024,Mexico City Grand Prix,Hermanos Rodriguez,4309.0,17.0,0.0039452309120445,1.0490000000000066,1.3535000000000004,-0.11650000000000205,1.5420000000000016,0.05,0.0,0.05,0.06799999999999998,0.06799999999999998,0.0,36.6,41.0,0,1,-0.7719306088718323,0.0817929627016799,0.6074479515566137,2240.0,2.0,Permanent-Medium,3,0.3556334826936814,0.38433664523670363,0.2600298720696149,76.995,75.946,SOFT,2.0,Q3
HUL,Haas,2024,Miami Grand Prix,Miami,5412.0,19.0,0.003510716925351,0.9050000000000011,1.3535000000000004,-0.11650000000000205,1.0890000000000128,0.05,0.0,0.05,0.03,0.0,0.0,45.8,56.0,1,1,0.5696536532341541,0.6316415379950423,0.08902148545382091,3.0,3.0,Street-Medium,3,0.3336509881333243,0.3838404465318903,0.28250856533478547,88.146,87.241,SOFT,2.0,Q3
HUL,Haas,2024,Monaco Grand Prix,Monaco,2982.89347053333,19.0,0.0063696542259026,1.1700000000000017,1.3535000000000004,-0.11650000000000205,1.3370000000000033,0.1,0.0,0.1,0.055,0.0,0.0,43.3,61.0,1,0,-2.3848804273745277,0.6316415379950423,3.5000710878223424,10.0,1.0,Street-Slow,2,0.2613381858902576,0.4707586786114222,0.2679031354983203,71.44,70.27,SOFT,3.0,Q2
HUL,Haas,2024,Qatar Grand Prix,Losail,5380.0,16.0,0.0029739776951672,1.921999999999997,1.3535000000000004,-0.11650000000000205,1.5420000000000016,0.05,0.0,0.05,0.41200000000000003,0.36200000000000004,0.0,21.9,60.0,0,1,0.5307318976698825,-0.1931313249450013,-0.5513717604354108,20.0,2.0,Permanent-Medium,1,0.36989641202299794,0.33595740035418836,0.2941461876228136,82.442,80.52,SOFT,2.0,Q1
HUL,Haas,2024,Saudi Arabian Grand Prix,Jeddah,6174.0,27.0,0.0043731778425655,1.5830000000000126,1.3535000000000004,-0.11650000000000205,1.6595000000000084,0.05,0.0,0.05,0.204,0.174,0.0,31.3,56.0,1,2,1.4964779576083713,2.8310358391684916,1.1180391446222482,15.0,3.0,Street-Fast,2,0.3652798832182359,0.3155128852956038,0.3192072314861602,89.055,87.472,SOFT,2.0,Q2
HUL,Haas,2024,Singapore Grand Prix,Marina Bay,4956.5492831458605,23.0,0.0046403250903221,0.5899999999999892,1.3535000000000004,-0.11650000000000205,1.3370000000000033,0.05,0.0,0.05,0.31799999999999995,0.16799999999999998,0.0,31.6,80.0,1,0,0.01568673220387009,1.731338688581767,1.436777339075894,10.0,1.0,Street-Slow,3,0.2967541474782223,0.42100649170504356,0.2822393608167342,90.115,89.525,SOFT,2.0,Q3
HUL,Haas,2024,Spanish Grand Prix,Barcelona-Catalunya,4348.990357163425,16.0,0.003679014825509,0.9270000000000067,1.3535000000000004,-0.11650000000000205,1.5420000000000016,0.05,0.0,0.05,0.17400000000000004,0.08400000000000006,0.0,35.8,68.0,0,1,-0.7232901430454965,-0.1931313249450013,0.28982074233246696,110.0,1.0,Permanent-Medium,2,0.2980915502696722,0.40070529663946897,0.3012031530908588,72.31,71.383,SOFT,2.0,Q2
HUL,Haas,2024,São Paulo Grand Prix,Interlagos,4309.0,15.0,0.0034810860988628,8.218000000000004,1.3535000000000004,-0.11650000000000205,1.5420000000000016,2.95,2.5,0.45,4.062,0.35200000000000004,3.5,22.4,92.0,0,1,-0.7719306088718323,-0.4680556125916825,0.05366841251622112,800.0,2.0,Permanent-Medium,1,0.25674775984196113,0.530630955109525,0.21262128504851405,91.623,83.405,WET,10.0,Q1
HUL,Haas,2024,United States Grand Prix,COTA,5337.916050454483,20.0,0.0037467805433727,1.2139999999999986,1.3535000000000004,-0.11650000000000205,1.4819999999999993,0.05,0.0,0.05,0.025999999999999943,0.025999999999999943,0.0,38.7,38.0,0,2,0.4795449852514533,0.9065658256417235,0.37067324124127227,230.0,3.0,Permanent-Fast,2,0.27543188232275717,0.3978341742923116,0.3267339433849311,93.544,92.33,SOFT,2.0,Q2
KUB,Alfa Romeo,2021,Dutch Grand Prix,Zandvoort,4259.0,14.0,0.0032871566095327,2.415999999999997,1.8859999999999992,0.8787499999999966,4.153000000000006,0.05,0.0,0.05,0.1445,0.09,0.0,35.5,60.9,0,1,-0.8327458519410066,-0.7429799002383637,-0.1777123552044761,2.0,2.0,Permanent-Medium,1,0.34986886579430865,0.34264596569473077,0.3074851685109606,71.301,68.885,SOFT,2.0,Q1
KUB,Alfa Romeo,2021,Italian Grand Prix,Monza,5261.551646812222,11.0,0.0020906380357711,2.9749999999999943,1.8859999999999992,0.8787499999999966,3.203000000000003,0.05,0.0,0.05,0.15599999999999994,0.15599999999999994,0.0,32.2,44.2,0,2,0.38666258986472024,-1.5677527631784072,-1.6053002230701332,120.0,2.0,Permanent-Fast,1,0.33133406034169394,0.3362656003877378,0.3324003392705683,82.53,79.555,SOFT,2.0,Q1
KUB,Williams,2019,Abu Dhabi Grand Prix,Yas Marina,5333.449274375974,21.0,0.0039374144047628,4.457000000000008,3.7650000000000077,0.24399999999999977,4.153000000000006,0.05,0.0,0.05,0.24400000000000002,0.17600000000000002,0.0,31.2,63.6,0,1,0.4741120237924506,1.1814901132884046,0.59812193588988,10.0,2.0,Permanent-Medium,1,0.17600467572252004,0.42466443629328066,0.39933088798419925,99.236,94.779,SOFT,2.0,Q1
KUB,Williams,2019,Australian Grand Prix,Albert Park,4843.53245567963,14.0,0.0028904523977295,5.580999999999989,3.7650000000000077,0.24399999999999977,5.580999999999989,0.05,0.0,0.05,0.12549999999999997,0.025999999999999943,0.0,38.7,69.9,1,1,-0.12177618446144439,-0.7429799002383637,-0.6510272976721347,31.0,2.0,Street-Medium,1,0.33555253465323526,0.2704753273612418,0.3939721379855229,86.067,80.486,SOFT,2.0,Q1
KUB,Williams,2019,Austrian Grand Prix,Red Bull Ring,3999.68196710701,10.0,0.0025001987863632,3.203000000000003,3.7650000000000077,0.24399999999999977,3.203000000000003,0.05,0.0,0.05,0.0,0.0,0.0,51.0,25.9,0,2,-1.148155635993153,-1.8426770508250885,-1.1166459125389459,700.0,2.0,Permanent-Fast,1,0.2525752952904571,0.4432226686403045,0.30420203606923846,66.206,63.003,SOFT,2.0,Q1
KUB,Williams,2019,Azerbaijan Grand Prix,Baku City,4978.250124294395,20.0,0.0040174759203837,4.959999999999994,3.7650000000000077,0.24399999999999977,4.959999999999994,0.05,0.0,0.05,0.17150000000000007,0.08400000000000006,0.0,35.8,67.5,1,2,0.042081570788943895,0.9065658256417235,0.6936447726344993,28.0,2.0,Street-Fast,1,0.3519226210231853,0.4016974064766962,0.24637997250011853,105.455,100.495,SOFT,2.0,Q1
KUB,Williams,2019,Bahrain Grand Prix,Bahrain International,5006.652008539475,15.0,0.0029960140977275,3.933000000000007,3.7650000000000077,0.24399999999999977,4.153000000000006,0.05,0.0,0.05,0.221,0.21,0.0,29.5,52.2,0,1,0.07662692066868529,-0.4680556125916825,-0.5250797315138804,35.0,2.0,Permanent-Medium,1,0.31458948354557237,0.43358860118301934,0.2518219152714082,91.799,87.866,SOFT,2.0,Q1
KUB,Williams,2019,Brazilian Grand Prix,Interlagos,4309.0,15.0,0.0034810860988628,3.111000000000004,3.7650000000000077,0.24399999999999977,4.153000000000006,0.05,0.0,0.05,0.18699999999999994,0.09599999999999995,0.0,35.2,68.2,0,1,-0.7719306088718323,-0.4680556125916825,0.05366841251622112,800.0,2.0,Permanent-Medium,1,0.25814994193785934,0.5114991361486391,0.23035092191350154,70.614,67.503,SOFT,2.0,Q1
KUB,Williams,2019,British Grand Prix,Silverstone,5729.156782444218,18.0,0.003141823602237,3.1640000000000015,3.7650000000000077,0.24399999999999977,3.203000000000003,0.15000000000000002,0.0,0.15000000000000002,0.26299999999999996,0.17799999999999996,0.0,31.1,67.0,0,2,0.9554129895418016,0.3567172503483611,-0.3511117846537936,140.0,2.0,Permanent-Fast,1,0.3202918748654498,0.4078203428623226,0.2718877822722277,88.257,85.093,SOFT,4.0,Q1
KUB,Williams,2019,Canadian Grand Prix,Gilles Villeneuve,3927.405044134453,14.0,0.0035646947138566,4.153000000000006,3.7650000000000077,0.24399999999999977,4.153000000000006,0.05,0.0,0.05,0.0,0.0,0.0,47.5,22.4,0,1,-1.2360664087705144,-0.7429799002383637,0.15342335743024896,22.0,2.0,Permanent-Medium,1,0.27835952307340744,0.31954619386232574,0.4020942830642668,74.393,70.24,SOFT,2.0,Q1
KUB,Williams,2019,Chinese Grand Prix,Shanghai International,5161.238099433068,16.0,0.0031000313668453,3.734000000000009,3.7650000000000077,0.24399999999999977,3.203000000000003,0.05,0.0,0.05,0.10799999999999997,0.10799999999999997,0.0,34.6,47.2,0,2,0.2646507345248319,-0.1931313249450013,-0.4009748536645922,5.0,3.0,Permanent-Fast,1,0.2615106894344098,0.2962500393572695,0.44223927120832063,95.281,91.547,SOFT,2.0,Q1
KUB,Williams,2019,French Grand Prix,Paul Ricard,5247.8799638259,15.0,0.0028582970844219,4.885999999999996,3.7650000000000077,0.24399999999999977,3.203000000000003,0.05,0.0,0.05,0.0,0.0,0.0,54.5,48.5,0,2,0.37003365538516214,-0.4680556125916825,-0.6893923813172924,40.0,3.0,Permanent-Fast,1,0.2528405128480231,0.30737621372243973,0.439783273429537,93.205,88.319,SOFT,2.0,Q1
KUB,Williams,2019,German Grand Prix,Hockenheimring,4317.957322804004,17.0,0.0039370467860392,3.0720000000000027,3.7650000000000077,0.24399999999999977,4.153000000000006,0.05,0.0,0.05,0.008000000000000007,0.0,0.0,43.6,51.6,0,1,-0.7610357736003405,0.0817929627016799,0.5976833233674174,100.0,2.0,Permanent-Medium,1,0.2171995884498724,0.4749929849410067,0.3078074266091209,74.839,71.767,SOFT,2.0,Q1
KUB,Williams,2019,Hungarian Grand Prix,Hungaroring,4122.248439558155,14.0,0.0033962048152295,3.7519999999999953,3.7650000000000077,0.24399999999999977,3.7519999999999953,0.05,0.0,0.05,0.01800000000000001,0.0,0.0,41.5,53.6,0,0,-0.9990774397082004,-0.7429799002383637,-0.04760497628108983,150.0,1.0,Permanent-Slow,1,0.3578213574383331,0.35631479495429247,0.2858638476073745,78.324,74.572,SOFT,2.0,Q1
KUB,Williams,2019,Italian Grand Prix,Monza,5261.551646812222,11.0,0.0020906380357711,3.0489999999999924,3.7650000000000077,0.24399999999999977,3.203000000000003,0.05,0.0,0.05,0.04149999999999999,0.04,0.0,38.0,50.3,0,2,0.38666258986472024,-1.5677527631784072,-1.6053002230701332,120.0,2.0,Permanent-Fast,1,0.3322890864053621,0.33295691874301814,0.33475399485161983,82.356,79.307,SOFT,2.0,Q1
KUB,Williams,2019,Mexican Grand Prix,Hermanos Rodriguez,4309.0,17.0,0.0039452309120445,5.4210000000000065,3.7650000000000077,0.24399999999999977,4.153000000000006,0.05,0.0,0.05,0.06349999999999995,0.025999999999999943,0.0,38.7,57.5,0,1,-0.7719306088718323,0.0817929627016799,0.6074479515566137,2240.0,2.0,Permanent-Medium,1,0.3468613976228189,0.39288342334027615,0.2602551790369049,80.179,74.758,SOFT,2.0,Q1
KUB,Williams,2019,Monaco Grand Prix,Monaco,2982.89347053333,19.0,0.0063696542259026,3.585000000000008,3.7650000000000077,0.24399999999999977,4.277000000000008,0.15000000000000002,0.0,0.15000000000000002,0.06199999999999999,0.0,0.0,42.0,62.4,1,0,-2.3848804273745277,0.6316415379950423,3.5000710878223424,10.0,1.0,Street-Slow,1,0.2612439153367412,0.46844110588331006,0.27031497877994876,73.751,70.166,SOFT,4.0,Q1
KUB,Williams,2019,Russian Grand Prix,Sochi Autodrom,5760.2985642132535,18.0,0.0031248380269432,4.846000000000004,3.7650000000000077,0.24399999999999977,4.153000000000006,0.1,0.0,0.1,0.22799999999999998,0.174,0.0,31.3,60.8,0,1,0.993290890099623,0.3567172503483611,-0.37137758056360215,5.0,2.0,Permanent-Medium,1,0.36213902191263964,0.3429628708253001,0.2948981072620602,96.474,91.628,SOFT,3.0,Q1
KUB,Williams,2019,Singapore Grand Prix,Marina Bay,4956.5492831458605,23.0,0.0046403250903221,4.969000000000008,3.7650000000000077,0.24399999999999977,4.277000000000008,0.05,0.0,0.05,0.1525,0.1,0.0,35.0,60.5,1,0,0.01568673220387009,1.731338688581767,1.436777339075894,10.0,1.0,Street-Slow,1,0.27269582748601584,0.3859624849287451,0.34134168758523903,101.186,96.217,SOFT,2.0,Q1
KUB,Williams,2019,Spanish Grand Prix,Barcelona-Catalunya,4348.990357163425,16.0,0.003679014825509,4.847999999999999,3.7650000000000077,0.24399999999999977,4.153000000000006,0.05,0.0,0.05,0.18100000000000005,0.13400000000000006,0.0,33.3,59.4,0,1,-0.7232901430454965,-0.1931313249450013,0.28982074233246696,110.0,1.0,Permanent-Medium,1,0.27867769830787253,0.3703989832282503,0.35092331846387725,80.254,75.406,SOFT,2.0,Q1
KUB,Williams,2019,United States Grand Prix,COTA,5337.916050454483,20.0,0.0037467805433727,3.8599999999999994,3.7650000000000077,0.24399999999999977,3.203000000000003,0.05,0.0,0.05,0.27,0.27,0.0,26.5,25.0,0,2,0.4795449852514533,0.9065658256417235,0.37067324124127227,230.0,3.0,Permanent-Fast,1,0.26979111264065747,0.3994097341718028,0.3307991531875398,95.889,92.029,SOFT,2.0,Q1
KVY,RB,2019,Abu Dhabi Grand Prix,Yas Marina,5333.449274375974,21.0,0.0039374144047628,2.362000000000009,1.8175000000000026,0.033749999999997726,1.6079999999999899,0.05,0.0,0.05,0.29800000000000004,0.22200000000000003,0.0,28.9,65.2,0,1,0.4741120237924506,1.1814901132884046,0.59812193588988,10.0,2.0,Permanent-Medium,2,0.17812252293058548,0.42521695267703646,0.3966605243923781,97.141,94.779,SOFT,2.0,Q2
KVY,RB,2019,Australian Grand Prix,Albert Park,4843.53245567963,14.0,0.0028904523977295,2.0249999999999915,1.8175000000000026,0.033749999999997726,2.0249999999999915,0.05,0.0,0.05,0.13450000000000004,0.03200000000000003,0.0,38.4,70.5,1,1,-0.12177618446144439,-0.7429799002383637,-0.6510272976721347,31.0,2.0,Street-Medium,2,0.3320284568118191,0.271697107052393,0.396274436135788,82.511,80.486,SOFT,2.0,Q2
KVY,RB,2019,Austrian Grand Prix,Red Bull Ring,3999.68196710701,10.0,0.0025001987863632,2.320999999999998,1.8175000000000026,0.033749999999997726,1.926000000000002,0.05,0.0,0.05,0.0,0.0,0.0,51.0,25.9,0,2,-1.148155635993153,-1.8426770508250885,-1.1166459125389459,700.0,2.0,Permanent-Fast,1,0.25114812320127367,0.43722062335435674,0.3116312534443696,65.324,63.003,SOFT,2.0,Q1
KVY,RB,2019,Azerbaijan Grand Prix,Baku City,4978.250124294395,20.0,0.0040174759203837,1.1859999999999928,1.8175000000000026,0.033749999999997726,1.1859999999999928,0.15000000000000002,0.0,0.15000000000000002,0.4115,0.26799999999999996,0.0,26.6,78.7,1,2,0.042081570788943895,0.9065658256417235,0.6936447726344993,28.0,2.0,Street-Fast,3,0.35058663860504913,0.40139259055280724,0.24802077084214355,101.681,100.495,SOFT,4.0,Q3
KVY,RB,2019,Bahrain Grand Prix,Bahrain International,5006.652008539475,15.0,0.0029960140977275,1.9879999999999995,1.8175000000000026,0.033749999999997726,1.6079999999999899,0.05,0.0,0.05,0.23650000000000002,0.226,0.0,28.7,52.1,0,1,0.07662692066868529,-0.4680556125916825,-0.5250797315138804,35.0,2.0,Permanent-Medium,2,0.31755959667905714,0.43190063881407614,0.2505397645068667,89.854,87.866,SOFT,2.0,Q2
KVY,RB,2019,Belgian Grand Prix,Spa-Francorchamps,6775.131165030146,19.0,0.0028043737511782,3.9989999999999952,1.8175000000000026,0.033749999999997726,1.926000000000002,0.05,0.0,0.05,0.0,0.0,0.0,41.3,36.9,0,2,2.227636715963657,0.6316415379950423,-0.7537292817396346,300.0,2.0,Permanent-Fast,1,0.29543363562965885,0.43047184513415576,0.27409451923618544,106.518,102.519,SOFT,2.0,Q1
KVY,RB,2019,Brazilian Grand Prix,Interlagos,4309.0,15.0,0.0034810860988628,1.816999999999993,1.8175000000000026,0.033749999999997726,1.6079999999999899,0.05,0.0,0.05,0.19949999999999996,0.09599999999999995,0.0,35.2,70.7,0,1,-0.7719306088718323,-0.4680556125916825,0.05366841251622112,800.0,2.0,Permanent-Medium,1,0.25936237738026546,0.5081794575879977,0.2324581650317369,69.32,67.503,SOFT,2.0,Q1
KVY,RB,2019,British Grand Prix,Silverstone,5729.156782444218,18.0,0.003141823602237,1.6280000000000001,1.8175000000000026,0.033749999999997726,1.926000000000002,0.15000000000000002,0.0,0.15000000000000002,0.26299999999999996,0.17799999999999996,0.0,31.1,67.0,0,2,0.9554129895418016,0.3567172503483611,-0.3511117846537936,140.0,2.0,Permanent-Fast,1,0.3218136322228757,0.4056802850520635,0.2725060827250608,86.721,85.093,SOFT,4.0,Q1
KVY,RB,2019,Canadian Grand Prix,Gilles Villeneuve,3927.405044134453,14.0,0.0035646947138566,1.6810000000000116,1.8175000000000026,0.033749999999997726,1.6079999999999899,0.05,0.0,0.05,0.0,0.0,0.0,49.0,21.7,0,1,-1.2360664087705144,-0.7429799002383637,0.15342335743024896,22.0,2.0,Permanent-Medium,2,0.27744330584947374,0.3184466289400871,0.4041100652104393,71.921,70.24,SOFT,2.0,Q2
KVY,RB,2019,Chinese Grand Prix,Shanghai International,5161.238099433068,16.0,0.0031000313668453,1.6890000000000072,1.8175000000000026,0.033749999999997726,1.926000000000002,0.05,0.0,0.05,0.14699999999999994,0.14599999999999994,0.0,32.7,50.2,0,2,0.2646507345248319,-0.1931313249450013,-0.4009748536645922,5.0,3.0,Permanent-Fast,2,0.2613260972156678,0.29765326697842037,0.44102063580591194,93.236,91.547,SOFT,2.0,Q2
KVY,RB,2019,French Grand Prix,Paul Ricard,5247.8799638259,15.0,0.0028582970844219,3.2449999999999903,1.8175000000000026,0.033749999999997726,1.926000000000002,0.05,0.0,0.05,0.0,0.0,0.0,55.4,47.6,0,2,0.37003365538516214,-0.4680556125916825,-0.6893923813172924,40.0,3.0,Permanent-Fast,1,0.2504150102660434,0.30793761740422004,0.4416473723297366,91.564,88.319,SOFT,2.0,Q1
KVY,RB,2019,German Grand Prix,Hockenheimring,4317.957322804004,17.0,0.0039370467860392,1.3680000000000092,1.8175000000000026,0.033749999999997726,1.6079999999999899,0.05,0.0,0.05,0.0010000000000000143,0.0,0.0,44.2,50.2,0,1,-0.7610357736003405,0.0817929627016799,0.5976833233674174,100.0,2.0,Permanent-Medium,2,0.21621658576604907,0.47957886101046004,0.3042045532234908,73.135,71.767,SOFT,2.0,Q2
KVY,RB,2019,Hungarian Grand Prix,Hungaroring,4122.248439558155,14.0,0.0033962048152295,2.1199999999999903,1.8175000000000026,0.033749999999997726,2.4384999999999906,0.05,0.0,0.05,0.0,0.0,0.0,44.7,49.6,0,0,-0.9990774397082004,-0.7429799002383637,-0.04760497628108983,150.0,1.0,Permanent-Slow,2,0.3602201011839566,0.35496531580868923,0.28481458300735407,76.692,74.572,SOFT,2.0,Q2
KVY,RB,2019,Italian Grand Prix,Monza,5261.551646812222,11.0,0.0020906380357711,1.3229999999999933,1.8175000000000026,0.033749999999997726,1.926000000000002,0.05,0.0,0.05,0.049500000000000065,0.03400000000000006,0.0,38.3,53.1,0,2,0.38666258986472024,-1.5677527631784072,-1.6053002230701332,120.0,2.0,Permanent-Fast,2,0.3351358055314399,0.3345032866178842,0.33036090785067596,80.63,79.307,SOFT,2.0,Q2
KVY,RB,2019,Japanese Grand Prix,Suzuka,5650.500064177964,18.0,0.0031855587639248,2.4990000000000094,1.8175000000000026,0.033749999999997726,1.926000000000002,0.05,0.0,0.05,0.10850000000000001,0.05200000000000003,0.0,37.4,61.3,0,2,0.8597424407340858,0.3567172503483611,-0.29893057527368244,50.0,2.0,Permanent-Fast,2,0.3475988968658933,0.45298839922735945,0.1994127039067472,89.563,87.064,SOFT,2.0,Q2
KVY,RB,2019,Mexican Grand Prix,Hermanos Rodriguez,4309.0,17.0,0.0039452309120445,1.7109999999999985,1.8175000000000026,0.033749999999997726,1.6079999999999899,0.05,0.0,0.05,0.12849999999999995,0.11599999999999995,0.0,34.2,52.5,0,1,-0.7719306088718323,0.0817929627016799,0.6074479515566137,2240.0,2.0,Permanent-Medium,3,0.3570074147693837,0.3822856320862049,0.2607069531444115,76.469,74.758,SOFT,2.0,Q3
KVY,RB,2019,Monaco Grand Prix,Monaco,2982.89347053333,19.0,0.0063696542259026,1.105000000000004,1.8175000000000026,0.033749999999997726,2.4224999999999994,0.15000000000000002,0.0,0.15000000000000002,0.07450000000000002,0.0,0.0,40.3,64.9,1,0,-2.3848804273745277,0.6316415379950423,3.5000710878223424,10.0,1.0,Street-Slow,3,0.2635153147844144,0.46961597283607637,0.2668687123795092,71.271,70.166,SOFT,4.0,Q3
KVY,RB,2019,Singapore Grand Prix,Marina Bay,4956.5492831458605,23.0,0.0046403250903221,3.739999999999995,1.8175000000000026,0.033749999999997726,2.4224999999999994,0.05,0.0,0.05,0.14749999999999994,0.09599999999999995,0.0,35.2,60.3,1,0,0.01568673220387009,1.731338688581767,1.436777339075894,10.0,1.0,Street-Slow,1,0.27555849015076483,0.38620606860950213,0.3382354412397331,99.957,96.217,SOFT,2.0,Q1
KVY,RB,2019,Spanish Grand Prix,Barcelona-Catalunya,4348.990357163425,16.0,0.003679014825509,1.836999999999989,1.8175000000000026,0.033749999999997726,1.6079999999999899,0.05,0.0,0.05,0.12099999999999995,0.08599999999999995,0.0,35.7,57.0,0,1,-0.7232901430454965,-0.1931313249450013,0.28982074233246696,110.0,1.0,Permanent-Medium,3,0.28225211346011936,0.372059604106521,0.3456882824333597,77.243,75.406,SOFT,2.0,Q3
KVY,RB,2019,United States Grand Prix,COTA,5337.916050454483,20.0,0.0037467805433727,1.960000000000008,1.8175000000000026,0.033749999999997726,1.926000000000002,0.05,0.0,0.05,0.28,0.28,0.0,26.0,25.8,0,2,0.4795449852514533,0.9065658256417235,0.37067324124127227,230.0,3.0,Permanent-Fast,2,0.26940386640989905,0.3979508240325995,0.3326453095575014,93.989,92.029,SOFT,2.0,Q2
KVY,RB,2020,70th Anniversary Grand Prix,Silverstone,5729.156782444218,18.0,0.003141823602237,2.7280000000000086,1.429000000000002,0.12449999999999761,1.926000000000002,0.05,0.0,0.05,0.013500000000000014,0.0,0.0,43.7,52.7,0,2,0.9554129895418016,0.3567172503483611,-0.3511117846537936,140.0,2.0,Permanent-Fast,1,0.3187228328895565,0.4083316264991694,0.27294554061127424,87.882,85.154,SOFT,2.0,Q1
KVY,RB,2020,Abu Dhabi Grand Prix,Yas Marina,5333.449274375974,21.0,0.0039374144047628,0.7169999999999987,1.429000000000002,0.12449999999999761,1.6079999999999899,0.05,0.0,0.05,0.319,0.256,0.0,27.2,62.6,0,1,0.4741120237924506,1.1814901132884046,0.59812193588988,10.0,2.0,Permanent-Medium,3,0.1787876577430885,0.4277273532507321,0.39348498900617945,95.963,95.246,SOFT,2.0,Q3
KVY,RB,2020,Austrian Grand Prix,Red Bull Ring,3999.68196710701,10.0,0.0025001987863632,1.4919999999999973,1.429000000000002,0.12449999999999761,1.926000000000002,0.05,0.0,0.05,0.0,0.0,0.0,48.6,35.1,0,2,-1.148155635993153,-1.8426770508250885,-1.1166459125389459,700.0,2.0,Permanent-Fast,2,0.2531545374121153,0.44163523769614005,0.30521022489174465,64.431,62.939,SOFT,2.0,Q2
KVY,RB,2020,Bahrain Grand Prix,Bahrain International,5006.652008539475,15.0,0.0029960140977275,1.3539999999999992,1.429000000000002,0.12449999999999761,1.6079999999999899,0.05,0.0,0.05,0.30200000000000005,0.256,0.0,27.2,59.2,0,1,0.07662692066868529,-0.4680556125916825,-0.5250797315138804,35.0,2.0,Permanent-Medium,3,0.3170123451217585,0.43227109616556453,0.25071655871267684,88.618,87.264,SOFT,2.0,Q3
KVY,RB,2020,Belgian Grand Prix,Spa-Francorchamps,6775.131165030146,19.0,0.0028043737511782,1.4780000000000086,1.429000000000002,0.12449999999999761,1.926000000000002,0.05,0.0,0.05,0.37,0.306,0.0,24.7,62.8,0,2,2.227636715963657,0.6316415379950423,-0.7537292817396346,300.0,2.0,Permanent-Fast,2,0.2934001752165872,0.4297673513092573,0.27683247347415557,102.73,101.252,SOFT,2.0,Q2
KVY,RB,2020,British Grand Prix,Silverstone,5729.156782444218,18.0,0.003141823602237,2.4410000000000025,1.429000000000002,0.12449999999999761,1.926000000000002,0.05,0.0,0.05,0.02,0.0,0.0,40.5,54.0,0,2,0.9554129895418016,0.3567172503483611,-0.3511117846537936,140.0,2.0,Permanent-Fast,2,0.32266208613852254,0.4038550216729687,0.2734828921885087,86.744,84.303,SOFT,2.0,Q2
KVY,RB,2020,Eifel Grand Prix,Hockenheimring,4317.957322804004,17.0,0.0039370467860392,1.5789999999999935,1.429000000000002,0.12449999999999761,1.6079999999999899,0.05,0.0,0.05,0.512,0.47200000000000003,0.0,16.4,58.0,0,1,-0.7610357736003405,0.0817929627016799,0.5976833233674174,100.0,2.0,Permanent-Medium,2,0.3261445283714075,0.415668754605748,0.2581867170228445,86.848,85.269,SOFT,2.0,Q2
KVY,RB,2020,Emilia Romagna Grand Prix,Imola,4909.0,19.0,0.003870442045223,1.0870000000000033,1.429000000000002,0.12449999999999761,1.6079999999999899,0.05,0.0,0.05,0.40650000000000003,0.318,0.0,24.1,67.7,0,1,-0.04214769204173995,0.6316415379950423,0.5182160070911476,37.0,1.0,Permanent-Medium,3,0.31964228338866874,0.34518581985648494,0.3351718967548463,74.696,73.609,SOFT,2.0,Q3
KVY,RB,2020,Hungarian Grand Prix,Hungaroring,4122.248439558155,14.0,0.0033962048152295,2.756999999999991,1.429000000000002,0.12449999999999761,2.4384999999999906,0.05,0.0,0.05,0.3725,0.26,0.0,27.0,72.5,0,0,-0.9990774397082004,-0.7429799002383637,-0.04760497628108983,150.0,1.0,Permanent-Slow,1,0.36565009710776336,0.3528686158206918,0.28148128707154474,76.204,73.447,SOFT,2.0,Q1
KVY,RB,2020,Italian Grand Prix,Monza,5261.551646812222,11.0,0.0020906380357711,1.2819999999999965,1.429000000000002,0.12449999999999761,1.926000000000002,0.05,0.0,0.05,0.0,0.0,0.0,45.3,42.0,0,2,0.38666258986472024,-1.5677527631784072,-1.6053002230701332,120.0,2.0,Permanent-Fast,2,0.33677606057204157,0.33344559617807384,0.32977834324988464,80.169,78.887,SOFT,2.0,Q2
KVY,RB,2020,Portuguese Grand Prix,Portimao,4653.0,15.0,0.0032237266279819,1.2620000000000005,1.429000000000002,0.12449999999999761,1.6079999999999899,0.05,0.0,0.05,0.09599999999999995,0.09599999999999995,0.0,35.2,49.8,0,1,-0.3535217365559127,-0.4680556125916825,-0.25339180900199537,90.0,1.0,Permanent-Medium,2,0.2897797447509263,0.383118052696583,0.3271022025524908,77.728,76.466,SOFT,2.0,Q2
KVY,RB,2020,Russian Grand Prix,Sochi Autodrom,5760.2985642132535,18.0,0.0031248380269432,1.9449999999999932,1.429000000000002,0.12449999999999761,1.6079999999999899,0.05,0.0,0.05,0.19649999999999998,0.15799999999999997,0.0,32.1,57.7,0,1,0.993290890099623,0.3567172503483611,-0.37137758056360215,5.0,2.0,Permanent-Medium,2,0.36396100762474665,0.34535490997222495,0.2906840824030285,93.249,91.304,SOFT,2.0,Q2
KVY,RB,2020,Sakhir Grand Prix,Bahrain International,5006.652008539475,15.0,0.0029960140977275,0.4789999999999992,1.429000000000002,0.12449999999999761,1.6079999999999899,0.05,0.0,0.05,0.40750000000000003,0.27,0.0,26.5,77.5,0,1,0.07662692066868529,-0.4680556125916825,-0.5250797315138804,35.0,2.0,Permanent-Medium,3,0.34614527629233516,0.35045306001188353,0.30340166369578137,53.856,53.377,SOFT,2.0,Q3
KVY,RB,2020,Spanish Grand Prix,Barcelona-Catalunya,4348.990357163425,16.0,0.003679014825509,1.6079999999999899,1.429000000000002,0.12449999999999761,1.6079999999999899,0.05,0.0,0.05,0.008500000000000014,0.0,0.0,49.3,51.7,0,1,-0.7232901430454965,-0.1931313249450013,0.28982074233246696,110.0,1.0,Permanent-Medium,2,0.2797440149238263,0.3731215670017618,0.3471344180744118,77.192,75.584,SOFT,2.0,Q2
KVY,RB,2020,Styrian Grand Prix,Red Bull Ring,3999.68196710701,10.0,0.0025001987863632,1.891999999999996,1.429000000000002,0.12449999999999761,1.926000000000002,2.85,2.5,0.35000000000000003,4.105,0.41000000000000003,3.5,19.5,89.0,0,2,-1.148155635993153,-1.8426770508250885,-1.1166459125389459,700.0,2.0,Permanent-Fast,2,0.2439128416774339,0.4440834451873503,0.31200371313521585,79.717,77.825,WET,8.0,Q2
KVY,RB,2020,Turkish Grand Prix,Istanbul Park,5338.0,14.0,0.0026227051330086,21.304999999999993,1.429000000000002,0.12449999999999761,1.926000000000002,2.55,2.5,0.05,0.727,0.528,0.0,13.6,89.8,0,2,0.47964709349177603,-0.7429799002383637,-0.9704813831763092,130.0,1.0,Permanent-Fast,1,0.3712559076470133,0.3702099635856512,0.25853412876733556,129.07,107.765,WET,2.0,Q1
KVY,RB,2020,Tuscan Grand Prix,Mugello,5245.0,15.0,0.0028598665395614,1.7099999999999937,1.429000000000002,0.12449999999999761,1.926000000000002,0.05,0.0,0.05,0.0,0.0,0.0,44.9,41.0,0,2,0.36653074138311176,-0.4680556125916825,-0.6875198361136977,255.0,1.0,Permanent-Fast,2,0.3583938376662243,0.27532724386499074,0.36627891846878496,76.854,75.144,SOFT,2.0,Q2
LAT,Williams,2020,70th Anniversary Grand Prix,Silverstone,5729.156782444218,18.0,0.003141823602237,3.2760000000000105,2.551000000000009,0.33199999999999363,2.8299999999999983,0.05,0.0,0.05,0.013000000000000008,0.0,0.0,44.3,52.6,0,2,0.9554129895418016,0.3567172503483611,-0.3511117846537936,140.0,2.0,Permanent-Fast,1,0.3192016284066493,0.4061630668325229,0.27463530476082776,88.43,85.154,SOFT,2.0,Q1
LAT,Williams,2020,Abu Dhabi Grand Prix,Yas Marina,5333.449274375974,21.0,0.0039374144047628,3.1970000000000027,2.551000000000009,0.33199999999999363,2.8995000000000033,0.15000000000000002,0.0,0.15000000000000002,0.264,0.20600000000000002,0.0,29.7,61.6,0,1,0.4741120237924506,1.1814901132884046,0.59812193588988,10.0,2.0,Permanent-Medium,1,0.17535020265534368,0.4253629003585831,0.3992868969860731,98.443,95.246,SOFT,4.0,Q1
LAT,Williams,2020,Austrian Grand Prix,Red Bull Ring,3999.68196710701,10.0,0.0025001987863632,2.818000000000005,2.551000000000009,0.33199999999999363,2.8299999999999983,0.15000000000000002,0.0,0.15000000000000002,0.0,0.0,0.0,50.2,34.4,0,2,-1.148155635993153,-1.8426770508250885,-1.1166459125389459,700.0,2.0,Permanent-Fast,1,0.250558875861125,0.44676612375868724,0.30267500038018763,65.757,62.939,SOFT,4.0,Q1
LAT,Williams,2020,Bahrain Grand Prix,Bahrain International,5006.652008539475,15.0,0.0029960140977275,2.9180000000000064,2.551000000000009,0.33199999999999363,2.8995000000000033,0.05,0.0,0.05,0.268,0.238,0.0,28.1,56.0,0,1,0.07662692066868529,-0.4680556125916825,-0.5250797315138804,35.0,2.0,Permanent-Medium,1,0.3181898826816882,0.43113925173537965,0.25067086558293233,90.182,87.264,SOFT,2.0,Q1
LAT,Williams,2020,Belgian Grand Prix,Spa-Francorchamps,6775.131165030146,19.0,0.0028043737511782,2.88600000000001,2.551000000000009,0.33199999999999363,2.8299999999999983,0.05,0.0,0.05,0.402,0.33,0.0,23.5,64.4,0,2,2.227636715963657,0.6316415379950423,-0.7537292817396346,300.0,2.0,Permanent-Fast,1,0.29601106224432966,0.42795137221763435,0.2760375655380361,104.138,101.252,SOFT,2.0,Q1
LAT,Williams,2020,British Grand Prix,Silverstone,5729.156782444218,18.0,0.003141823602237,3.402000000000001,2.551000000000009,0.33199999999999363,2.8299999999999983,0.15000000000000002,0.0,0.15000000000000002,0.05449999999999995,0.03599999999999994,0.0,38.2,53.7,0,2,0.9554129895418016,0.3567172503483611,-0.3511117846537936,140.0,2.0,Permanent-Fast,1,0.32347072572829366,0.40177868992645793,0.27475058434524824,87.705,84.303,SOFT,4.0,Q1
LAT,Williams,2020,Eifel Grand Prix,Hockenheimring,4317.957322804004,17.0,0.0039370467860392,2.542999999999992,2.551000000000009,0.33199999999999363,2.8995000000000033,0.05,0.0,0.05,0.452,0.424,0.0,18.8,55.6,0,1,-0.7610357736003405,0.0817929627016799,0.5976833233674174,100.0,2.0,Permanent-Medium,1,0.3242950849542203,0.41545574636723903,0.2602491686785405,87.812,85.269,SOFT,2.0,Q1
LAT,Williams,2020,Emilia Romagna Grand Prix,Imola,4909.0,19.0,0.003870442045223,2.378,2.551000000000009,0.33199999999999363,2.8995000000000033,0.05,0.0,0.05,0.35849999999999993,0.288,0.0,25.6,64.1,0,1,-0.04214769204173995,0.6316415379950423,0.5182160070911476,37.0,1.0,Permanent-Medium,1,0.3172911155855607,0.344782660191875,0.3379262242225644,75.987,73.609,SOFT,2.0,Q1
LAT,Williams,2020,Hungarian Grand Prix,Hungaroring,4122.248439558155,14.0,0.0033962048152295,2.6580000000000013,2.551000000000009,0.33199999999999363,2.6170000000000044,0.05,0.0,0.05,0.369,0.26,0.0,27.0,71.8,0,0,-0.9990774397082004,-0.7429799002383637,-0.04760497628108983,150.0,1.0,Permanent-Slow,2,0.3640365284803889,0.35282832928191316,0.28313514223769787,76.105,73.447,SOFT,2.0,Q2
LAT,Williams,2020,Italian Grand Prix,Monza,5261.551646812222,11.0,0.0020906380357711,2.8299999999999983,2.551000000000009,0.33199999999999363,2.8299999999999983,0.05,0.0,0.05,0.0,0.0,0.0,45.3,44.9,0,2,0.38666258986472024,-1.5677527631784072,-1.6053002230701332,120.0,2.0,Permanent-Fast,1,0.3345815436200546,0.3320606483351078,0.33335780804483767,81.717,78.887,SOFT,2.0,Q1
LAT,Williams,2020,Portuguese Grand Prix,Portimao,4653.0,15.0,0.0032237266279819,2.311000000000007,2.551000000000009,0.33199999999999363,2.8995000000000033,0.05,0.0,0.05,0.08599999999999995,0.08599999999999995,0.0,35.7,48.6,0,1,-0.3535217365559127,-0.4680556125916825,-0.25339180900199537,90.0,1.0,Permanent-Medium,1,0.2875204691724742,0.3867753278241111,0.32570420300341474,78.777,76.466,SOFT,2.0,Q1
LAT,Williams,2020,Russian Grand Prix,Sochi Autodrom,5760.2985642132535,18.0,0.0031248380269432,3.7620000000000005,2.551000000000009,0.33199999999999363,2.8995000000000033,0.05,0.0,0.05,0.18100000000000005,0.14400000000000007,0.0,32.8,57.4,0,1,0.993290890099623,0.3567172503483611,-0.37137758056360215,5.0,2.0,Permanent-Medium,1,0.36181179391159823,0.34635937138409106,0.29182883470431065,95.066,91.304,SOFT,2.0,Q1
LAT,Williams,2020,Sakhir Grand Prix,Bahrain International,5006.652008539475,15.0,0.0029960140977275,1.418999999999997,2.551000000000009,0.33199999999999363,2.8995000000000033,0.05,0.0,0.05,0.3975,0.264,0.0,26.8,76.7,0,1,0.07662692066868529,-0.4680556125916825,-0.5250797315138804,35.0,2.0,Permanent-Medium,1,0.3432549821154829,0.35170450397839254,0.3050405139061245,54.796,53.377,SOFT,2.0,Q1
LAT,Williams,2020,Spanish Grand Prix,Barcelona-Catalunya,4348.990357163425,16.0,0.003679014825509,2.9479999999999933,2.551000000000009,0.33199999999999363,2.8995000000000033,0.05,0.0,0.05,0.046499999999999986,0.0,0.0,49.1,59.3,0,1,-0.7232901430454965,-0.1931313249450013,0.28982074233246696,110.0,1.0,Permanent-Medium,1,0.27969490144145065,0.3713008709825294,0.34900422757602,78.532,75.584,SOFT,2.0,Q1
LAT,Williams,2020,Styrian Grand Prix,Red Bull Ring,3999.68196710701,10.0,0.0025001987863632,3.9339999999999975,2.551000000000009,0.33199999999999363,2.8299999999999983,2.65,2.5,0.15000000000000002,4.108,0.40399999999999997,3.5,19.8,90.8,0,2,-1.148155635993153,-1.8426770508250885,-1.1166459125389459,700.0,2.0,Permanent-Fast,1,0.2400836605144388,0.4415782971905234,0.31833804229503787,81.759,77.825,WET,4.0,Q1
LAT,Williams,2020,Turkish Grand Prix,Istanbul Park,5338.0,14.0,0.0026227051330086,33.84599999999999,2.551000000000009,0.33199999999999363,2.8299999999999983,2.55,2.5,0.05,4.2285,0.53,3.5,13.5,89.7,0,2,0.47964709349177603,-0.7429799002383637,-0.9704813831763092,130.0,1.0,Permanent-Fast,1,0.3457005458615503,0.3888892811999068,0.2654101729385429,141.611,107.765,WET,2.0,Q1
LAT,Williams,2020,Tuscan Grand Prix,Mugello,5245.0,15.0,0.0028598665395614,2.1759999999999877,2.551000000000009,0.33199999999999363,2.8299999999999983,0.05,0.0,0.05,0.0,0.0,0.0,45.6,38.9,0,2,0.36653074138311176,-0.4680556125916825,-0.6875198361136977,255.0,1.0,Permanent-Fast,1,0.35918261769270565,0.27353854112778064,0.36727884117951376,77.32,75.144,SOFT,2.0,Q1
LAT,Williams,2021,Abu Dhabi Grand Prix,Yas Marina,5333.449274375974,21.0,0.0039374144047628,2.228999999999999,2.0410000000000004,0.2672499999999971,2.8995000000000033,0.05,0.0,0.05,0.23950000000000002,0.21200000000000002,0.0,29.4,55.5,0,1,0.4741120237924506,1.1814901132884046,0.59812193588988,10.0,2.0,Permanent-Medium,1,0.20490170504398966,0.43236737888022014,0.3627309160757903,84.338,82.109,SOFT,2.0,Q1
LAT,Williams,2021,Austrian Grand Prix,Red Bull Ring,3999.68196710701,10.0,0.0025001987863632,1.4749999999999943,2.0410000000000004,0.2672499999999971,2.8299999999999983,0.05,0.0,0.05,0.0,0.0,0.0,52.7,27.0,0,2,-1.148155635993153,-1.8426770508250885,-1.1166459125389459,700.0,2.0,Permanent-Fast,1,0.25296418436996704,0.4480865097016643,0.29894930592836877,65.195,63.72,SOFT,2.0,Q1
LAT,Williams,2021,Azerbaijan Grand Prix,Baku City,4978.250124294395,20.0,0.0040174759203837,1.9099999999999966,2.0410000000000004,0.2672499999999971,2.7634999999999934,0.05,0.0,0.05,0.0,0.0,0.0,46.7,47.5,1,2,0.042081570788943895,0.9065658256417235,0.6936447726344993,28.0,2.0,Street-Fast,1,0.35210612054922036,0.40309130401055,0.2448025754402296,103.128,101.218,SOFT,2.0,Q1
LAT,Williams,2021,Bahrain Grand Prix,Bahrain International,5006.652008539475,15.0,0.0029960140977275,2.939000000000007,2.0410000000000004,0.2672499999999971,2.8995000000000033,0.05,0.0,0.05,0.11400000000000006,0.11400000000000006,0.0,34.3,42.5,0,1,0.07662692066868529,-0.4680556125916825,-0.5250797315138804,35.0,2.0,Permanent-Medium,1,0.31732944657152806,0.43052775844065444,0.25214279498781766,91.936,88.997,SOFT,2.0,Q1
LAT,Williams,2021,Belgian Grand Prix,Spa-Francorchamps,6775.131165030146,19.0,0.0028043737511782,2.0309999999999917,2.0410000000000004,0.2672499999999971,2.8299999999999983,1.55,1.5,0.05,0.6475,0.446,0.0,17.7,90.3,0,2,2.227636715963657,0.6316415379950423,-0.7537292817396346,300.0,2.0,Permanent-Fast,2,0.27650437080707463,0.45353052788507153,0.2699651013078539,118.056,116.025,INTERMEDIATE,2.0,Q2
LAT,Williams,2021,British Grand Prix,Silverstone,5729.156782444218,18.0,0.003141823602237,2.2310000000000088,2.0410000000000004,0.2672499999999971,2.8299999999999983,0.05,0.0,0.05,0.03300000000000004,0.012000000000000028,0.0,39.4,54.2,0,2,0.9554129895418016,0.3567172503483611,-0.3511117846537936,140.0,2.0,Permanent-Fast,1,0.3192376549504838,0.4061005733451175,0.27466177170439865,88.254,86.023,SOFT,2.0,Q1
LAT,Williams,2021,Dutch Grand Prix,Zandvoort,4259.0,14.0,0.0032871566095327,1.2079999999999984,2.0410000000000004,0.2672499999999971,2.8995000000000033,0.05,0.0,0.05,0.1445,0.09,0.0,35.5,60.9,0,1,-0.8327458519410066,-0.7429799002383637,-0.1777123552044761,2.0,2.0,Permanent-Medium,2,0.34909334740986975,0.3419599674717875,0.3089466851183428,70.093,68.885,SOFT,2.0,Q2
LAT,Williams,2021,Emilia Romagna Grand Prix,Imola,4909.0,19.0,0.003870442045223,1.1820000000000022,2.0410000000000004,0.2672499999999971,2.8995000000000033,0.05,0.0,0.05,0.21799999999999997,0.21799999999999997,0.0,29.1,35.8,0,1,-0.04214769204173995,0.6316415379950423,0.5182160070911476,37.0,1.0,Permanent-Medium,2,0.3208630428743402,0.34435728175889296,0.3347796753667667,75.593,74.411,SOFT,2.0,Q2
LAT,Williams,2021,French Grand Prix,Paul Ricard,5247.8799638259,15.0,0.0028582970844219,3.0720000000000027,2.0410000000000004,0.2672499999999971,2.8299999999999983,0.05,0.0,0.05,0.0,0.0,0.0,45.1,45.0,0,2,0.37003365538516214,-0.4680556125916825,-0.6893923813172924,40.0,3.0,Permanent-Fast,1,0.25243386129676987,0.30081021254647433,0.44675592615675563,93.062,89.99,SOFT,2.0,Q1
LAT,Williams,2021,Hungarian Grand Prix,Hungaroring,4122.248439558155,14.0,0.0033962048152295,2.6170000000000044,2.0410000000000004,0.2672499999999971,2.6170000000000044,0.05,0.0,0.05,0.0,0.0,0.0,59.8,47.5,0,0,-0.9990774397082004,-0.7429799002383637,-0.04760497628108983,150.0,1.0,Permanent-Slow,1,0.3585012045722487,0.3574504075042288,0.2840483879235225,78.036,75.419,SOFT,2.0,Q1
LAT,Williams,2021,Italian Grand Prix,Monza,5261.551646812222,11.0,0.0020906380357711,2.3699999999999903,2.0410000000000004,0.2672499999999971,2.8299999999999983,0.05,0.0,0.05,0.15200000000000002,0.15200000000000002,0.0,32.4,44.2,0,2,0.38666258986472024,-1.5677527631784072,-1.6053002230701332,120.0,2.0,Permanent-Fast,1,0.3320231919438511,0.3368812938663412,0.33109551418980776,81.925,79.555,SOFT,2.0,Q1
LAT,Williams,2021,Mexico City Grand Prix,Hermanos Rodriguez,4309.0,17.0,0.0039452309120445,2.8810000000000002,2.0410000000000004,0.2672499999999971,2.8995000000000033,0.05,0.0,0.05,0.0,0.0,0.0,45.6,19.9,0,1,-0.7719306088718323,0.0817929627016799,0.6074479515566137,2240.0,2.0,Permanent-Medium,1,0.3535222713190106,0.38626898268068466,0.26020874600030475,78.756,75.875,SOFT,2.0,Q1
LAT,Williams,2021,Monaco Grand Prix,Monaco,2982.89347053333,19.0,0.0063696542259026,2.019999999999996,2.0410000000000004,0.2672499999999971,3.027000000000001,0.25,0.0,0.25,0.24099999999999994,0.14599999999999994,0.0,32.7,69.0,1,0,-2.3848804273745277,0.6316415379950423,3.5000710878223424,10.0,1.0,Street-Slow,1,0.26236077716054507,0.46943315921841755,0.26820606362103755,72.366,70.346,SOFT,6.0,Q1
LAT,Williams,2021,Portuguese Grand Prix,Portimao,4653.0,15.0,0.0032237266279819,2.316999999999993,2.0410000000000004,0.2672499999999971,2.8995000000000033,0.05,0.0,0.05,0.024000000000000056,0.024000000000000056,0.0,38.8,40.3,0,1,-0.3535217365559127,-0.4680556125916825,-0.25339180900199537,90.0,1.0,Permanent-Medium,1,0.28852213987668934,0.3857383072803139,0.3257395528429968,80.285,77.968,SOFT,2.0,Q1
LAT,Williams,2021,Qatar Grand Prix,Losail,5380.0,16.0,0.0029739776951672,2.3859999999999957,2.0410000000000004,0.2672499999999971,2.8995000000000033,0.05,0.0,0.05,0.2875,0.21,0.0,29.5,65.5,0,1,0.5307318976698825,-0.1931313249450013,-0.5513717604354108,20.0,2.0,Permanent-Medium,1,0.32666770817059837,0.3362215038515617,0.33711078797784,83.213,80.827,SOFT,2.0,Q1
LAT,Williams,2021,Russian Grand Prix,Sochi Autodrom,5760.2985642132535,18.0,0.0031248380269432,6.259,2.0410000000000004,0.2672499999999971,2.8995000000000033,1.7,1.5,0.2,4.1135,0.46799999999999997,3.5,16.6,79.1,0,1,0.993290890099623,0.3567172503483611,-0.37137758056360215,5.0,2.0,Permanent-Medium,2,0.3487510623360307,0.3465247755237778,0.3047241621401914,108.252,101.993,INTERMEDIATE,5.0,Q2
LAT,Williams,2021,Saudi Arabian Grand Prix,Jeddah,6174.0,27.0,0.0043731778425655,1.666000000000011,2.0410000000000004,0.2672499999999971,2.7634999999999934,0.15000000000000002,0.0,0.15000000000000002,0.29100000000000004,0.18600000000000003,0.0,30.7,71.0,1,2,1.4964779576083713,2.8310358391684916,1.1180391446222482,15.0,3.0,Street-Fast,1,0.3652623434293596,0.31934243134440493,0.3153952252262355,89.177,87.511,SOFT,4.0,Q1
LAT,Williams,2021,Spanish Grand Prix,Barcelona-Catalunya,4348.990357163425,16.0,0.003679014825509,2.4779999999999944,2.0410000000000004,0.2672499999999971,2.8995000000000033,0.05,0.0,0.05,0.0,0.0,0.0,44.5,48.7,0,1,-0.7232901430454965,-0.1931313249450013,0.28982074233246696,110.0,1.0,Permanent-Medium,1,0.2788977391787324,0.3756548302806145,0.34544743054065313,79.219,76.741,SOFT,2.0,Q1
LAT,Williams,2021,Styrian Grand Prix,Red Bull Ring,3999.68196710701,10.0,0.0025001987863632,1.333999999999996,2.0410000000000004,0.2672499999999971,2.8299999999999983,0.05,0.0,0.05,0.0,0.0,0.0,56.2,27.8,0,2,-1.148155635993153,-1.8426770508250885,-1.1166459125389459,700.0,2.0,Permanent-Fast,1,0.2517836593785961,0.4469965477560414,0.30121979286536255,65.175,63.841,SOFT,2.0,Q1
LAT,Williams,2021,São Paulo Grand Prix,Interlagos,4309.0,15.0,0.0034810860988628,1.963000000000008,2.0410000000000004,0.2672499999999971,2.8995000000000033,0.05,0.0,0.05,0.4545,0.3,0.0,25.0,80.9,0,1,-0.7719306088718323,-0.4680556125916825,0.05366841251622112,800.0,2.0,Permanent-Medium,1,0.25724995350301155,0.5082335436427886,0.23451650285419973,69.897,67.934,SOFT,2.0,Q1
LAT,Williams,2021,Turkish Grand Prix,Istanbul Park,5338.0,14.0,0.0026227051330086,3.2180000000000035,2.0410000000000004,0.2672499999999971,2.8299999999999983,0.1,0.0,0.1,4.0145,0.36,3.5,22.0,80.9,0,2,0.47964709349177603,-0.7429799002383637,-0.9704813831763092,130.0,1.0,Permanent-Fast,1,0.37783147085472674,0.3488488255930116,0.2733197035522617,86.086,82.868,SOFT,3.0,Q1
LAT,Williams,2021,United States Grand Prix,COTA,5337.916050454483,20.0,0.0037467805433727,3.085000000000008,2.0410000000000004,0.2672499999999971,2.8299999999999983,0.05,0.0,0.05,0.07899999999999996,0.055999999999999946,0.0,37.2,54.6,0,2,0.4795449852514533,0.9065658256417235,0.37067324124127227,230.0,3.0,Permanent-Fast,1,0.26668055627897286,0.4043543934579926,0.3289650502630345,95.995,92.91,SOFT,2.0,Q1
LAT,Williams,2022,Abu Dhabi Grand Prix,Yas Marina,5333.449274375974,21.0,0.0039374144047628,2.230000000000004,2.610999999999997,0.2987499999999983,2.8995000000000033,0.05,0.0,0.05,0.21900000000000006,0.12400000000000005,0.0,33.8,69.0,0,1,0.4741120237924506,1.1814901132884046,0.59812193588988,10.0,2.0,Permanent-Medium,1,0.20433681176935412,0.4246171008901387,0.3710460873405071,86.054,83.824,SOFT,2.0,Q1
LAT,Williams,2022,Australian Grand Prix,Albert Park,4843.53245567963,14.0,0.0028904523977295,3.504000000000005,2.610999999999997,0.2987499999999983,3.0165000000000006,0.15000000000000002,0.0,0.15000000000000002,0.19,0.17,0.0,31.5,54.0,1,1,-0.12177618446144439,-0.7429799002383637,-0.6510272976721347,31.0,2.0,Street-Medium,1,0.34064543086073834,0.22356584574546529,0.4357887233937964,81.372,77.868,SOFT,4.0,Q1
LAT,Williams,2022,Austrian Grand Prix,Red Bull Ring,3999.68196710701,10.0,0.0025001987863632,2.0190000000000055,2.610999999999997,0.2987499999999983,2.8299999999999983,0.05,0.0,0.05,0.06,0.06,0.0,37.0,33.0,0,2,-1.148155635993153,-1.8426770508250885,-1.1166459125389459,700.0,2.0,Permanent-Fast,1,0.24860080891900363,0.44648747071026673,0.30491172037072967,67.003,64.984,SOFT,2.0,Q1
LAT,Williams,2022,Azerbaijan Grand Prix,Baku City,4978.250124294395,20.0,0.0040174759203837,4.00800000000001,2.610999999999997,0.2987499999999983,2.7634999999999934,0.15000000000000002,0.0,0.15000000000000002,0.16900000000000004,0.07400000000000005,0.0,36.3,69.0,1,2,0.042081570788943895,0.9065658256417235,0.6936447726344993,28.0,2.0,Street-Fast,1,0.3522165383848833,0.40805944935321303,0.23972401226190362,105.367,101.359,SOFT,4.0,Q1
LAT,Williams,2022,Bahrain Grand Prix,Bahrain International,5006.652008539475,15.0,0.0029960140977275,3.0759999999999934,2.610999999999997,0.2987499999999983,2.8995000000000033,0.05,0.0,0.05,0.31700000000000006,0.28200000000000003,0.0,25.9,57.0,0,1,0.07662692066868529,-0.4680556125916825,-0.5250797315138804,35.0,2.0,Permanent-Medium,1,0.31836725975607155,0.43248179080248633,0.24915094944144225,93.634,90.558,SOFT,2.0,Q1
LAT,Williams,2022,Belgian Grand Prix,Spa-Francorchamps,6775.131165030146,19.0,0.0028043737511782,2.73599999999999,2.610999999999997,0.2987499999999983,2.8299999999999983,0.05,0.0,0.05,0.5650000000000001,0.39,0.0,20.5,85.0,0,2,2.227636715963657,0.6316415379950423,-0.7537292817396346,300.0,2.0,Permanent-Fast,1,0.2934746853882952,0.43043768385635467,0.27608763075535003,106.401,103.665,SOFT,2.0,Q1
LAT,Williams,2022,British Grand Prix,Silverstone,5729.156782444218,18.0,0.003141823602237,2.8689999999999998,2.610999999999997,0.2987499999999983,2.8299999999999983,1.6,1.5,0.1,0.5800000000000001,0.39,0.0,20.5,88.0,0,2,0.9554129895418016,0.3567172503483611,-0.3511117846537936,140.0,2.0,Permanent-Fast,2,0.315270887664464,0.4060177650542168,0.2787113472813193,101.998,99.129,INTERMEDIATE,3.0,Q2
LAT,Williams,2022,Canadian Grand Prix,Gilles Villeneuve,3927.405044134453,14.0,0.0035646947138566,14.36099999999999,2.610999999999997,0.2987499999999983,2.8995000000000033,2.95,2.5,0.45,4.106,0.436,3.5,18.2,84.0,0,1,-1.2360664087705144,-0.7429799002383637,0.15342335743024896,22.0,2.0,Permanent-Medium,1,0.29366506376750995,0.32409575580179806,0.38223918043069205,95.66,81.299,WET,10.0,Q1
LAT,Williams,2022,Dutch Grand Prix,Zandvoort,4259.0,14.0,0.0032871566095327,3.0109999999999957,2.610999999999997,0.2987499999999983,2.8995000000000033,0.05,0.0,0.05,0.02200000000000003,0.02200000000000003,0.0,38.9,31.0,0,1,-0.8327458519410066,-0.7429799002383637,-0.1777123552044761,2.0,2.0,Permanent-Medium,1,0.3419083064087358,0.3526917781140512,0.30539991547721296,73.353,70.342,SOFT,2.0,Q1
LAT,Williams,2022,Emilia Romagna Grand Prix,Imola,4909.0,19.0,0.003870442045223,3.1779999999999973,2.610999999999997,0.2987499999999983,2.8995000000000033,0.15000000000000002,0.0,0.15000000000000002,0.671,0.506,0.0,14.7,83.0,0,1,-0.04214769204173995,0.6316415379950423,0.5182160070911476,37.0,1.0,Permanent-Medium,1,0.3251515779970965,0.3399860926425199,0.33486232936038357,81.971,78.793,SOFT,4.0,Q1
LAT,Williams,2022,French Grand Prix,Paul Ricard,5247.8799638259,15.0,0.0028582970844219,2.921999999999997,2.610999999999997,0.2987499999999983,2.8299999999999983,0.05,0.0,0.05,0.0,0.0,0.0,54.8,45.0,0,2,0.37003365538516214,-0.4680556125916825,-0.6893923813172924,40.0,3.0,Permanent-Fast,1,0.24862997633110862,0.3049662025289464,0.446403821139945,93.794,90.872,SOFT,2.0,Q1
LAT,Williams,2022,Hungarian Grand Prix,Hungaroring,4122.248439558155,14.0,0.0033962048152295,2.192999999999998,2.610999999999997,0.2987499999999983,2.6170000000000044,0.05,0.0,0.05,0.266,0.17600000000000002,0.0,31.2,68.0,0,0,-0.9990774397082004,-0.7429799002383637,-0.04760497628108983,150.0,1.0,Permanent-Slow,1,0.3586778936785221,0.3592434334548197,0.28207867286665833,79.57,77.377,SOFT,2.0,Q1
LAT,Williams,2022,Italian Grand Prix,Monza,5261.551646812222,11.0,0.0020906380357711,2.426000000000002,2.610999999999997,0.2987499999999983,2.8299999999999983,0.15000000000000002,0.0,0.15000000000000002,0.0,0.0,0.0,40.6,36.0,0,2,0.38666258986472024,-1.5677527631784072,-1.6053002230701332,120.0,2.0,Permanent-Fast,1,0.32747284681608485,0.33881845811084066,0.33370869507307444,82.587,80.161,SOFT,4.0,Q1
LAT,Williams,2022,Japanese Grand Prix,Suzuka,5650.500064177964,18.0,0.0031855587639248,2.2069999999999936,2.610999999999997,0.2987499999999983,2.8299999999999983,0.05,0.0,0.05,0.30100000000000005,0.266,0.0,26.7,57.0,0,2,0.8597424407340858,0.3567172503483611,-0.29893057527368244,50.0,2.0,Permanent-Fast,1,0.3530832358951383,0.44989126990197903,0.19702549420288273,91.511,89.304,SOFT,2.0,Q1
LAT,Williams,2022,Mexico City Grand Prix,Hermanos Rodriguez,4309.0,17.0,0.0039452309120445,3.391999999999996,2.610999999999997,0.2987499999999983,2.8995000000000033,0.1,0.0,0.1,0.0,0.0,0.0,49.4,36.0,0,1,-0.7719306088718323,0.0817929627016799,0.6074479515566137,2240.0,2.0,Permanent-Medium,1,0.34766592334323065,0.3923638917293974,0.25997018492737195,81.167,77.775,SOFT,3.0,Q1
LAT,Williams,2022,Miami Grand Prix,Miami,5412.0,19.0,0.003510716925351,2.5289999999999964,2.610999999999997,0.2987499999999983,3.0165000000000006,0.15000000000000002,0.0,0.15000000000000002,0.0,0.0,0.0,52.3,38.0,1,1,0.5696536532341541,0.6316415379950423,0.08902148545382091,3.0,3.0,Street-Medium,1,0.3356255132767588,0.3814289624965782,0.282945524226663,91.325,88.796,SOFT,4.0,Q1
LAT,Williams,2022,Monaco Grand Prix,Monaco,2982.89347053333,19.0,0.0063696542259026,3.027000000000001,2.610999999999997,0.2987499999999983,3.027000000000001,0.05,0.0,0.05,0.005,0.0,0.0,44.9,51.0,1,0,-2.3848804273745277,0.6316415379950423,3.5000710878223424,10.0,1.0,Street-Slow,1,0.26751609478112437,0.47054554251844677,0.26193836270042875,74.403,71.376,SOFT,2.0,Q1
LAT,Williams,2022,Saudi Arabian Grand Prix,Jeddah,6174.0,27.0,0.0043731778425655,3.6169999999999902,2.610999999999997,0.2987499999999983,2.7634999999999934,0.05,0.0,0.05,0.30700000000000005,0.28200000000000003,0.0,25.9,55.0,1,2,1.4964779576083713,2.8310358391684916,1.1180391446222482,15.0,3.0,Street-Fast,1,0.36949584499602467,0.3185357831338423,0.31196837187013293,91.817,88.2,SOFT,2.0,Q1
LAT,Williams,2022,Singapore Grand Prix,Marina Bay,4956.5492831458605,23.0,0.0046403250903221,8.11999999999999,2.610999999999997,0.2987499999999983,3.027000000000001,1.55,1.5,0.05,0.397,0.24200000000000002,0.0,27.9,81.0,1,0,0.01568673220387009,1.731338688581767,1.436777339075894,10.0,1.0,Street-Slow,1,0.26098424258925224,0.39215702957492427,0.34685872783582344,117.532,109.412,INTERMEDIATE,2.0,Q1
LAT,Williams,2022,Spanish Grand Prix,Barcelona-Catalunya,4348.990357163425,16.0,0.003679014825509,3.1650000000000063,2.610999999999997,0.2987499999999983,2.8995000000000033,0.05,0.0,0.05,0.0,0.0,0.0,47.8,18.0,0,1,-0.7232901430454965,-0.1931313249450013,0.28982074233246696,110.0,1.0,Permanent-Medium,1,0.27488250015259724,0.37614600500518836,0.3489714948422145,81.915,78.75,SOFT,2.0,Q1
LAT,Williams,2022,São Paulo Grand Prix,Interlagos,4309.0,15.0,0.0034810860988628,4.213999999999999,2.610999999999997,0.2987499999999983,2.8995000000000033,0.25,0.0,0.25,0.476,0.256,0.0,27.2,94.0,0,1,-0.7719306088718323,-0.4680556125916825,0.05366841251622112,800.0,2.0,Permanent-Medium,1,0.2518809507956588,0.5120181103935016,0.2361009388108396,75.095,70.881,SOFT,6.0,Q1
LAT,Williams,2022,United States Grand Prix,COTA,5337.916050454483,20.0,0.0037467805433727,2.8880000000000052,2.610999999999997,0.2987499999999983,2.8299999999999983,0.05,0.0,0.05,0.06200000000000003,0.06200000000000003,0.0,36.9,36.0,0,2,0.4795449852514533,0.9065658256417235,0.37067324124127227,230.0,3.0,Permanent-Fast,1,0.2682736209946115,0.4025852494755461,0.3291411295298424,97.244,94.356,SOFT,2.0,Q1
LAW,RB,2023,Dutch Grand Prix,Zandvoort,4259.0,14.0,0.0032871566095327,12.853000000000009,1.5255000000000045,0.11050000000000182,1.5535000000000068,1.6,1.5,0.1,0.516,0.386,0.0,20.7,76.0,0,1,-0.8327458519410066,-0.7429799002383637,-0.1777123552044761,2.0,2.0,Permanent-Medium,1,0.34285543035243343,0.3428074802205706,0.31433708942699595,83.42,70.567,INTERMEDIATE,3.0,Q1
LAW,RB,2023,Italian Grand Prix,Monza,5261.551646812222,11.0,0.0020906380357711,1.4639999999999986,1.5255000000000045,0.11050000000000182,1.4639999999999986,0.45,0.4,0.05,0.02200000000000003,0.02200000000000003,0.0,38.9,41.0,0,2,0.38666258986472024,-1.5677527631784072,-1.6053002230701332,120.0,2.0,Permanent-Fast,2,0.330597617358546,0.338278822867487,0.33112355977396707,81.758,80.294,MEDIUM,2.0,Q2
LAW,RB,2023,Japanese Grand Prix,Suzuka,5650.500064177964,18.0,0.0031855587639248,1.5480000000000018,1.5255000000000045,0.11050000000000182,1.4639999999999986,0.05,0.0,0.05,0.06200000000000003,0.06200000000000003,0.0,36.9,49.0,0,2,0.8597424407340858,0.3567172503483611,-0.29893057527368244,50.0,2.0,Permanent-Fast,3,0.34929499585291673,0.4507050041470832,0.19999999999999998,90.425,88.877,SOFT,2.0,Q3
LAW,RB,2023,Qatar Grand Prix,Losail,5380.0,16.0,0.0029739776951672,2.8569999999999993,1.5255000000000045,0.11050000000000182,1.5535000000000068,0.15000000000000002,0.0,0.15000000000000002,0.135,0.11,0.0,34.5,55.0,0,1,0.5307318976698825,-0.1931313249450013,-0.5513717604354108,20.0,2.0,Permanent-Medium,1,0.3694465285392739,0.33943556299417094,0.29111790846655505,86.635,83.778,SOFT,4.0,Q1
LAW,RB,2023,Singapore Grand Prix,Marina Bay,4956.5492831458605,23.0,0.0046403250903221,1.1820000000000022,1.5255000000000045,0.11050000000000182,1.1820000000000022,0.05,0.0,0.05,0.26400000000000007,0.12400000000000005,0.0,33.8,78.0,1,0,0.01568673220387009,1.731338688581767,1.436777339075894,10.0,1.0,Street-Slow,2,0.29618297419872835,0.4200681379250483,0.2837488878762234,92.166,90.984,SOFT,2.0,Q2
LAW,RB,2024,Abu Dhabi Grand Prix,Yas Marina,5333.449274375974,21.0,0.0039374144047628,0.8769999999999953,1.2225000000000001,0.10649999999999693,1.5535000000000068,0.05,0.0,0.05,0.31100000000000005,0.21600000000000003,0.0,29.2,69.0,0,1,0.4741120237924506,1.1814901132884046,0.59812193588988,10.0,2.0,Permanent-Medium,2,0.2052544565842438,0.43197718995591333,0.36276835345984276,83.472,82.595,SOFT,2.0,Q2
LAW,RB,2024,Las Vegas Grand Prix,Las Vegas,6353.0,14.0,0.0022036832992287,1.7750000000000057,1.2225000000000001,0.10649999999999693,1.7750000000000057,0.1,0.0,0.1,0.512,0.512,0.0,14.4,25.0,1,2,1.7141965277960156,-0.7429799002383637,-1.4704238825178961,600.0,2.0,Street-Fast,2,0.281324731365651,0.33423320968890496,0.38444205894544414,94.087,92.312,SOFT,3.0,Q2
LAW,RB,2024,Mexico City Grand Prix,Hermanos Rodriguez,4309.0,17.0,0.0039452309120445,1.2160000000000082,1.2225000000000001,0.10649999999999693,1.5535000000000068,0.05,0.0,0.05,0.03599999999999994,0.03599999999999994,0.0,38.2,39.0,0,1,-0.7719306088718323,0.0817929627016799,0.6074479515566137,2240.0,2.0,Permanent-Medium,2,0.3585443612140691,0.384126901842876,0.25732873694305486,77.162,75.946,SOFT,2.0,Q2
LAW,RB,2024,Qatar Grand Prix,Losail,5380.0,16.0,0.0029739776951672,1.8910000000000053,1.2225000000000001,0.10649999999999693,1.5535000000000068,0.2,0.0,0.2,0.41,0.36,0.0,22.0,60.0,0,1,0.5307318976698825,-0.1931313249450013,-0.5513717604354108,20.0,2.0,Permanent-Medium,1,0.36756015580444357,0.33898387351203113,0.29345597068352525,82.411,80.52,SOFT,5.0,Q1
LAW,RB,2024,São Paulo Grand Prix,Interlagos,4309.0,15.0,0.0034810860988628,1.0789999999999935,1.2225000000000001,0.10649999999999693,1.5535000000000068,1.55,1.5,0.05,4.026,0.316,3.5,24.2,92.0,0,1,-0.7719306088718323,-0.4680556125916825,0.05366841251622112,800.0,2.0,Permanent-Medium,3,0.2568888783675015,0.528904881397661,0.21420624023483736,84.484,83.405,INTERMEDIATE,2.0,Q3
LAW,RB,2024,United States Grand Prix,COTA,5337.916050454483,20.0,0.0037467805433727,1.0090000000000003,1.2225000000000001,0.10649999999999693,1.4639999999999986,0.05,0.0,0.05,0.004000000000000057,0.004000000000000057,0.0,39.8,37.0,0,2,0.4795449852514533,0.9065658256417235,0.37067324124127227,230.0,3.0,Permanent-Fast,3,0.27031573083062815,0.3999721445483667,0.32971212462100513,93.339,92.33,SOFT,2.0,Q3
LEC,Ferrari,2019,Abu Dhabi Grand Prix,Yas Marina,5333.449274375974,21.0,0.0039374144047628,0.4399999999999977,0.33900000000000574,-0.013999999999995794,0.6350000000000051,0.05,0.0,0.05,0.3175,0.23399999999999999,0.0,28.3,66.7,0,1,0.4741120237924506,1.1814901132884046,0.59812193588988,10.0,2.0,Permanent-Medium,3,0.17649838792677933,0.42577636816181647,0.3977252439114043,95.219,94.779,SOFT,2.0,Q3
LEC,Ferrari,2019,Australian Grand Prix,Albert Park,4843.53245567963,14.0,0.0028904523977295,0.9559999999999889,0.33900000000000574,-0.013999999999995794,0.15000000000000568,0.05,0.0,0.05,0.179,0.08,0.0,36.0,69.8,1,1,-0.12177618446144439,-0.7429799002383637,-0.6510272976721347,31.0,2.0,Street-Medium,3,0.3308980624247931,0.2729549863706687,0.39614695120453813,81.442,80.486,SOFT,2.0,Q3
LEC,Ferrari,2019,Austrian Grand Prix,Red Bull Ring,3999.68196710701,10.0,0.0025001987863632,0.0,0.33900000000000574,-0.013999999999995794,0.629999999999999,0.05,0.0,0.05,0.0,0.0,0.0,50.0,25.9,0,2,-1.148155635993153,-1.8426770508250885,-1.1166459125389459,700.0,2.0,Permanent-Fast,3,0.25382918273732996,0.4438042632890497,0.30236655397362033,63.003,63.003,SOFT,2.0,Q3
LEC,Ferrari,2019,Azerbaijan Grand Prix,Baku City,4978.250124294395,20.0,0.0040174759203837,0.9309999999999974,0.33900000000000574,-0.013999999999995794,0.024999999999991473,0.15000000000000002,0.0,0.15000000000000002,0.15049999999999997,0.06599999999999995,0.0,36.7,66.9,1,2,0.042081570788943895,0.9065658256417235,0.6936447726344993,28.0,2.0,Street-Fast,3,0.35104411097746135,0.4031510658016682,0.24580482322087038,101.426,100.495,SOFT,4.0,Q3
LEC,Ferrari,2019,Bahrain Grand Prix,Bahrain International,5006.652008539475,15.0,0.0029960140977275,0.0,0.33900000000000574,-0.013999999999995794,0.6350000000000051,0.05,0.0,0.05,0.27849999999999997,0.244,0.0,27.8,56.9,0,1,0.07662692066868529,-0.4680556125916825,-0.5250797315138804,35.0,2.0,Permanent-Medium,3,0.3159583911865796,0.4332278697106959,0.2508137391027246,87.866,87.866,SOFT,2.0,Q3
LEC,Ferrari,2019,Belgian Grand Prix,Spa-Francorchamps,6775.131165030146,19.0,0.0028043737511782,0.0,0.33900000000000574,-0.013999999999995794,0.629999999999999,0.05,0.0,0.05,0.0,0.0,0.0,40.0,37.6,0,2,2.227636715963657,0.6316415379950423,-0.7537292817396346,300.0,2.0,Permanent-Fast,3,0.2916922716764697,0.432300354080707,0.27600737424282323,102.519,102.519,SOFT,2.0,Q3
LEC,Ferrari,2019,Brazilian Grand Prix,Interlagos,4309.0,15.0,0.0034810860988628,0.22499999999999432,0.33900000000000574,-0.013999999999995794,0.6350000000000051,0.05,0.0,0.05,0.261,0.19,0.0,30.5,64.2,0,1,-0.7719306088718323,-0.4680556125916825,0.05366841251622112,800.0,2.0,Permanent-Medium,3,0.2575301204819277,0.5059207417906921,0.2365491377273801,67.728,67.503,SOFT,2.0,Q3
LEC,Ferrari,2019,British Grand Prix,Silverstone,5729.156782444218,18.0,0.003141823602237,0.07899999999999352,0.33900000000000574,-0.013999999999995794,0.629999999999999,0.05,0.0,0.05,0.30200000000000005,0.21200000000000002,0.0,29.4,68.0,0,2,0.9554129895418016,0.3567172503483611,-0.3511117846537936,140.0,2.0,Permanent-Fast,3,0.3213027755600432,0.4049100643403936,0.2737871600995632,85.172,85.093,SOFT,2.0,Q3
LEC,Ferrari,2019,Canadian Grand Prix,Gilles Villeneuve,3927.405044134453,14.0,0.0035646947138566,0.6800000000000068,0.33900000000000574,-0.013999999999995794,0.6350000000000051,0.05,0.0,0.05,0.0,0.0,0.0,48.2,21.1,0,1,-1.2360664087705144,-0.7429799002383637,0.15342335743024896,22.0,2.0,Permanent-Medium,3,0.27471799210377895,0.3161026508742245,0.40917935702199665,70.92,70.24,SOFT,2.0,Q3
LEC,Ferrari,2019,Chinese Grand Prix,Shanghai International,5161.238099433068,16.0,0.0031000313668453,0.31799999999999784,0.33900000000000574,-0.013999999999995794,0.629999999999999,0.05,0.0,0.05,0.166,0.166,0.0,31.7,49.5,0,2,0.2646507345248319,-0.1931313249450013,-0.4009748536645922,5.0,3.0,Permanent-Fast,3,0.2613617808741087,0.29535731780329827,0.4432809013225929,91.865,91.547,SOFT,2.0,Q3
LEC,Ferrari,2019,French Grand Prix,Paul Ricard,5247.8799638259,15.0,0.0028582970844219,0.6460000000000008,0.33900000000000574,-0.013999999999995794,0.629999999999999,0.05,0.0,0.05,0.0,0.0,0.0,52.0,43.4,0,2,0.37003365538516214,-0.4680556125916825,-0.6893923813172924,40.0,3.0,Permanent-Fast,3,0.24935648850671613,0.30978474681054347,0.4408587646827403,88.965,88.319,SOFT,2.0,Q3
LEC,Ferrari,2019,German Grand Prix,Hockenheimring,4317.957322804004,17.0,0.0039370467860392,0.4620000000000033,0.33900000000000574,-0.013999999999995794,0.6350000000000051,0.05,0.0,0.05,0.015,0.0,0.0,43.2,53.0,0,1,-0.7610357736003405,0.0817929627016799,0.5976833233674174,100.0,2.0,Permanent-Medium,3,0.21593819656924504,0.4778551551315954,0.3062066482991596,72.229,71.767,SOFT,2.0,Q3
LEC,Ferrari,2019,Hungarian Grand Prix,Hungaroring,4122.248439558155,14.0,0.0033962048152295,0.47100000000000364,0.33900000000000574,-0.013999999999995794,0.5675000000000026,0.05,0.0,0.05,0.0,0.0,0.0,40.1,48.4,0,0,-0.9990774397082004,-0.7429799002383637,-0.04760497628108983,150.0,1.0,Permanent-Slow,3,0.36027344322588384,0.3538371333768639,0.2858894233972522,75.043,74.572,SOFT,2.0,Q3
LEC,Ferrari,2019,Italian Grand Prix,Monza,5261.551646812222,11.0,0.0020906380357711,0.0,0.33900000000000574,-0.013999999999995794,0.629999999999999,0.05,0.0,0.05,0.053500000000000054,0.04400000000000006,0.0,37.8,51.9,0,2,0.38666258986472024,-1.5677527631784072,-1.6053002230701332,120.0,2.0,Permanent-Fast,3,0.33375364091442117,0.33303491495076093,0.33321144413481785,79.307,79.307,SOFT,2.0,Q3
LEC,Ferrari,2019,Japanese Grand Prix,Suzuka,5650.500064177964,18.0,0.0031855587639248,0.18900000000000716,0.33900000000000574,-0.013999999999995794,0.629999999999999,0.05,0.0,0.05,0.09049999999999997,0.03799999999999997,0.0,38.1,60.5,0,2,0.8597424407340858,0.3567172503483611,-0.29893057527368244,50.0,2.0,Permanent-Fast,3,0.34802241756730434,0.4509415149049317,0.20103606752776412,87.253,87.064,SOFT,2.0,Q3
LEC,Ferrari,2019,Mexican Grand Prix,Hermanos Rodriguez,4309.0,17.0,0.0039452309120445,0.26600000000000534,0.33900000000000574,-0.013999999999995794,0.6350000000000051,0.05,0.0,0.05,0.162,0.14,0.0,33.0,54.4,0,1,-0.7719306088718323,0.0817929627016799,0.6074479515566137,2240.0,2.0,Permanent-Medium,3,0.35573949669439114,0.3840371081253999,0.260223395180209,75.024,74.758,SOFT,2.0,Q3
LEC,Ferrari,2019,Monaco Grand Prix,Monaco,2982.89347053333,19.0,0.0063696542259026,1.983000000000004,0.33900000000000574,-0.013999999999995794,0.0,0.15000000000000002,0.0,0.15000000000000002,0.06199999999999999,0.0,0.0,43.5,62.4,1,0,-2.3848804273745277,0.6316415379950423,3.5000710878223424,10.0,1.0,Street-Slow,1,0.263038988759373,0.47198159364648157,0.26497941759414545,72.149,70.166,SOFT,4.0,Q1
LEC,Ferrari,2019,Russian Grand Prix,Sochi Autodrom,5760.2985642132535,18.0,0.0031248380269432,0.0,0.33900000000000574,-0.013999999999995794,0.6350000000000051,0.05,0.0,0.05,0.24650000000000002,0.20200000000000004,0.0,29.9,58.9,0,1,0.993290890099623,0.3567172503483611,-0.37137758056360215,5.0,2.0,Permanent-Medium,3,0.36378617889728027,0.3418059981664993,0.29440782293622036,91.628,91.628,SOFT,2.0,Q3
LEC,Ferrari,2019,Singapore Grand Prix,Marina Bay,4956.5492831458605,23.0,0.0046403250903221,0.0,0.33900000000000574,-0.013999999999995794,0.0,0.05,0.0,0.05,0.18099999999999994,0.12599999999999995,0.0,33.7,61.0,1,0,0.01568673220387009,1.731338688581767,1.436777339075894,10.0,1.0,Street-Slow,3,0.27241547751436856,0.3858673623164306,0.34171716016920084,96.217,96.217,SOFT,2.0,Q3
LEC,Ferrari,2019,Spanish Grand Prix,Barcelona-Catalunya,4348.990357163425,16.0,0.003679014825509,1.181999999999988,0.33900000000000574,-0.013999999999995794,0.6350000000000051,0.15000000000000002,0.0,0.15000000000000002,0.09750000000000006,0.07400000000000005,0.0,36.3,54.7,0,1,-0.7232901430454965,-0.1931313249450013,0.28982074233246696,110.0,1.0,Permanent-Medium,3,0.2813756724291012,0.370880555700632,0.3477437718702669,76.588,75.406,SOFT,4.0,Q3
LEC,Ferrari,2019,United States Grand Prix,COTA,5337.916050454483,20.0,0.0037467805433727,0.10800000000000409,0.33900000000000574,-0.013999999999995794,0.629999999999999,0.05,0.0,0.05,0.294,0.294,0.0,25.3,24.6,0,2,0.4795449852514533,0.9065658256417235,0.37067324124127227,230.0,3.0,Permanent-Fast,3,0.2667115273994161,0.4014565266939449,0.33183194590663906,92.137,92.029,SOFT,2.0,Q3
LEC,Ferrari,2020,70th Anniversary Grand Prix,Silverstone,5729.156782444218,18.0,0.003141823602237,1.460000000000008,1.4765000000000015,-0.18500000000000227,0.629999999999999,0.05,0.0,0.05,0.024000000000000056,0.004000000000000057,0.0,39.8,54.0,0,2,0.9554129895418016,0.3567172503483611,-0.3511117846537936,140.0,2.0,Permanent-Fast,3,0.3173505437919966,0.40627381254762507,0.2763756436603782,86.614,85.154,SOFT,2.0,Q3
LEC,Ferrari,2020,Abu Dhabi Grand Prix,Yas Marina,5333.449274375974,21.0,0.0039374144047628,0.6350000000000051,1.4765000000000015,-0.18500000000000227,0.6350000000000051,0.05,0.0,0.05,0.264,0.21200000000000002,0.0,29.4,60.4,0,1,0.4741120237924506,1.1814901132884046,0.59812193588988,10.0,2.0,Permanent-Medium,3,0.1824970536394072,0.42650785869984664,0.3909950876607461,95.881,95.246,SOFT,2.0,Q3
LEC,Ferrari,2020,Austrian Grand Prix,Red Bull Ring,3999.68196710701,10.0,0.0025001987863632,0.9840000000000018,1.4765000000000015,-0.18500000000000227,0.629999999999999,0.05,0.0,0.05,0.0,0.0,0.0,48.9,33.3,0,2,-1.148155635993153,-1.8426770508250885,-1.1166459125389459,700.0,2.0,Permanent-Fast,3,0.2569184800463057,0.4417815183893121,0.30130000156438214,63.923,62.939,SOFT,2.0,Q3
LEC,Ferrari,2020,Bahrain Grand Prix,Bahrain International,5006.652008539475,15.0,0.0029960140977275,1.8730000000000047,1.4765000000000015,-0.18500000000000227,0.6350000000000051,0.05,0.0,0.05,0.26749999999999996,0.238,0.0,28.1,55.9,0,1,0.07662692066868529,-0.4680556125916825,-0.5250797315138804,35.0,2.0,Permanent-Medium,2,0.31684934426781247,0.43085362980580455,0.252297025926383,89.137,87.264,SOFT,2.0,Q2
LEC,Ferrari,2020,Belgian Grand Prix,Spa-Francorchamps,6775.131165030146,19.0,0.0028043737511782,1.7439999999999998,1.4765000000000015,-0.18500000000000227,0.629999999999999,0.05,0.0,0.05,0.37,0.306,0.0,24.7,62.8,0,2,2.227636715963657,0.6316415379950423,-0.7537292817396346,300.0,2.0,Permanent-Fast,2,0.29564254922521266,0.42647287273292167,0.2778845780418657,102.996,101.252,SOFT,2.0,Q2
LEC,Ferrari,2020,British Grand Prix,Silverstone,5729.156782444218,18.0,0.003141823602237,1.1240000000000094,1.4765000000000015,-0.18500000000000227,0.629999999999999,0.05,0.0,0.05,0.021499999999999988,0.0,0.0,40.6,54.3,0,2,0.9554129895418016,0.3567172503483611,-0.3511117846537936,140.0,2.0,Permanent-Fast,3,0.32085874489330074,0.40316293443524887,0.2759783206714505,85.427,84.303,SOFT,2.0,Q3
LEC,Ferrari,2020,Eifel Grand Prix,Hockenheimring,4317.957322804004,17.0,0.0039370467860392,0.7659999999999911,1.4765000000000015,-0.18500000000000227,0.6350000000000051,0.05,0.0,0.05,0.4285,0.41200000000000003,0.0,19.4,53.3,0,1,-0.7610357736003405,0.0817929627016799,0.5976833233674174,100.0,2.0,Permanent-Medium,3,0.32437961294821877,0.41543557854361596,0.26018480850816533,86.035,85.269,SOFT,2.0,Q3
LEC,Ferrari,2020,Emilia Romagna Grand Prix,Imola,4909.0,19.0,0.003870442045223,1.007000000000005,1.4765000000000015,-0.18500000000000227,0.6350000000000051,0.05,0.0,0.05,0.40650000000000003,0.318,0.0,24.1,67.7,0,1,-0.04214769204173995,0.6316415379950423,0.5182160070911476,37.0,1.0,Permanent-Medium,3,0.3204406561595368,0.34492602122869087,0.3346333226117723,74.616,73.609,SOFT,2.0,Q3
LEC,Ferrari,2020,Hungarian Grand Prix,Hungaroring,4122.248439558155,14.0,0.0033962048152295,1.3699999999999903,1.4765000000000015,-0.18500000000000227,0.5675000000000026,0.05,0.0,0.05,0.38,0.28200000000000003,0.0,25.9,69.6,0,0,-0.9990774397082004,-0.7429799002383637,-0.04760497628108983,150.0,1.0,Permanent-Slow,3,0.36690859029364986,0.35078925912559983,0.28230215058075037,74.817,73.447,SOFT,2.0,Q3
LEC,Ferrari,2020,Italian Grand Prix,Monza,5261.551646812222,11.0,0.0020906380357711,1.3859999999999957,1.4765000000000015,-0.18500000000000227,0.629999999999999,0.05,0.0,0.05,0.0,0.0,0.0,45.0,43.0,0,2,0.38666258986472024,-1.5677527631784072,-1.6053002230701332,120.0,2.0,Permanent-Fast,2,0.3347700970438379,0.3347950120214767,0.33043489093468537,80.273,78.887,SOFT,2.0,Q2
LEC,Ferrari,2020,Portuguese Grand Prix,Portimao,4653.0,15.0,0.0032237266279819,0.6240000000000094,1.4765000000000015,-0.18500000000000227,0.6350000000000051,0.1,0.0,0.1,0.104,0.09799999999999998,0.0,35.1,51.2,0,1,-0.3535217365559127,-0.4680556125916825,-0.25339180900199537,90.0,1.0,Permanent-Medium,3,0.29108833830587627,0.38221559216500195,0.3266960695291218,77.09,76.466,SOFT,3.0,Q3
LEC,Ferrari,2020,Russian Grand Prix,Sochi Autodrom,5760.2985642132535,18.0,0.0031248380269432,1.9350000000000023,1.4765000000000015,-0.18500000000000227,0.6350000000000051,0.05,0.0,0.05,0.19649999999999998,0.15799999999999997,0.0,32.1,57.7,0,1,0.993290890099623,0.3567172503483611,-0.37137758056360215,5.0,2.0,Permanent-Medium,2,0.3643003464215618,0.3459282060082154,0.2897714475702228,93.239,91.304,SOFT,2.0,Q2
LEC,Ferrari,2020,Sakhir Grand Prix,Bahrain International,5006.652008539475,15.0,0.0029960140977275,0.2359999999999971,1.4765000000000015,-0.18500000000000227,0.6350000000000051,0.05,0.0,0.05,0.4065,0.26799999999999996,0.0,26.6,77.7,0,1,0.07662692066868529,-0.4680556125916825,-0.5250797315138804,35.0,2.0,Permanent-Medium,3,0.34732247775726033,0.3479193479193479,0.3047581743233917,53.613,53.377,SOFT,2.0,Q3
LEC,Ferrari,2020,Spanish Grand Prix,Barcelona-Catalunya,4348.990357163425,16.0,0.003679014825509,1.3689999999999998,1.4765000000000015,-0.18500000000000227,0.6350000000000051,0.05,0.0,0.05,0.009499999999999993,0.0,0.0,48.8,51.9,0,1,-0.7232901430454965,-0.1931313249450013,0.28982074233246696,110.0,1.0,Permanent-Medium,3,0.28473223915896717,0.3686146089171312,0.34665315192390156,76.953,75.584,SOFT,2.0,Q3
LEC,Ferrari,2020,Styrian Grand Prix,Red Bull Ring,3999.68196710701,10.0,0.0025001987863632,1.8029999999999973,1.4765000000000015,-0.18500000000000227,0.629999999999999,3.1,2.5,0.6000000000000001,4.099,0.40399999999999997,3.5,19.8,89.0,0,2,-1.148155635993153,-1.8426770508250885,-1.1166459125389459,700.0,2.0,Permanent-Fast,2,0.24363289295222784,0.44646355553322953,0.30990355151454263,79.628,77.825,WET,13.0,Q2
LEC,Ferrari,2020,Turkish Grand Prix,Istanbul Park,5338.0,14.0,0.0026227051330086,8.930999999999997,1.4765000000000015,-0.18500000000000227,0.629999999999999,2.9,2.5,0.4,0.7245,0.526,0.0,13.7,89.7,0,2,0.47964709349177603,-0.7429799002383637,-0.9704813831763092,130.0,1.0,Permanent-Fast,2,0.3843062315760609,0.3515373277575924,0.26415644066634675,116.696,107.765,WET,9.0,Q2
LEC,Ferrari,2020,Tuscan Grand Prix,Mugello,5245.0,15.0,0.0028598665395614,1.1259999999999906,1.4765000000000015,-0.18500000000000227,0.629999999999999,0.05,0.0,0.05,0.0,0.0,0.0,43.7,40.6,0,2,0.36653074138311176,-0.4680556125916825,-0.6875198361136977,255.0,1.0,Permanent-Fast,3,0.35884358201127575,0.27443293562344306,0.36672348236528124,76.27,75.144,SOFT,2.0,Q3
LEC,Ferrari,2021,Abu Dhabi Grand Prix,Yas Marina,5333.449274375974,21.0,0.0039374144047628,1.0130000000000052,0.852999999999998,-0.052499999999994884,0.6350000000000051,0.05,0.0,0.05,0.30650000000000005,0.24600000000000002,0.0,27.7,62.1,0,1,0.4741120237924506,1.1814901132884046,0.59812193588988,10.0,2.0,Permanent-Medium,3,0.20537282548543107,0.4294049710064724,0.36522220350809653,83.122,82.109,SOFT,2.0,Q3
LEC,Ferrari,2021,Austrian Grand Prix,Red Bull Ring,3999.68196710701,10.0,0.0025001987863632,0.8799999999999955,0.852999999999998,-0.052499999999994884,0.629999999999999,0.45,0.4,0.05,0.0,0.0,0.0,52.2,26.4,0,2,-1.148155635993153,-1.8426770508250885,-1.1166459125389459,700.0,2.0,Permanent-Fast,2,0.25478328173374615,0.4437306501547988,0.3014860681114551,64.6,63.72,MEDIUM,2.0,Q2
LEC,Ferrari,2021,Azerbaijan Grand Prix,Baku City,4978.250124294395,20.0,0.0040174759203837,0.0,0.852999999999998,-0.052499999999994884,0.024999999999991473,0.05,0.0,0.05,0.0,0.0,0.0,44.4,49.9,1,2,0.042081570788943895,0.9065658256417235,0.6936447726344993,28.0,2.0,Street-Fast,3,0.350747890691379,0.4006698413325693,0.2485822679760517,101.218,101.218,SOFT,2.0,Q3
LEC,Ferrari,2021,Bahrain Grand Prix,Bahrain International,5006.652008539475,15.0,0.0029960140977275,0.6809999999999974,0.852999999999998,-0.052499999999994884,0.6350000000000051,0.05,0.0,0.05,0.14799999999999996,0.14799999999999996,0.0,32.6,43.6,0,1,0.07662692066868529,-0.4680556125916825,-0.5250797315138804,35.0,2.0,Permanent-Medium,3,0.31690046611208994,0.4304065657128839,0.25269296817502623,89.678,88.997,SOFT,2.0,Q3
LEC,Ferrari,2021,Belgian Grand Prix,Spa-Francorchamps,6775.131165030146,19.0,0.0028043737511782,1.695999999999998,0.852999999999998,-0.052499999999994884,0.629999999999999,1.55,1.5,0.05,0.641,0.438,0.0,18.1,90.6,0,2,2.227636715963657,0.6316415379950423,-0.7537292817396346,300.0,2.0,Permanent-Fast,2,0.2788117668045633,0.45602738678740407,0.26516084640803256,117.721,116.025,INTERMEDIATE,2.0,Q2
LEC,Ferrari,2021,British Grand Prix,Silverstone,5729.156782444218,18.0,0.003141823602237,0.8050000000000068,0.852999999999998,-0.052499999999994884,0.629999999999999,0.05,0.0,0.05,0.09850000000000002,0.07200000000000004,0.0,36.4,55.3,0,2,0.9554129895418016,0.3567172503483611,-0.3511117846537936,140.0,2.0,Permanent-Fast,3,0.31766250518266,0.4065969502925324,0.2757405445248077,86.828,86.023,SOFT,2.0,Q3
LEC,Ferrari,2021,Dutch Grand Prix,Zandvoort,4259.0,14.0,0.0032871566095327,0.5519999999999925,0.852999999999998,-0.052499999999994884,0.6350000000000051,0.05,0.0,0.05,0.16699999999999998,0.09599999999999995,0.0,35.2,64.2,0,1,-0.8327458519410066,-0.7429799002383637,-0.1777123552044761,2.0,2.0,Permanent-Medium,3,0.34964068148105476,0.3402652764376341,0.31009404208131114,69.437,68.885,SOFT,2.0,Q3
LEC,Ferrari,2021,Emilia Romagna Grand Prix,Imola,4909.0,19.0,0.003870442045223,0.3289999999999935,0.852999999999998,-0.052499999999994884,0.6350000000000051,0.05,0.0,0.05,0.16799999999999998,0.16799999999999998,0.0,31.6,34.9,0,1,-0.04214769204173995,0.6316415379950423,0.5182160070911476,37.0,1.0,Permanent-Medium,3,0.31914637409686913,0.3437249130318437,0.3371287128712871,74.74,74.411,SOFT,2.0,Q3
LEC,Ferrari,2021,French Grand Prix,Paul Ricard,5247.8799638259,15.0,0.0028582970844219,0.9969999999999999,0.852999999999998,-0.052499999999994884,0.629999999999999,0.05,0.0,0.05,0.0,0.0,0.0,42.0,44.7,0,2,0.37003365538516214,-0.4680556125916825,-0.6893923813172924,40.0,3.0,Permanent-Fast,3,0.2474639234176311,0.30650532493652943,0.4460307516458395,90.987,89.99,SOFT,2.0,Q3
LEC,Ferrari,2021,Hungarian Grand Prix,Hungaroring,4122.248439558155,14.0,0.0033962048152295,1.0769999999999982,0.852999999999998,-0.052499999999994884,0.5675000000000026,0.05,0.0,0.05,0.0,0.0,0.0,57.8,45.1,0,0,-0.9990774397082004,-0.7429799002383637,-0.04760497628108983,150.0,1.0,Permanent-Slow,3,0.36323467893746075,0.3536786237188872,0.28308669734365194,76.496,75.419,SOFT,2.0,Q3
LEC,Ferrari,2021,Italian Grand Prix,Monza,5261.551646812222,11.0,0.0020906380357711,0.9549999999999983,0.852999999999998,-0.052499999999994884,0.629999999999999,0.05,0.0,0.05,0.19,0.19,0.0,30.5,43.7,0,2,0.38666258986472024,-1.5677527631784072,-1.6053002230701332,120.0,2.0,Permanent-Fast,3,0.3356850080735312,0.332902745000621,0.3314122469258477,80.51,79.555,SOFT,2.0,Q3
LEC,Ferrari,2021,Mexico City Grand Prix,Hermanos Rodriguez,4309.0,17.0,0.0039452309120445,0.8730000000000047,0.852999999999998,-0.052499999999994884,0.6350000000000051,0.05,0.0,0.05,0.0,0.0,0.0,45.6,19.9,0,1,-0.7719306088718323,0.0817929627016799,0.6074479515566137,2240.0,2.0,Permanent-Medium,3,0.356022306770209,0.3852608537030281,0.25871683952676294,76.748,75.875,SOFT,2.0,Q3
LEC,Ferrari,2021,Monaco Grand Prix,Monaco,2982.89347053333,19.0,0.0063696542259026,0.0,0.852999999999998,-0.052499999999994884,0.0,0.1,0.0,0.1,0.31799999999999995,0.19,0.0,30.5,75.6,1,0,-2.3848804273745277,0.6316415379950423,3.5000710878223424,10.0,1.0,Street-Slow,3,0.264577943308788,0.46886816592272473,0.2665538907684872,70.346,70.346,SOFT,3.0,Q3
LEC,Ferrari,2021,Portuguese Grand Prix,Portimao,4653.0,15.0,0.0032237266279819,0.8010000000000019,0.852999999999998,-0.052499999999994884,0.6350000000000051,0.55,0.4,0.15000000000000002,0.08599999999999995,0.08599999999999995,0.0,35.7,43.4,0,1,-0.3535217365559127,-0.4680556125916825,-0.25339180900199537,90.0,1.0,Permanent-Medium,3,0.2886033845802283,0.38244740951389505,0.3289492059058767,78.769,77.968,MEDIUM,4.0,Q3
LEC,Ferrari,2021,Qatar Grand Prix,Losail,5380.0,16.0,0.0029739776951672,1.6359999999999957,0.852999999999998,-0.052499999999994884,0.6350000000000051,0.05,0.0,0.05,0.30900000000000005,0.22200000000000003,0.0,28.9,67.4,0,1,0.5307318976698825,-0.1931313249450013,-0.5513717604354108,20.0,2.0,Permanent-Medium,2,0.32749232989340676,0.33498660005093195,0.33752107005566134,82.463,80.827,SOFT,2.0,Q2
LEC,Ferrari,2021,Russian Grand Prix,Sochi Autodrom,5760.2985642132535,18.0,0.0031248380269432,6.477000000000004,0.852999999999998,-0.052499999999994884,0.6350000000000051,1.9,1.5,0.4,4.119,0.47200000000000003,3.5,16.4,79.4,0,1,0.993290890099623,0.3567172503483611,-0.37137758056360215,5.0,2.0,Permanent-Medium,2,0.3543468240066378,0.3452475338803356,0.30040564211302667,108.47,101.993,INTERMEDIATE,9.0,Q2
LEC,Ferrari,2021,Saudi Arabian Grand Prix,Jeddah,6174.0,27.0,0.0043731778425655,0.5430000000000064,0.852999999999998,-0.052499999999994884,0.024999999999991473,0.1,0.0,0.1,0.2965,0.18600000000000003,0.0,30.7,72.1,1,2,1.4964779576083713,2.8310358391684916,1.1180391446222482,15.0,3.0,Street-Fast,3,0.3647080200785881,0.3207463601880664,0.31454561973334544,88.054,87.511,SOFT,3.0,Q3
LEC,Ferrari,2021,Spanish Grand Prix,Barcelona-Catalunya,4348.990357163425,16.0,0.003679014825509,0.7690000000000055,0.852999999999998,-0.052499999999994884,0.6350000000000051,0.05,0.0,0.05,0.0,0.0,0.0,43.7,49.2,0,1,-0.7232901430454965,-0.1931313249450013,0.28982074233246696,110.0,1.0,Permanent-Medium,3,0.28228615662495166,0.3718487937040382,0.3458650496710102,77.51,76.741,SOFT,2.0,Q3
LEC,Ferrari,2021,Styrian Grand Prix,Red Bull Ring,3999.68196710701,10.0,0.0025001987863632,0.6309999999999931,0.852999999999998,-0.052499999999994884,0.629999999999999,0.05,0.0,0.05,0.0,0.0,0.0,53.5,28.9,0,2,-1.148155635993153,-1.8426770508250885,-1.1166459125389459,700.0,2.0,Permanent-Fast,3,0.25490135252512724,0.4414474500558382,0.3036511974190347,64.472,63.841,SOFT,2.0,Q3
LEC,Ferrari,2021,São Paulo Grand Prix,Interlagos,4309.0,15.0,0.0034810860988628,0.9249999999999972,0.852999999999998,-0.052499999999994884,0.6350000000000051,0.05,0.0,0.05,0.456,0.304,0.0,24.8,80.4,0,1,-0.7719306088718323,-0.4680556125916825,0.05366841251622112,800.0,2.0,Permanent-Medium,3,0.25626279789134315,0.507355610740789,0.23638159136786766,68.859,67.934,SOFT,2.0,Q3
LEC,Ferrari,2021,Turkish Grand Prix,Istanbul Park,5338.0,14.0,0.0026227051330086,0.39700000000000557,0.852999999999998,-0.052499999999994884,0.629999999999999,0.1,0.0,0.1,0.487,0.324,0.0,23.8,82.6,0,2,0.47964709349177603,-0.7429799002383637,-0.9704813831763092,130.0,1.0,Permanent-Fast,3,0.37218519185732296,0.3521167357232931,0.2756980724193839,83.265,82.868,SOFT,3.0,Q3
LEC,Ferrari,2021,United States Grand Prix,COTA,5337.916050454483,20.0,0.0037467805433727,0.695999999999998,0.852999999999998,-0.052499999999994884,0.629999999999999,0.05,0.0,0.05,0.14999999999999997,0.10799999999999997,0.0,34.6,58.4,0,2,0.4795449852514533,0.9065658256417235,0.37067324124127227,230.0,3.0,Permanent-Fast,3,0.2696194688374677,0.4004657821079845,0.3299147490545478,93.606,92.91,SOFT,2.0,Q3
LEC,Ferrari,2022,Abu Dhabi Grand Prix,Yas Marina,5333.449274375974,21.0,0.0039374144047628,0.2680000000000007,0.11299999999999599,-0.08024999999999949,0.6350000000000051,0.05,0.0,0.05,0.245,0.14,0.0,33.0,71.0,0,1,0.4741120237924506,1.1814901132884046,0.59812193588988,10.0,2.0,Permanent-Medium,3,0.20570327736288824,0.4318841269086239,0.36241259572848783,84.092,83.824,SOFT,2.0,Q3
LEC,Ferrari,2022,Australian Grand Prix,Albert Park,4843.53245567963,14.0,0.0028904523977295,0.0,0.11299999999999599,-0.08024999999999949,0.15000000000000568,0.1,0.0,0.1,0.322,0.262,0.0,26.9,62.0,1,1,-0.12177618446144439,-0.7429799002383637,-0.6510272976721347,31.0,2.0,Street-Medium,3,0.3434016540812657,0.22841218472286437,0.42818616119586994,77.868,77.868,SOFT,3.0,Q3
LEC,Ferrari,2022,Austrian Grand Prix,Red Bull Ring,3999.68196710701,10.0,0.0025001987863632,0.029000000000010573,0.11299999999999599,-0.08024999999999949,0.629999999999999,0.1,0.0,0.1,0.13799999999999998,0.13799999999999998,0.0,33.1,35.0,0,2,-1.148155635993153,-1.8426770508250885,-1.1166459125389459,700.0,2.0,Permanent-Fast,3,0.25453370864288677,0.4448341101010567,0.3006321812560565,65.013,64.984,SOFT,3.0,Q3
LEC,Ferrari,2022,Azerbaijan Grand Prix,Baku City,4978.250124294395,20.0,0.0040174759203837,0.0,0.11299999999999599,-0.08024999999999949,0.024999999999991473,0.05,0.0,0.05,0.23099999999999996,0.13599999999999995,0.0,33.2,69.0,1,2,0.042081570788943895,0.9065658256417235,0.6936447726344993,28.0,2.0,Street-Fast,3,0.35137481624720057,0.40124705255576715,0.24737813119703236,101.359,101.359,SOFT,2.0,Q3
LEC,Ferrari,2022,Bahrain Grand Prix,Bahrain International,5006.652008539475,15.0,0.0029960140977275,0.0,0.11299999999999599,-0.08024999999999949,0.6350000000000051,0.05,0.0,0.05,0.32200000000000006,0.31200000000000006,0.0,24.4,52.0,0,1,0.07662692066868529,-0.4680556125916825,-0.5250797315138804,35.0,2.0,Permanent-Medium,3,0.32150665871596107,0.42737251264383047,0.2511208286402085,90.558,90.558,SOFT,2.0,Q3
LEC,Ferrari,2022,Belgian Grand Prix,Spa-Francorchamps,6775.131165030146,19.0,0.0028043737511782,0.8859999999999957,0.11299999999999599,-0.08024999999999949,0.629999999999999,0.05,0.0,0.05,0.549,0.384,0.0,20.8,83.0,0,2,2.227636715963657,0.6316415379950423,-0.7537292817396346,300.0,2.0,Permanent-Fast,3,0.2958364817170568,0.42610783254105655,0.27805568574188677,104.551,103.665,SOFT,2.0,Q3
LEC,Ferrari,2022,British Grand Prix,Silverstone,5729.156782444218,18.0,0.003141823602237,0.7169999999999987,0.11299999999999599,-0.08024999999999949,0.629999999999999,1.95,1.5,0.45,0.5800000000000001,0.39,0.0,20.5,88.0,0,2,0.9554129895418016,0.3567172503483611,-0.3511117846537936,140.0,2.0,Permanent-Fast,3,0.31447429040722713,0.40442281112913886,0.281102898463634,99.846,99.129,INTERMEDIATE,10.0,Q3
LEC,Ferrari,2022,Canadian Grand Prix,Gilles Villeneuve,3927.405044134453,14.0,0.0035646947138566,11.708999999999989,0.11299999999999599,-0.08024999999999949,0.6350000000000051,2.9,2.5,0.4,4.104,0.434,3.5,18.3,84.0,0,1,-1.2360664087705144,-0.7429799002383637,0.15342335743024896,22.0,2.0,Permanent-Medium,2,0.28796447617409254,0.32662781696198173,0.3854077068639256,93.008,81.299,WET,9.0,Q2
LEC,Ferrari,2022,Dutch Grand Prix,Zandvoort,4259.0,14.0,0.0032871566095327,0.021000000000000796,0.11299999999999599,-0.08024999999999949,0.6350000000000051,0.05,0.0,0.05,0.025999999999999943,0.025999999999999943,0.0,38.7,30.0,0,1,-0.8327458519410066,-0.7429799002383637,-0.1777123552044761,2.0,2.0,Permanent-Medium,3,0.34329121839603205,0.3517047311797393,0.3050040504242286,70.363,70.342,SOFT,2.0,Q3
LEC,Ferrari,2022,Emilia Romagna Grand Prix,Imola,4909.0,19.0,0.003870442045223,0.0030000000000001137,0.11299999999999599,-0.08024999999999949,0.6350000000000051,0.4,0.0,0.4,0.676,0.506,0.0,14.7,84.0,0,1,-0.04214769204173995,0.6316415379950423,0.5182160070911476,37.0,1.0,Permanent-Medium,3,0.3246484593126555,0.3421366566830804,0.3332148840042642,78.796,78.793,SOFT,9.0,Q3
LEC,Ferrari,2022,French Grand Prix,Paul Ricard,5247.8799638259,15.0,0.0028582970844219,0.0,0.11299999999999599,-0.08024999999999949,0.629999999999999,0.05,0.0,0.05,0.0,0.0,0.0,53.6,46.0,0,2,0.37003365538516214,-0.4680556125916825,-0.6893923813172924,40.0,3.0,Permanent-Fast,3,0.24936173958975258,0.307685535698565,0.44295272471168234,90.872,90.872,SOFT,2.0,Q3
LEC,Ferrari,2022,Hungarian Grand Prix,Hungaroring,4122.248439558155,14.0,0.0033962048152295,0.18999999999999773,0.11299999999999599,-0.08024999999999949,0.5675000000000026,0.05,0.0,0.05,0.271,0.17600000000000002,0.0,31.2,69.0,0,0,-0.9990774397082004,-0.7429799002383637,-0.04760497628108983,150.0,1.0,Permanent-Slow,3,0.36344063841582114,0.35521549112380263,0.2813438704603762,77.567,77.377,SOFT,2.0,Q3
LEC,Ferrari,2022,Italian Grand Prix,Monza,5261.551646812222,11.0,0.0020906380357711,0.0,0.11299999999999599,-0.08024999999999949,0.629999999999999,0.05,0.0,0.05,0.0,0.0,0.0,40.1,34.0,0,2,0.38666258986472024,-1.5677527631784072,-1.6053002230701332,120.0,2.0,Permanent-Fast,3,0.3334913486608201,0.33526278364790857,0.33124586769127135,80.161,80.161,SOFT,2.0,Q3
LEC,Ferrari,2022,Japanese Grand Prix,Suzuka,5650.500064177964,18.0,0.0031855587639248,0.009999999999990905,0.11299999999999599,-0.08024999999999949,0.629999999999999,0.05,0.0,0.05,0.32399999999999995,0.284,0.0,25.8,58.0,0,2,0.8597424407340858,0.3567172503483611,-0.29893057527368244,50.0,2.0,Permanent-Fast,3,0.34875831336632557,0.44971672974001836,0.2015249568936561,89.314,89.304,SOFT,2.0,Q3
LEC,Ferrari,2022,Mexico City Grand Prix,Hermanos Rodriguez,4309.0,17.0,0.0039452309120445,0.7800000000000011,0.11299999999999599,-0.08024999999999949,0.6350000000000051,0.05,0.0,0.05,0.0,0.0,0.0,46.0,36.0,0,1,-0.7719306088718323,0.0817929627016799,0.6074479515566137,2240.0,2.0,Permanent-Medium,3,0.3557125580803259,0.38609891159060533,0.25818853032906885,78.555,77.775,SOFT,2.0,Q3
LEC,Ferrari,2022,Miami Grand Prix,Miami,5412.0,19.0,0.003510716925351,0.0,0.11299999999999599,-0.08024999999999949,0.15000000000000568,0.05,0.0,0.05,0.0,0.0,0.0,49.4,41.0,1,1,0.5696536532341541,0.6316415379950423,0.08902148545382091,3.0,3.0,Street-Medium,3,0.3315577278255777,0.38099689175188073,0.28744538042254153,88.796,88.796,SOFT,2.0,Q3
LEC,Ferrari,2022,Monaco Grand Prix,Monaco,2982.89347053333,19.0,0.0063696542259026,0.0,0.11299999999999599,-0.08024999999999949,0.0,0.05,0.0,0.05,0.0,0.0,0.0,47.5,41.0,1,0,-2.3848804273745277,0.6316415379950423,3.5000710878223424,10.0,1.0,Street-Slow,3,0.26440260031383095,0.47267989240080693,0.262917507285362,71.376,71.376,SOFT,2.0,Q3
LEC,Ferrari,2022,Saudi Arabian Grand Prix,Jeddah,6174.0,27.0,0.0043731778425655,0.024999999999991473,0.11299999999999599,-0.08024999999999949,0.024999999999991473,0.1,0.0,0.1,0.359,0.304,0.0,24.8,61.0,1,2,1.4964779576083713,2.8310358391684916,1.1180391446222482,15.0,3.0,Street-Fast,3,0.36422782657976766,0.3213034854066308,0.3144686880136016,88.225,88.2,SOFT,3.0,Q3
LEC,Ferrari,2022,Singapore Grand Prix,Marina Bay,4956.5492831458605,23.0,0.0046403250903221,0.0,0.11299999999999599,-0.08024999999999949,0.0,0.2,0.0,0.2,0.385,0.23,0.0,28.5,81.0,1,0,0.01568673220387009,1.731338688581767,1.436777339075894,10.0,1.0,Street-Slow,3,0.2686268416627061,0.3802325156289986,0.35114064270829526,109.412,109.412,SOFT,5.0,Q3
LEC,Ferrari,2022,Spanish Grand Prix,Barcelona-Catalunya,4348.990357163425,16.0,0.003679014825509,0.0,0.11299999999999599,-0.08024999999999949,0.6350000000000051,0.05,0.0,0.05,0.0,0.0,0.0,46.5,18.0,0,1,-0.7232901430454965,-0.1931313249450013,0.28982074233246696,110.0,1.0,Permanent-Medium,3,0.279415873015873,0.37346031746031744,0.3471238095238095,78.75,78.75,SOFT,2.0,Q3
LEC,Ferrari,2022,São Paulo Grand Prix,Interlagos,4309.0,15.0,0.0034810860988628,0.06900000000000261,0.11299999999999599,-0.08024999999999949,0.6350000000000051,0.05,0.0,0.05,0.469,0.254,0.0,27.3,93.0,0,1,-0.7719306088718323,-0.4680556125916825,0.05366841251622112,800.0,2.0,Permanent-Medium,3,0.25906976744186044,0.5016349541930937,0.23929527836504583,70.95,70.881,SOFT,2.0,Q3
LEC,Ferrari,2022,United States Grand Prix,COTA,5337.916050454483,20.0,0.0037467805433727,0.06500000000001194,0.11299999999999599,-0.08024999999999949,0.629999999999999,0.05,0.0,0.05,0.13200000000000003,0.13200000000000003,0.0,33.4,38.0,0,2,0.4795449852514533,0.9065658256417235,0.37067324124127227,230.0,3.0,Permanent-Fast,3,0.2701199944927506,0.4036178392518614,0.3262621662553881,94.421,94.356,SOFT,2.0,Q3
LEC,Ferrari,2023,Abu Dhabi Grand Prix,Yas Marina,5333.449274375974,21.0,0.0039374144047628,0.13900000000001,0.4085000000000001,-0.07399999999999807,0.6350000000000051,0.05,0.0,0.05,0.265,0.18,0.0,31.0,67.0,0,1,0.4741120237924506,1.1814901132884046,0.59812193588988,10.0,2.0,Permanent-Medium,3,0.2059365428790199,0.4305369448698315,0.36352651225114857,83.584,83.445,SOFT,2.0,Q3
LEC,Ferrari,2023,Australian Grand Prix,Albert Park,4843.53245567963,14.0,0.0028904523977295,0.6370000000000005,0.4085000000000001,-0.07399999999999807,0.15000000000000568,0.05,0.0,0.05,0.349,0.344,0.0,22.8,51.0,1,1,-0.12177618446144439,-0.7429799002383637,-0.6510272976721347,31.0,2.0,Street-Medium,3,0.3470511445152451,0.22824387028396384,0.42470498520079103,77.369,76.732,SOFT,2.0,Q3
LEC,Ferrari,2023,Austrian Grand Prix,Red Bull Ring,3999.68196710701,10.0,0.0025001987863632,0.04799999999998761,0.4085000000000001,-0.07399999999999807,0.629999999999999,0.05,0.0,0.05,0.06200000000000003,0.06200000000000003,0.0,36.9,46.0,0,2,-1.148155635993153,-1.8426770508250885,-1.1166459125389459,700.0,2.0,Permanent-Fast,3,0.25351107248715843,0.4451651949906113,0.3013237325222304,64.439,64.391,SOFT,2.0,Q3
LEC,Ferrari,2023,Azerbaijan Grand Prix,Baku City,4978.250124294395,20.0,0.0040174759203837,0.0,0.4085000000000001,-0.07399999999999807,0.024999999999991473,0.05,0.0,0.05,0.389,0.22399999999999998,0.0,28.8,83.0,1,2,0.042081570788943895,0.9065658256417235,0.6936447726344993,28.0,2.0,Street-Fast,3,0.35152640140514757,0.4010957755755816,0.24737782301927091,100.203,100.203,SOFT,2.0,Q3
LEC,Ferrari,2023,Bahrain Grand Prix,Bahrain International,5006.652008539475,15.0,0.0029960140977275,0.2920000000000016,0.4085000000000001,-0.07399999999999807,0.6350000000000051,0.05,0.0,0.05,0.26,0.26,0.0,27.0,30.0,0,1,0.07662692066868529,-0.4680556125916825,-0.5250797315138804,35.0,2.0,Permanent-Medium,3,0.3202777777777778,0.4290444444444444,0.2506777777777778,90.0,89.708,SOFT,2.0,Q3
LEC,Ferrari,2023,Belgian Grand Prix,Spa-Francorchamps,6775.131165030146,19.0,0.0028043737511782,0.8199999999999932,0.4085000000000001,-0.07399999999999807,0.629999999999999,0.05,0.0,0.05,0.511,0.336,0.0,23.2,85.0,0,2,2.227636715963657,0.6316415379950423,-0.7537292817396346,300.0,2.0,Permanent-Fast,3,0.29243466556997044,0.433693498336262,0.27387183609376753,106.988,106.168,SOFT,2.0,Q3
LEC,Ferrari,2023,British Grand Prix,Silverstone,5729.156782444218,18.0,0.003141823602237,0.4159999999999968,0.4085000000000001,-0.07399999999999807,0.629999999999999,0.05,0.0,0.05,0.375,0.27,0.0,26.5,71.0,0,2,0.9554129895418016,0.3567172503483611,-0.3511117846537936,140.0,2.0,Permanent-Fast,3,0.31515102827763497,0.4060778553066471,0.278771116415718,87.136,86.72,SOFT,2.0,Q3
LEC,Ferrari,2023,Canadian Grand Prix,Gilles Villeneuve,3927.405044134453,14.0,0.0035646947138566,1.8900000000000006,0.4085000000000001,-0.07399999999999807,0.6350000000000051,1.55,1.5,0.05,0.6060000000000001,0.42600000000000005,0.0,18.7,86.0,0,1,-1.2360664087705144,-0.7429799002383637,0.15342335743024896,22.0,2.0,Permanent-Medium,2,0.2916082614897972,0.31661601438938164,0.3917757241208212,80.615,78.725,INTERMEDIATE,2.0,Q2
LEC,Ferrari,2023,Dutch Grand Prix,Zandvoort,4259.0,14.0,0.0032871566095327,2.098000000000013,0.4085000000000001,-0.07399999999999807,0.6350000000000051,0.05,0.0,0.05,0.461,0.34600000000000003,0.0,22.7,73.0,0,1,-0.8327458519410066,-0.7429799002383637,-0.1777123552044761,2.0,2.0,Permanent-Medium,3,0.34660427991467696,0.34522810156196243,0.30816761852336066,72.665,70.567,SOFT,2.0,Q3
LEC,Ferrari,2023,Hungarian Grand Prix,Hungaroring,4122.248439558155,14.0,0.0033962048152295,0.3830000000000098,0.4085000000000001,-0.07399999999999807,0.5675000000000026,0.05,0.0,0.05,0.0,0.0,0.0,42.9,33.0,0,0,-0.9990774397082004,-0.7429799002383637,-0.04760497628108983,150.0,1.0,Permanent-Slow,3,0.3618947423108895,0.35429655029093937,0.28380870739817127,76.992,76.609,SOFT,2.0,Q3
LEC,Ferrari,2023,Italian Grand Prix,Monza,5261.551646812222,11.0,0.0020906380357711,0.06700000000000728,0.4085000000000001,-0.07399999999999807,0.629999999999999,0.05,0.0,0.05,0.015999999999999945,0.015999999999999945,0.0,39.2,41.0,0,2,0.38666258986472024,-1.5677527631784072,-1.6053002230701332,120.0,2.0,Permanent-Fast,3,0.33184007167655954,0.33724070133522477,0.3309192269882157,80.361,80.294,SOFT,2.0,Q3
LEC,Ferrari,2023,Japanese Grand Prix,Suzuka,5650.500064177964,18.0,0.0031855587639248,0.6650000000000063,0.4085000000000001,-0.07399999999999807,0.629999999999999,0.05,0.0,0.05,0.11799999999999998,0.11799999999999998,0.0,34.1,47.0,0,2,0.8597424407340858,0.3567172503483611,-0.29893057527368244,50.0,2.0,Permanent-Fast,3,0.3488865560295727,0.45077170489826,0.20034173907216724,89.542,88.877,SOFT,2.0,Q3
LEC,Ferrari,2023,Las Vegas Grand Prix,Las Vegas,6353.0,14.0,0.0022036832992287,0.0,0.4085000000000001,-0.07399999999999807,0.024999999999991473,0.05,0.0,0.05,0.521,0.466,0.0,16.7,61.0,1,2,1.7141965277960156,-0.7429799002383637,-1.4704238825178961,600.0,2.0,Street-Fast,3,0.2828117248668119,0.3305653214848047,0.38662295364838345,92.726,92.726,SOFT,2.0,Q3
LEC,Ferrari,2023,Mexico City Grand Prix,Hermanos Rodriguez,4309.0,17.0,0.0039452309120445,0.0,0.4085000000000001,-0.07399999999999807,0.6350000000000051,0.05,0.0,0.05,0.0,0.0,0.0,41.6,26.0,0,1,-0.7719306088718323,0.0817929627016799,0.6074479515566137,2240.0,2.0,Permanent-Medium,3,0.3536661223855066,0.38686727315138797,0.2594666044631055,77.166,77.166,SOFT,2.0,Q3
LEC,Ferrari,2023,Miami Grand Prix,Miami,5412.0,19.0,0.003510716925351,0.15000000000000568,0.4085000000000001,-0.07399999999999807,0.15000000000000568,0.2,0.0,0.2,0.055,0.0,0.0,42.6,61.0,1,1,0.5696536532341541,0.6316415379950423,0.08902148545382091,3.0,3.0,Street-Medium,3,0.33628857918219035,0.3787199300860126,0.2849914907317971,86.964,86.814,SOFT,5.0,Q3
LEC,Ferrari,2023,Monaco Grand Prix,Monaco,2982.89347053333,19.0,0.0063696542259026,0.10600000000000875,0.4085000000000001,-0.07399999999999807,0.0,0.05,0.0,0.05,0.0,0.0,0.0,43.9,34.0,1,0,-2.3848804273745277,0.6316415379950423,3.5000710878223424,10.0,1.0,Street-Slow,3,0.2609589903597263,0.4738985042884526,0.265142505351821,71.471,71.365,SOFT,2.0,Q3
LEC,Ferrari,2023,Qatar Grand Prix,Losail,5380.0,16.0,0.0029739776951672,0.6460000000000008,0.4085000000000001,-0.07399999999999807,0.6350000000000051,0.05,0.0,0.05,0.15700000000000003,0.12200000000000003,0.0,33.9,57.0,0,1,0.5307318976698825,-0.1931313249450013,-0.5513717604354108,20.0,2.0,Permanent-Medium,3,0.3694091727470861,0.33775940490855677,0.29283142234435705,84.424,83.778,SOFT,2.0,Q3
LEC,Ferrari,2023,Saudi Arabian Grand Prix,Jeddah,6174.0,27.0,0.0043731778425655,0.15500000000000114,0.4085000000000001,-0.07399999999999807,0.024999999999991473,0.05,0.0,0.05,0.184,0.184,0.0,30.8,45.0,1,2,1.4964779576083713,2.8310358391684916,1.1180391446222482,15.0,3.0,Street-Fast,3,0.3636507577471161,0.31697579733092063,0.31937344492196335,88.42,88.265,SOFT,2.0,Q3
LEC,Ferrari,2023,Singapore Grand Prix,Marina Bay,4956.5492831458605,23.0,0.0046403250903221,0.07900000000000773,0.4085000000000001,-0.07399999999999807,0.0,0.05,0.0,0.05,0.26400000000000007,0.12400000000000005,0.0,33.8,78.0,1,0,0.01568673220387009,1.731338688581767,1.436777339075894,10.0,1.0,Street-Slow,3,0.2937966023522177,0.42199356489463336,0.2842098327531489,91.063,90.984,SOFT,2.0,Q3
LEC,Ferrari,2023,Spanish Grand Prix,Barcelona-Catalunya,4348.990357163425,16.0,0.003679014825509,1.806999999999988,0.4085000000000001,-0.07399999999999807,0.6350000000000051,0.05,0.0,0.05,0.43,0.31,0.0,24.5,74.0,0,1,-0.7232901430454965,-0.1931313249450013,0.28982074233246696,110.0,1.0,Permanent-Medium,1,0.29646728492555247,0.4015442973042293,0.3019884177702183,74.079,72.272,SOFT,2.0,Q1
LEC,Ferrari,2023,São Paulo Grand Prix,Interlagos,4309.0,15.0,0.0034810860988628,0.2819999999999965,0.4085000000000001,-0.07399999999999807,0.6350000000000051,0.05,0.0,0.05,0.14,0.08,0.0,36.0,62.0,0,1,-0.7719306088718323,-0.4680556125916825,0.05366841251622112,800.0,2.0,Permanent-Medium,3,0.26128330227728547,0.5052273729428332,0.23348932477988138,70.303,70.021,SOFT,2.0,Q3
LEC,Ferrari,2023,United States Grand Prix,COTA,5337.916050454483,20.0,0.0037467805433727,0.0,0.4085000000000001,-0.07399999999999807,0.629999999999999,0.05,0.0,0.05,0.0,0.0,0.0,40.0,13.0,0,2,0.4795449852514533,0.9065658256417235,0.37067324124127227,230.0,3.0,Permanent-Fast,3,0.2674957507680289,0.4027849624695164,0.3297192867624547,94.723,94.723,SOFT,2.0,Q3
LEC,Ferrari,2024,Abu Dhabi Grand Prix,Yas Marina,5333.449274375974,21.0,0.0039374144047628,0.7070000000000078,0.4145000000000003,-0.011249999999996874,0.6350000000000051,0.05,0.0,0.05,0.284,0.204,0.0,29.8,66.0,0,1,0.4741120237924506,1.1814901132884046,0.59812193588988,10.0,2.0,Permanent-Medium,2,0.20474898561859262,0.43254663753571343,0.362704376845694,83.302,82.595,SOFT,2.0,Q2
LEC,Ferrari,2024,Australian Grand Prix,Albert Park,4843.53245567963,14.0,0.0028904523977295,0.3889999999999958,0.4145000000000003,-0.011249999999996874,0.15000000000000568,0.2,0.0,0.2,0.13,0.11,0.0,34.5,54.0,1,1,-0.12177618446144439,-0.7429799002383637,-0.6510272976721347,31.0,2.0,Street-Medium,3,0.34581411197316,0.22833665338645415,0.4258492346403858,76.304,75.915,SOFT,5.0,Q3
LEC,Ferrari,2024,Austrian Grand Prix,Red Bull Ring,3999.68196710701,10.0,0.0025001987863632,0.730000000000004,0.4145000000000003,-0.011249999999996874,0.629999999999999,0.15000000000000002,0.0,0.15000000000000002,0.0,0.0,0.0,45.2,37.0,0,2,-1.148155635993153,-1.8426770508250885,-1.1166459125389459,700.0,2.0,Permanent-Fast,3,0.25153742082282765,0.4465285037820553,0.30193407539511713,65.044,64.314,SOFT,4.0,Q3
LEC,Ferrari,2024,Azerbaijan Grand Prix,Baku City,4978.250124294395,20.0,0.0040174759203837,0.0,0.4145000000000003,-0.011249999999996874,0.024999999999991473,0.05,0.0,0.05,0.12,0.12,0.0,34.0,32.0,1,2,0.042081570788943895,0.9065658256417235,0.6936447726344993,28.0,2.0,Street-Fast,3,0.3522123020766536,0.402634045281902,0.2451536526414443,101.365,101.365,SOFT,2.0,Q3
LEC,Ferrari,2024,Bahrain Grand Prix,Bahrain International,5006.652008539475,15.0,0.0029960140977275,0.0,0.4145000000000003,-0.011249999999996874,0.6350000000000051,0.05,0.0,0.05,0.376,0.376,0.0,21.2,46.0,0,1,0.07662692066868529,-0.4680556125916825,-0.5250797315138804,35.0,2.0,Permanent-Medium,3,0.3234789435316548,0.42683788482027696,0.2496831716480682,89.165,89.165,SOFT,2.0,Q3
LEC,Ferrari,2024,Belgian Grand Prix,Spa-Francorchamps,6775.131165030146,19.0,0.0028043737511782,0.5949999999999989,0.4145000000000003,-0.011249999999996874,0.629999999999999,1.55,1.5,0.05,4.074,0.354,3.5,22.3,94.0,0,2,2.227636715963657,0.6316415379950423,-0.7537292817396346,300.0,2.0,Permanent-Fast,3,0.2816604251279076,0.45085007999718696,0.26748949487490553,113.754,113.159,INTERMEDIATE,2.0,Q3
LEC,Ferrari,2024,British Grand Prix,Silverstone,5729.156782444218,18.0,0.003141823602237,1.2779999999999916,0.4145000000000003,-0.011249999999996874,0.629999999999999,0.05,0.0,0.05,0.496,0.376,0.0,21.2,74.0,0,2,0.9554129895418016,0.3567172503483611,-0.3511117846537936,140.0,2.0,Permanent-Fast,2,0.32282397786376105,0.40368784229077914,0.27348817984545964,87.097,85.819,SOFT,2.0,Q2
LEC,Ferrari,2024,Canadian Grand Prix,Gilles Villeneuve,3927.405044134453,14.0,0.0035646947138566,0.9489999999999981,0.4145000000000003,-0.011249999999996874,0.6350000000000051,0.25,0.0,0.25,0.259,0.19399999999999998,0.0,30.3,63.0,0,1,-1.2360664087705144,-0.7429799002383637,0.15342335743024896,22.0,2.0,Permanent-Medium,2,0.2816167063322832,0.3169168122601147,0.40146648140760205,72.691,71.742,SOFT,6.0,Q2
LEC,Ferrari,2024,Chinese Grand Prix,Shanghai International,5161.238099433068,16.0,0.0031000313668453,0.6290000000000049,0.4145000000000003,-0.011249999999996874,0.629999999999999,0.05,0.0,0.05,0.17799999999999996,0.15799999999999997,0.0,32.1,54.0,0,2,0.2646507345248319,-0.1931313249450013,-0.4009748536645922,5.0,3.0,Permanent-Fast,3,0.26837701110415846,0.29951531992066943,0.4321076689751721,94.289,93.66,SOFT,2.0,Q3
LEC,Ferrari,2024,Dutch Grand Prix,Zandvoort,4259.0,14.0,0.0032871566095327,0.9089999999999918,0.4145000000000003,-0.011249999999996874,0.6350000000000051,0.05,0.0,0.05,0.319,0.23399999999999999,0.0,28.3,67.0,0,1,-0.8327458519410066,-0.7429799002383637,-0.1777123552044761,2.0,2.0,Permanent-Medium,3,0.34229690289308884,0.35704570570400385,0.3006573914029072,70.582,69.673,SOFT,2.0,Q3
LEC,Ferrari,2024,Emilia Romagna Grand Prix,Imola,4909.0,19.0,0.003870442045223,0.22400000000000375,0.4145000000000003,-0.011249999999996874,0.6350000000000051,0.05,0.0,0.05,0.004000000000000057,0.004000000000000057,0.0,39.8,46.0,0,1,-0.04214769204173995,0.6316415379950423,0.5182160070911476,37.0,1.0,Permanent-Medium,3,0.3166733360010671,0.34593837535014005,0.3373882886487929,74.97,74.746,SOFT,2.0,Q3
LEC,Ferrari,2024,Hungarian Grand Prix,Hungaroring,4122.248439558155,14.0,0.0033962048152295,0.6640000000000015,0.4145000000000003,-0.011249999999996874,0.5675000000000026,0.05,0.0,0.05,0.22200000000000003,0.18200000000000002,0.0,30.9,58.0,0,0,-0.9990774397082004,-0.7429799002383637,-0.04760497628108983,150.0,1.0,Permanent-Slow,3,0.36432515054486037,0.35237379926473494,0.28330105019040464,75.891,75.227,SOFT,2.0,Q3
LEC,Ferrari,2024,Italian Grand Prix,Monza,5261.551646812222,11.0,0.0020906380357711,0.13400000000000034,0.4145000000000003,-0.011249999999996874,0.629999999999999,0.05,0.0,0.05,0.0,0.0,0.0,47.1,39.0,0,2,0.38666258986472024,-1.5677527631784072,-1.6053002230701332,120.0,2.0,Permanent-Fast,3,0.3318986672707365,0.336416606888914,0.3316847258403493,79.461,79.327,SOFT,2.0,Q3
LEC,Ferrari,2024,Japanese Grand Prix,Suzuka,5650.500064177964,18.0,0.0031855587639248,0.5889999999999986,0.4145000000000003,-0.011249999999996874,0.629999999999999,0.05,0.0,0.05,0.341,0.28600000000000003,0.0,25.7,61.0,0,2,0.8597424407340858,0.3567172503483611,-0.29893057527368244,50.0,2.0,Permanent-Fast,3,0.35038181695312326,0.4490122316581443,0.20060595138873247,88.786,88.197,SOFT,2.0,Q3
LEC,Ferrari,2024,Las Vegas Grand Prix,Las Vegas,6353.0,14.0,0.0022036832992287,0.47100000000000364,0.4145000000000003,-0.011249999999996874,0.024999999999991473,0.1,0.0,0.1,0.53,0.53,0.0,13.5,26.0,1,2,1.7141965277960156,-0.7429799002383637,-1.4704238825178961,600.0,2.0,Street-Fast,3,0.2838558787708955,0.3330135908517724,0.3831305303773321,92.783,92.312,SOFT,3.0,Q3
LEC,Ferrari,2024,Mexico City Grand Prix,Hermanos Rodriguez,4309.0,17.0,0.0039452309120445,0.3190000000000026,0.4145000000000003,-0.011249999999996874,0.6350000000000051,0.05,0.0,0.05,0.09400000000000006,0.09400000000000006,0.0,35.3,42.0,0,1,-0.7719306088718323,0.0817929627016799,0.6074479515566137,2240.0,2.0,Permanent-Medium,3,0.3549334557136301,0.38587818789746275,0.2591883563889071,76.265,75.946,SOFT,2.0,Q3
LEC,Ferrari,2024,Miami Grand Prix,Miami,5412.0,19.0,0.003510716925351,0.14100000000000534,0.4145000000000003,-0.011249999999996874,0.15000000000000568,0.05,0.0,0.05,0.035,0.0,0.0,45.6,57.0,1,1,0.5696536532341541,0.6316415379950423,0.08902148545382091,3.0,3.0,Street-Medium,3,0.3295072211668307,0.3849763109107139,0.28551646792245544,87.382,87.241,SOFT,2.0,Q3
LEC,Ferrari,2024,Monaco Grand Prix,Monaco,2982.89347053333,19.0,0.0063696542259026,0.0,0.4145000000000003,-0.011249999999996874,0.0,0.05,0.0,0.05,0.06,0.0,0.0,43.8,62.0,1,0,-2.3848804273745277,0.6316415379950423,3.5000710878223424,10.0,1.0,Street-Slow,3,0.2616479294151131,0.4720933542052084,0.26625871637967835,70.27,70.27,SOFT,2.0,Q3
LEC,Ferrari,2024,Qatar Grand Prix,Losail,5380.0,16.0,0.0029739776951672,0.33200000000000784,0.4145000000000003,-0.011249999999996874,0.6350000000000051,0.05,0.0,0.05,0.415,0.37,0.0,21.5,59.0,0,1,0.5307318976698825,-0.1931313249450013,-0.5513717604354108,20.0,2.0,Permanent-Medium,3,0.36845099688319394,0.33952159501311036,0.29202740810369565,80.852,80.52,SOFT,2.0,Q3
LEC,Ferrari,2024,Saudi Arabian Grand Prix,Jeddah,6174.0,27.0,0.0043731778425655,0.3190000000000026,0.4145000000000003,-0.011249999999996874,0.024999999999991473,0.05,0.0,0.05,0.22899999999999998,0.204,0.0,29.8,55.0,1,2,1.4964779576083713,2.8310358391684916,1.1180391446222482,15.0,3.0,Street-Fast,3,0.3637388798396191,0.3171395701153877,0.3191215500449932,87.791,87.472,SOFT,2.0,Q3
LEC,Ferrari,2024,Singapore Grand Prix,Marina Bay,4956.5492831458605,23.0,0.0046403250903221,0.2219999999999942,0.4145000000000003,-0.011249999999996874,0.0,0.05,0.0,0.05,0.30899999999999994,0.16399999999999998,0.0,31.8,79.0,1,0,0.01568673220387009,1.731338688581767,1.436777339075894,10.0,1.0,Street-Slow,3,0.2956421941680502,0.4207271552252443,0.2836306506067055,89.747,89.525,SOFT,2.0,Q3
LEC,Ferrari,2024,Spanish Grand Prix,Barcelona-Catalunya,4348.990357163425,16.0,0.003679014825509,0.347999999999999,0.4145000000000003,-0.011249999999996874,0.6350000000000051,0.05,0.0,0.05,0.175,0.08,0.0,36.0,69.0,0,1,-0.7232901430454965,-0.1931313249450013,0.28982074233246696,110.0,1.0,Permanent-Medium,3,0.29819743207260463,0.3997156041321047,0.30208696379529076,71.731,71.383,SOFT,2.0,Q3
LEC,Ferrari,2024,São Paulo Grand Prix,Interlagos,4309.0,15.0,0.0034810860988628,1.1200000000000045,0.4145000000000003,-0.011249999999996874,0.6350000000000051,1.6,1.5,0.1,4.0280000000000005,0.318,3.5,24.1,92.0,0,1,-0.7719306088718323,-0.4680556125916825,0.05366841251622112,800.0,2.0,Permanent-Medium,3,0.2571191955042887,0.5270156758355516,0.21586512866015972,84.525,83.405,INTERMEDIATE,3.0,Q3
LEC,Ferrari,2024,United States Grand Prix,COTA,5337.916050454483,20.0,0.0037467805433727,0.4099999999999966,0.4145000000000003,-0.011249999999996874,0.629999999999999,0.05,0.0,0.05,0.07200000000000004,0.07200000000000004,0.0,36.4,38.0,0,2,0.4795449852514533,0.9065658256417235,0.37067324124127227,230.0,3.0,Permanent-Fast,3,0.2719646323053698,0.3995579038171231,0.328477463877507,92.74,92.33,SOFT,2.0,Q3
MAG,Haas,2019,Abu Dhabi Grand Prix,Yas Marina,5333.449274375974,21.0,0.0039374144047628,2.4750000000000085,1.6060000000000088,-0.08300000000000551,1.7154999999999916,0.05,0.0,0.05,0.308,0.22799999999999998,0.0,28.6,66.0,0,1,0.4741120237924506,1.1814901132884046,0.59812193588988,10.0,2.0,Permanent-Medium,2,0.1765891377218418,0.4242499023176425,0.3991609599605158,97.254,94.779,SOFT,2.0,Q2
MAG,Haas,2019,Australian Grand Prix,Albert Park,4843.53245567963,14.0,0.0028904523977295,1.6129999999999995,1.6060000000000088,-0.08300000000000551,1.5120000000000005,0.05,0.0,0.05,0.1925,0.1,0.0,35.0,68.5,1,1,-0.12177618446144439,-0.7429799002383637,-0.6510272976721347,31.0,2.0,Street-Medium,3,0.33099063325984485,0.2743273365083619,0.3946820302317934,82.099,80.486,SOFT,2.0,Q3
MAG,Haas,2019,Austrian Grand Prix,Red Bull Ring,3999.68196710701,10.0,0.0025001987863632,1.0690000000000026,1.6060000000000088,-0.08300000000000551,2.2039999999999935,0.05,0.0,0.05,0.0,0.0,0.0,50.0,25.9,0,2,-1.148155635993153,-1.8426770508250885,-1.1166459125389459,700.0,2.0,Permanent-Fast,3,0.25664877013359966,0.4424709701585716,0.30088025970782867,64.072,63.003,SOFT,2.0,Q3
MAG,Haas,2019,Azerbaijan Grand Prix,Baku City,4978.250124294395,20.0,0.0040174759203837,1.8870000000000005,1.6060000000000088,-0.08300000000000551,1.4585000000000008,0.05,0.0,0.05,0.17150000000000007,0.08400000000000006,0.0,35.8,67.5,1,2,0.042081570788943895,0.9065658256417235,0.6936447726344993,28.0,2.0,Street-Fast,2,0.3526010431521166,0.4043484206208123,0.24305053622707115,102.382,100.495,SOFT,2.0,Q2
MAG,Haas,2019,Bahrain Grand Prix,Bahrain International,5006.652008539475,15.0,0.0029960140977275,0.8910000000000053,1.6060000000000088,-0.08300000000000551,1.7154999999999916,0.05,0.0,0.05,0.268,0.24,0.0,28.0,55.6,0,1,0.07662692066868529,-0.4680556125916825,-0.5250797315138804,35.0,2.0,Permanent-Medium,3,0.3171806167400881,0.43323906846783916,0.24958031479207274,88.757,87.866,SOFT,2.0,Q3
MAG,Haas,2019,Belgian Grand Prix,Spa-Francorchamps,6775.131165030146,19.0,0.0028043737511782,2.218999999999994,1.6060000000000088,-0.08300000000000551,2.2039999999999935,0.05,0.0,0.05,0.0,0.0,0.0,41.0,35.4,0,2,2.227636715963657,0.6316415379950423,-0.7537292817396346,300.0,2.0,Permanent-Fast,3,0.2907254291661097,0.4334625446351849,0.2758120261987054,104.738,102.519,SOFT,2.0,Q3
MAG,Haas,2019,Brazilian Grand Prix,Interlagos,4309.0,15.0,0.0034810860988628,1.2999999999999972,1.6060000000000088,-0.08300000000000551,1.7154999999999916,0.05,0.0,0.05,0.19449999999999995,0.11599999999999995,0.0,34.2,65.7,0,1,-0.7719306088718323,-0.4680556125916825,0.05366841251622112,800.0,2.0,Permanent-Medium,3,0.2582445532898275,0.5077104196037964,0.2340450271063762,68.803,67.503,SOFT,2.0,Q3
MAG,Haas,2019,British Grand Prix,Silverstone,5729.156782444218,18.0,0.003141823602237,1.5690000000000026,1.6060000000000088,-0.08300000000000551,2.2039999999999935,0.15000000000000002,0.0,0.15000000000000002,0.26299999999999996,0.17799999999999996,0.0,31.1,67.0,0,2,0.9554129895418016,0.3567172503483611,-0.3511117846537936,140.0,2.0,Permanent-Fast,1,0.32279430430869355,0.4056795365904317,0.27152615910087463,86.662,85.093,SOFT,4.0,Q1
MAG,Haas,2019,Canadian Grand Prix,Gilles Villeneuve,3927.405044134453,14.0,0.0035646947138566,1.5460000000000065,1.6060000000000088,-0.08300000000000551,1.7154999999999916,0.1,0.0,0.1,0.0,0.0,0.0,48.5,24.2,0,1,-1.2360664087705144,-0.7429799002383637,0.15342335743024896,22.0,2.0,Permanent-Medium,2,0.276404870030368,0.32025743181121663,0.4033376981584153,71.786,70.24,SOFT,3.0,Q2
MAG,Haas,2019,Chinese Grand Prix,Shanghai International,5161.238099433068,16.0,0.0031000313668453,1.6030000000000086,1.6060000000000088,-0.08300000000000551,2.2039999999999935,0.05,0.0,0.05,0.14400000000000007,0.14400000000000007,0.0,32.8,48.4,0,2,0.2646507345248319,-0.1931313249450013,-0.4009748536645922,5.0,3.0,Permanent-Fast,3,0.2608266237251744,0.29482555018786905,0.4443478260869565,93.15,91.547,SOFT,2.0,Q3
MAG,Haas,2019,French Grand Prix,Paul Ricard,5247.8799638259,15.0,0.0028582970844219,2.846999999999994,1.6060000000000088,-0.08300000000000551,2.2039999999999935,0.15000000000000002,0.0,0.15000000000000002,0.0,0.0,0.0,54.5,47.8,0,2,0.37003365538516214,-0.4680556125916825,-0.6893923813172924,40.0,3.0,Permanent-Fast,2,0.2519469977842617,0.3080863479806068,0.43996665423513154,91.166,88.319,SOFT,4.0,Q2
MAG,Haas,2019,German Grand Prix,Hockenheimring,4317.957322804004,17.0,0.0039370467860392,1.0220000000000056,1.6060000000000088,-0.08300000000000551,1.7154999999999916,0.05,0.0,0.05,0.0010000000000000143,0.0,0.0,44.2,50.2,0,1,-0.7610357736003405,0.0817929627016799,0.5976833233674174,100.0,2.0,Permanent-Medium,2,0.21610408166069048,0.48185852257896106,0.3020373957603484,72.789,71.767,SOFT,2.0,Q2
MAG,Haas,2019,Hungarian Grand Prix,Hungaroring,4122.248439558155,14.0,0.0033962048152295,1.5499999999999972,1.6060000000000088,-0.08300000000000551,1.5499999999999972,0.05,0.0,0.05,0.01800000000000001,0.0,0.0,41.5,53.6,0,0,-0.9990774397082004,-0.7429799002383637,-0.04760497628108983,150.0,1.0,Permanent-Slow,2,0.36195843514358533,0.35223719818186594,0.2858043666745487,76.122,74.572,SOFT,2.0,Q2
MAG,Haas,2019,Italian Grand Prix,Monza,5261.551646812222,11.0,0.0020906380357711,1.3079999999999927,1.6060000000000088,-0.08300000000000551,2.2039999999999935,0.05,0.0,0.05,0.03249999999999993,0.025999999999999943,0.0,38.7,51.3,0,2,0.38666258986472024,-1.5677527631784072,-1.6053002230701332,120.0,2.0,Permanent-Fast,2,0.3320721950009303,0.33612851206351174,0.3317992929355579,80.615,79.307,SOFT,2.0,Q2
MAG,Haas,2019,Mexican Grand Prix,Hermanos Rodriguez,4309.0,17.0,0.0039452309120445,3.6780000000000115,1.6060000000000088,-0.08300000000000551,1.7154999999999916,0.05,0.0,0.05,0.09499999999999993,0.055999999999999946,0.0,37.2,57.8,0,1,-0.7719306088718323,0.0817929627016799,0.6074479515566137,2240.0,2.0,Permanent-Medium,1,0.3493803865571931,0.388954051710949,0.2616655617318578,78.436,74.758,SOFT,2.0,Q1
MAG,Haas,2019,Monaco Grand Prix,Monaco,2982.89347053333,19.0,0.0063696542259026,0.9429999999999978,1.6060000000000088,-0.08300000000000551,1.5,0.15000000000000002,0.0,0.15000000000000002,0.07100000000000002,0.0,0.0,41.1,64.2,1,0,-2.3848804273745277,0.6316415379950423,3.5000710878223424,10.0,1.0,Street-Slow,3,0.2631453121264537,0.470053017198948,0.26680167067459815,71.109,70.166,SOFT,4.0,Q3
MAG,Haas,2019,Russian Grand Prix,Sochi Autodrom,5760.2985642132535,18.0,0.0031248380269432,2.2609999999999957,1.6060000000000088,-0.08300000000000551,1.7154999999999916,0.05,0.0,0.05,0.234,0.18200000000000002,0.0,30.9,60.4,0,1,0.993290890099623,0.3567172503483611,-0.37137758056360215,5.0,2.0,Permanent-Medium,2,0.36272619795716216,0.3415203058931291,0.2957534961497087,93.889,91.628,SOFT,2.0,Q2
MAG,Haas,2019,Singapore Grand Prix,Marina Bay,4956.5492831458605,23.0,0.0046403250903221,3.433000000000007,1.6060000000000088,-0.08300000000000551,1.5,0.05,0.0,0.05,0.174,0.11799999999999998,0.0,34.1,61.2,1,0,0.01568673220387009,1.731338688581767,1.436777339075894,10.0,1.0,Street-Slow,2,0.27152032112393376,0.38526843953838436,0.3432112393376819,99.65,96.217,SOFT,2.0,Q2
MAG,Haas,2019,Spanish Grand Prix,Barcelona-Catalunya,4348.990357163425,16.0,0.003679014825509,1.5159999999999911,1.6060000000000088,-0.08300000000000551,1.7154999999999916,0.05,0.0,0.05,0.11799999999999997,0.08799999999999997,0.0,35.6,56.0,0,1,-0.7232901430454965,-0.1931313249450013,0.28982074233246696,110.0,1.0,Permanent-Medium,3,0.28398897584566185,0.3700501807025299,0.34596084345180833,76.922,75.406,SOFT,2.0,Q3
MAG,Haas,2019,United States Grand Prix,COTA,5337.916050454483,20.0,0.0037467805433727,1.7830000000000013,1.6060000000000088,-0.08300000000000551,2.2039999999999935,0.05,0.0,0.05,0.272,0.272,0.0,26.4,25.1,0,2,0.4795449852514533,0.9065658256417235,0.37067324124127227,230.0,3.0,Permanent-Fast,2,0.26655438536647763,0.3985844028482497,0.33486121178527267,93.812,92.029,SOFT,2.0,Q2
MAG,Haas,2020,70th Anniversary Grand Prix,Silverstone,5729.156782444218,18.0,0.003141823602237,3.082000000000008,2.4144999999999968,-0.013500000000007617,2.2039999999999935,0.05,0.0,0.05,0.015,0.0,0.0,44.2,53.0,0,2,0.9554129895418016,0.3567172503483611,-0.3511117846537936,140.0,2.0,Permanent-Fast,1,0.3176367922389955,0.4082234008794597,0.274139806881545,88.236,85.154,SOFT,2.0,Q1
MAG,Haas,2020,Abu Dhabi Grand Prix,Yas Marina,5333.449274375974,21.0,0.0039374144047628,2.6170000000000044,2.4144999999999968,-0.013500000000007617,1.7154999999999916,0.05,0.0,0.05,0.264,0.21200000000000002,0.0,29.4,60.4,0,1,0.4741120237924506,1.1814901132884046,0.59812193588988,10.0,2.0,Permanent-Medium,1,0.17763608309575632,0.42393958901729967,0.398424327886944,97.863,95.246,SOFT,2.0,Q1
MAG,Haas,2020,Austrian Grand Prix,Red Bull Ring,3999.68196710701,10.0,0.0025001987863632,2.2250000000000014,2.4144999999999968,-0.013500000000007617,2.2039999999999935,0.05,0.0,0.05,0.0,0.0,0.0,50.6,33.7,0,2,-1.148155635993153,-1.8426770508250885,-1.1166459125389459,700.0,2.0,Permanent-Fast,1,0.25225584678656926,0.4412865999631698,0.30645755325026086,65.164,62.939,SOFT,2.0,Q1
MAG,Haas,2020,Bahrain Grand Prix,Bahrain International,5006.652008539475,15.0,0.0029960140977275,2.8470000000000084,2.4144999999999968,-0.013500000000007617,1.7154999999999916,0.05,0.0,0.05,0.26749999999999996,0.238,0.0,28.1,55.9,0,1,0.07662692066868529,-0.4680556125916825,-0.5250797315138804,35.0,2.0,Permanent-Medium,1,0.3172864578131416,0.43054677009466097,0.2521667720921974,90.111,87.264,SOFT,2.0,Q1
MAG,Haas,2020,Belgian Grand Prix,Spa-Francorchamps,6775.131165030146,19.0,0.0028043737511782,3.0619999999999976,2.4144999999999968,-0.013500000000007617,2.2039999999999935,0.05,0.0,0.05,0.38,0.32,0.0,24.0,62.0,0,2,2.227636715963657,0.6316415379950423,-0.7537292817396346,300.0,2.0,Permanent-Fast,1,0.2978507199417144,0.4249669267787641,0.27718235327952145,104.314,101.252,SOFT,2.0,Q1
MAG,Haas,2020,British Grand Prix,Silverstone,5729.156782444218,18.0,0.003141823602237,2.855000000000004,2.4144999999999968,-0.013500000000007617,2.2039999999999935,0.05,0.0,0.05,0.02,0.0,0.0,40.2,54.0,0,2,0.9554129895418016,0.3567172503483611,-0.3511117846537936,140.0,2.0,Permanent-Fast,1,0.32223089102549396,0.40291195300488764,0.2748571559696184,87.158,84.303,SOFT,2.0,Q1
MAG,Haas,2020,Eifel Grand Prix,Hockenheimring,4317.957322804004,17.0,0.0039370467860392,1.8559999999999945,2.4144999999999968,-0.013500000000007617,1.7154999999999916,0.05,0.0,0.05,0.508,0.47000000000000003,0.0,16.5,57.6,0,1,-0.7610357736003405,0.0817929627016799,0.5976833233674174,100.0,2.0,Permanent-Medium,2,0.3250616929698709,0.41594261119081777,0.25899569583931137,87.125,85.269,SOFT,2.0,Q2
MAG,Haas,2020,Emilia Romagna Grand Prix,Imola,4909.0,19.0,0.003870442045223,2.3299999999999983,2.4144999999999968,-0.013500000000007617,1.7154999999999916,0.05,0.0,0.05,0.3565,0.284,0.0,25.8,64.5,0,1,-0.04214769204173995,0.6316415379950423,0.5182160070911476,37.0,1.0,Permanent-Medium,1,0.32098131394935403,0.3437627569496569,0.3352559291009889,75.939,73.609,SOFT,2.0,Q1
MAG,Haas,2020,Hungarian Grand Prix,Hungaroring,4122.248439558155,14.0,0.0033962048152295,2.7049999999999983,2.4144999999999968,-0.013500000000007617,1.5499999999999972,0.05,0.0,0.05,0.3725,0.26,0.0,27.0,72.5,0,0,-0.9990774397082004,-0.7429799002383637,-0.04760497628108983,150.0,1.0,Permanent-Slow,1,0.363943166298981,0.3527418846517491,0.28331494904926985,76.152,73.447,SOFT,2.0,Q1
MAG,Haas,2020,Italian Grand Prix,Monza,5261.551646812222,11.0,0.0020906380357711,1.9819999999999993,2.4144999999999968,-0.013500000000007617,2.2039999999999935,0.05,0.0,0.05,0.0,0.0,0.0,46.0,45.0,0,2,0.38666258986472024,-1.5677527631784072,-1.6053002230701332,120.0,2.0,Permanent-Fast,2,0.33279748729426606,0.3338362042315349,0.333366308474199,80.869,78.887,SOFT,2.0,Q2
MAG,Haas,2020,Portuguese Grand Prix,Portimao,4653.0,15.0,0.0032237266279819,2.0420000000000016,2.4144999999999968,-0.013500000000007617,1.7154999999999916,0.15000000000000002,0.0,0.15000000000000002,0.08799999999999997,0.08799999999999997,0.0,35.6,49.2,0,1,-0.3535217365559127,-0.4680556125916825,-0.25339180900199537,90.0,1.0,Permanent-Medium,1,0.2908493401946299,0.3841137208946859,0.3250369389106843,78.508,76.466,SOFT,4.0,Q1
MAG,Haas,2020,Russian Grand Prix,Sochi Autodrom,5760.2985642132535,18.0,0.0031248380269432,3.3769999999999953,2.4144999999999968,-0.013500000000007617,1.7154999999999916,0.05,0.0,0.05,0.18100000000000005,0.14400000000000007,0.0,32.8,57.4,0,1,0.993290890099623,0.3567172503483611,-0.37137758056360215,5.0,2.0,Permanent-Medium,1,0.3652475153409871,0.3455709170794563,0.2891815675795566,94.681,91.304,SOFT,2.0,Q1
MAG,Haas,2020,Sakhir Grand Prix,Bahrain International,5006.652008539475,15.0,0.0029960140977275,1.3279999999999959,2.4144999999999968,-0.013500000000007617,1.7154999999999916,0.05,0.0,0.05,0.392,0.26,0.0,27.0,76.4,0,1,0.07662692066868529,-0.4680556125916825,-0.5250797315138804,35.0,2.0,Permanent-Medium,1,0.34420985284708894,0.3496024129421442,0.30618773421076684,54.705,53.377,SOFT,2.0,Q1
MAG,Haas,2020,Spanish Grand Prix,Barcelona-Catalunya,4348.990357163425,16.0,0.003679014825509,2.323999999999998,2.4144999999999968,-0.013500000000007617,1.7154999999999916,0.05,0.0,0.05,0.04699999999999999,0.0,0.0,49.7,59.4,0,1,-0.7232901430454965,-0.1931313249450013,0.28982074233246696,110.0,1.0,Permanent-Medium,1,0.27993274118190686,0.3711813934384145,0.3488858653796786,77.908,75.584,SOFT,2.0,Q1
MAG,Haas,2020,Styrian Grand Prix,Red Bull Ring,3999.68196710701,10.0,0.0025001987863632,2.3859999999999957,2.4144999999999968,-0.013500000000007617,2.2039999999999935,2.65,2.5,0.15000000000000002,4.1005,0.40399999999999997,3.5,19.8,89.3,0,2,-1.148155635993153,-1.8426770508250885,-1.1166459125389459,700.0,2.0,Permanent-Fast,2,0.24618817867873485,0.44385433419356446,0.30995748712770066,80.211,77.825,WET,4.0,Q2
MAG,Haas,2020,Turkish Grand Prix,Istanbul Park,5338.0,14.0,0.0026227051330086,20.242000000000004,2.4144999999999968,-0.013500000000007617,2.2039999999999935,2.55,2.5,0.05,4.2285,0.528,3.5,13.6,90.1,0,2,0.47964709349177603,-0.7429799002383637,-0.9704813831763092,130.0,1.0,Permanent-Fast,1,0.35983188419383316,0.37847930191317664,0.2616888138929902,128.007,107.765,WET,2.0,Q1
MAG,Haas,2020,Tuscan Grand Prix,Mugello,5245.0,15.0,0.0028598665395614,2.2039999999999935,2.4144999999999968,-0.013500000000007617,2.2039999999999935,0.05,0.0,0.05,0.0,0.0,0.0,44.9,41.1,0,2,0.36653074138311176,-0.4680556125916825,-0.6875198361136977,255.0,1.0,Permanent-Fast,1,0.3593758080364069,0.27640016548585616,0.364224026477737,77.348,75.144,SOFT,2.0,Q1
MAG,Haas,2022,Abu Dhabi Grand Prix,Yas Marina,5333.449274375974,21.0,0.0039374144047628,2.010000000000005,1.925499999999996,-0.17824999999999847,1.7154999999999916,0.05,0.0,0.05,0.21900000000000006,0.12400000000000005,0.0,33.8,69.0,0,1,0.4741120237924506,1.1814901132884046,0.59812193588988,10.0,2.0,Permanent-Medium,1,0.2054780157047324,0.4296199641167835,0.36490202017848405,85.834,83.824,SOFT,2.0,Q1
MAG,Haas,2022,Australian Grand Prix,Albert Park,4843.53245567963,14.0,0.0028904523977295,2.38600000000001,1.925499999999996,-0.17824999999999847,1.5120000000000005,0.05,0.0,0.05,0.21,0.19,0.0,30.5,54.0,1,1,-0.12177618446144439,-0.7429799002383637,-0.6510272976721347,31.0,2.0,Street-Medium,1,0.34713534527874,0.22724100979390432,0.42562364492735566,80.254,77.868,SOFT,2.0,Q1
MAG,Haas,2022,Austrian Grand Prix,Red Bull Ring,3999.68196710701,10.0,0.0025001987863632,0.8950000000000102,1.925499999999996,-0.17824999999999847,2.2039999999999935,0.1,0.0,0.1,0.13599999999999995,0.13599999999999995,0.0,33.2,35.0,0,2,-1.148155635993153,-1.8426770508250885,-1.1166459125389459,700.0,2.0,Permanent-Fast,3,0.25405667967030465,0.4422198272590659,0.3037234930706295,65.879,64.984,SOFT,3.0,Q3
MAG,Haas,2022,Azerbaijan Grand Prix,Baku City,4978.250124294395,20.0,0.0040174759203837,3.284000000000006,1.925499999999996,-0.17824999999999847,1.4585000000000008,0.05,0.0,0.05,0.15299999999999997,0.057999999999999975,0.0,37.1,69.0,1,2,0.042081570788943895,0.9065658256417235,0.6936447726344993,28.0,2.0,Street-Fast,1,0.35288552507095555,0.4053113920663589,0.2418030828626855,104.643,101.359,SOFT,2.0,Q1
MAG,Haas,2022,Bahrain Grand Prix,Bahrain International,5006.652008539475,15.0,0.0029960140977275,0.9029999999999916,1.925499999999996,-0.17824999999999847,1.7154999999999916,0.05,0.0,0.05,0.32100000000000006,0.29600000000000004,0.0,25.2,55.0,0,1,0.07662692066868529,-0.4680556125916825,-0.5250797315138804,35.0,2.0,Permanent-Medium,3,0.32135008364220813,0.42849957905555375,0.2501503373022381,91.461,90.558,SOFT,2.0,Q3
MAG,Haas,2022,Belgian Grand Prix,Spa-Francorchamps,6775.131165030146,19.0,0.0028043737511782,2.891999999999996,1.925499999999996,-0.17824999999999847,2.2039999999999935,0.05,0.0,0.05,0.5650000000000001,0.39,0.0,20.5,85.0,0,2,2.227636715963657,0.6316415379950423,-0.7537292817396346,300.0,2.0,Permanent-Fast,1,0.29218164925814355,0.4289159792411574,0.2789023715006992,106.557,103.665,SOFT,2.0,Q1
MAG,Haas,2022,British Grand Prix,Silverstone,5729.156782444218,18.0,0.003141823602237,3.030000000000001,1.925499999999996,-0.17824999999999847,2.2039999999999935,1.6,1.5,0.1,0.5820000000000001,0.392,0.0,20.4,88.0,0,2,0.9554129895418016,0.3567172503483611,-0.3511117846537936,140.0,2.0,Permanent-Fast,1,0.31561585371822354,0.4052604273730166,0.27912371890875987,102.159,99.129,INTERMEDIATE,3.0,Q1
MAG,Haas,2022,Canadian Grand Prix,Gilles Villeneuve,3927.405044134453,14.0,0.0035646947138566,1.6609999999999872,1.925499999999996,-0.17824999999999847,1.7154999999999916,1.55,1.5,0.05,0.502,0.43200000000000005,0.0,18.4,64.0,0,1,-1.2360664087705144,-0.7429799002383637,0.15342335743024896,22.0,2.0,Permanent-Medium,3,0.287029893924783,0.3204556412729026,0.39251446480231433,82.96,81.299,INTERMEDIATE,2.0,Q3
MAG,Haas,2022,Dutch Grand Prix,Zandvoort,4259.0,14.0,0.0032871566095327,1.9770000000000039,1.925499999999996,-0.17824999999999847,1.7154999999999916,0.2,0.0,0.2,0.02,0.02,0.0,39.0,30.0,0,1,-0.8327458519410066,-0.7429799002383637,-0.1777123552044761,2.0,2.0,Permanent-Medium,1,0.34650645058698265,0.3482210760657642,0.30527247334725316,72.319,70.342,SOFT,5.0,Q1
MAG,Haas,2022,Emilia Romagna Grand Prix,Imola,4909.0,19.0,0.003870442045223,1.1089999999999947,1.925499999999996,-0.17824999999999847,1.7154999999999916,0.05,0.0,0.05,0.675,0.51,0.0,14.5,83.0,0,1,-0.04214769204173995,0.6316415379950423,0.5182160070911476,37.0,1.0,Permanent-Medium,3,0.3260744411904583,0.3389276864158594,0.33499787239368223,79.902,78.793,SOFT,2.0,Q3
MAG,Haas,2022,French Grand Prix,Paul Ricard,5247.8799638259,15.0,0.0028582970844219,1.777000000000001,1.925499999999996,-0.17824999999999847,2.2039999999999935,0.05,0.0,0.05,0.0,0.0,0.0,54.3,45.0,0,2,0.37003365538516214,-0.4680556125916825,-0.6893923813172924,40.0,3.0,Permanent-Fast,3,0.24938207643903335,0.3068786495267083,0.44373927403425834,92.649,90.872,SOFT,2.0,Q3
MAG,Haas,2022,Hungarian Grand Prix,Hungaroring,4122.248439558155,14.0,0.0033962048152295,1.4480000000000075,1.925499999999996,-0.17824999999999847,1.5499999999999972,0.05,0.0,0.05,0.294,0.19399999999999998,0.0,30.3,70.0,0,0,-0.9990774397082004,-0.7429799002383637,-0.04760497628108983,150.0,1.0,Permanent-Slow,2,0.36058357120202983,0.3595432921027593,0.27987313669521097,78.825,77.377,SOFT,2.0,Q2
MAG,Haas,2022,Italian Grand Prix,Monza,5261.551646812222,11.0,0.0020906380357711,2.747,1.925499999999996,-0.17824999999999847,2.2039999999999935,0.15000000000000002,0.0,0.15000000000000002,0.0,0.0,0.0,40.3,36.0,0,2,0.38666258986472024,-1.5677527631784072,-1.6053002230701332,120.0,2.0,Permanent-Fast,1,0.33283880928257825,0.3367226323153375,0.33043855840208425,82.908,80.161,SOFT,4.0,Q1
MAG,Haas,2022,Japanese Grand Prix,Suzuka,5650.500064177964,18.0,0.0031855587639248,2.048000000000002,1.925499999999996,-0.17824999999999847,2.2039999999999935,0.05,0.0,0.05,0.30100000000000005,0.266,0.0,26.7,57.0,0,2,0.8597424407340858,0.3567172503483611,-0.29893057527368244,50.0,2.0,Permanent-Fast,1,0.34772090375689646,0.45129827480514934,0.20098082143795432,91.352,89.304,SOFT,2.0,Q1
MAG,Haas,2022,Mexico City Grand Prix,Hermanos Rodriguez,4309.0,17.0,0.0039452309120445,2.0579999999999927,1.925499999999996,-0.17824999999999847,1.7154999999999916,0.05,0.0,0.05,0.0,0.0,0.0,47.6,36.0,0,1,-0.7719306088718323,0.0817929627016799,0.6074479515566137,2240.0,2.0,Permanent-Medium,2,0.3507822579634988,0.3901143637342953,0.25910337830220587,79.833,77.775,SOFT,2.0,Q2
MAG,Haas,2022,Miami Grand Prix,Miami,5412.0,19.0,0.003510716925351,2.178999999999988,1.925499999999996,-0.17824999999999847,1.5120000000000005,0.4,0.0,0.4,0.0,0.0,0.0,51.9,38.0,1,1,0.5696536532341541,0.6316415379950423,0.08902148545382091,3.0,3.0,Street-Medium,1,0.3355097554273152,0.38383072272602364,0.2806595218466612,90.975,88.796,SOFT,9.0,Q1
MAG,Haas,2022,Monaco Grand Prix,Monaco,2982.89347053333,19.0,0.0063696542259026,1.5450000000000017,1.925499999999996,-0.17824999999999847,1.5,0.1,0.0,0.1,0.0,0.0,0.0,51.5,45.0,1,0,-2.3848804273745277,0.6316415379950423,3.5000710878223424,10.0,1.0,Street-Slow,2,0.26612361322527117,0.4667654036560113,0.26711098311871756,72.921,71.376,SOFT,3.0,Q2
MAG,Haas,2022,Saudi Arabian Grand Prix,Jeddah,6174.0,27.0,0.0043731778425655,1.3460000000000036,1.925499999999996,-0.17824999999999847,1.4585000000000008,0.2,0.0,0.2,0.36200000000000004,0.30200000000000005,0.0,24.9,62.0,1,2,1.4964779576083713,2.8310358391684916,1.1180391446222482,15.0,3.0,Street-Fast,3,0.3665267013601948,0.32053916422844125,0.31293413441136403,89.546,88.2,SOFT,5.0,Q3
MAG,Haas,2022,Singapore Grand Prix,Marina Bay,4956.5492831458605,23.0,0.0046403250903221,2.160999999999987,1.925499999999996,-0.17824999999999847,1.5,0.15000000000000002,0.0,0.15000000000000002,0.389,0.23399999999999999,0.0,28.3,81.0,1,0,0.01568673220387009,1.731338688581767,1.436777339075894,10.0,1.0,Street-Slow,3,0.2649296872899357,0.38012780869923724,0.35494250401082694,111.573,109.412,SOFT,4.0,Q3
MAG,Haas,2022,Spanish Grand Prix,Barcelona-Catalunya,4348.990357163425,16.0,0.003679014825509,0.9320000000000022,1.925499999999996,-0.17824999999999847,1.7154999999999916,0.05,0.0,0.05,0.0,0.0,0.0,46.5,18.0,0,1,-0.7232901430454965,-0.1931313249450013,0.28982074233246696,110.0,1.0,Permanent-Medium,3,0.2775407243794082,0.376571873195954,0.345887402424638,79.682,78.75,SOFT,2.0,Q3
MAG,Haas,2022,São Paulo Grand Prix,Interlagos,4309.0,15.0,0.0034810860988628,0.5289999999999964,1.925499999999996,-0.17824999999999847,1.7154999999999916,0.15000000000000002,0.0,0.15000000000000002,0.471,0.256,0.0,27.2,93.0,0,1,-0.7719306088718323,-0.4680556125916825,0.05366841251622112,800.0,2.0,Permanent-Medium,3,0.2543901414367736,0.5062596275031509,0.2393502310600756,71.41,70.881,SOFT,4.0,Q3
MAG,Haas,2022,United States Grand Prix,COTA,5337.916050454483,20.0,0.0037467805433727,2.5930000000000035,1.925499999999996,-0.17824999999999847,2.2039999999999935,0.05,0.0,0.05,0.06400000000000006,0.06400000000000006,0.0,36.8,36.0,0,2,0.4795449852514533,0.9065658256417235,0.37067324124127227,230.0,3.0,Permanent-Fast,1,0.2727000794232019,0.3997772024466472,0.32752271813015094,96.949,94.356,SOFT,2.0,Q1
MAG,Haas,2023,Abu Dhabi Grand Prix,Yas Marina,5333.449274375974,21.0,0.0039374144047628,1.3190000000000026,1.6147500000000043,0.3294999999999959,1.7154999999999916,0.05,0.0,0.05,0.23099999999999993,0.15599999999999994,0.0,32.2,65.0,0,1,0.4741120237924506,1.1814901132884046,0.59812193588988,10.0,2.0,Permanent-Medium,1,0.20465055919966027,0.42971072625171064,0.3656387145486291,84.764,83.445,SOFT,2.0,Q1
MAG,Haas,2023,Australian Grand Prix,Albert Park,4843.53245567963,14.0,0.0028904523977295,1.3970000000000056,1.6147500000000043,0.3294999999999959,1.5120000000000005,0.1,0.0,0.1,0.33,0.32,0.0,24.0,52.0,1,1,-0.12177618446144439,-0.7429799002383637,-0.6510272976721347,31.0,2.0,Street-Medium,2,0.34505753305430764,0.22709877254284583,0.42784369440284664,78.129,76.732,SOFT,3.0,Q2
MAG,Haas,2023,Austrian Grand Prix,Red Bull Ring,3999.68196710701,10.0,0.0025001987863632,1.5799999999999983,1.6147500000000043,0.3294999999999959,2.2039999999999935,0.2,0.0,0.2,0.015999999999999945,0.015999999999999945,0.0,39.2,41.0,0,2,-1.148155635993153,-1.8426770508250885,-1.1166459125389459,700.0,2.0,Permanent-Fast,1,0.25129223446665955,0.44489245274438766,0.3038153127889527,65.971,64.391,SOFT,5.0,Q1
MAG,Haas,2023,Azerbaijan Grand Prix,Baku City,4978.250124294395,20.0,0.0040174759203837,3.2139999999999986,1.6147500000000043,0.3294999999999959,1.4585000000000008,0.15000000000000002,0.0,0.15000000000000002,0.188,0.04799999999999997,0.0,37.6,78.0,1,2,0.042081570788943895,0.9065658256417235,0.6936447726344993,28.0,2.0,Street-Fast,1,0.3518763839600839,0.4016844425964783,0.24643917344343774,103.417,100.203,SOFT,4.0,Q1
MAG,Haas,2023,Bahrain Grand Prix,Bahrain International,5006.652008539475,15.0,0.0029960140977275,2.1839999999999975,1.6147500000000043,0.3294999999999959,1.7154999999999916,0.05,0.0,0.05,0.22799999999999998,0.22799999999999998,0.0,28.6,15.0,0,1,0.07662692066868529,-0.4680556125916825,-0.5250797315138804,35.0,2.0,Permanent-Medium,1,0.32024550559352283,0.42842684890958954,0.25132764549688763,91.892,89.708,SOFT,2.0,Q1
MAG,Haas,2023,Belgian Grand Prix,Spa-Francorchamps,6775.131165030146,19.0,0.0028043737511782,7.99199999999999,1.6147500000000043,0.3294999999999959,2.2039999999999935,0.1,0.0,0.1,0.514,0.324,0.0,23.8,88.0,0,2,2.227636715963657,0.6316415379950423,-0.7537292817396346,300.0,2.0,Permanent-Fast,2,0.2848107918710582,0.4506219341275403,0.26456727400140156,114.16,106.168,SOFT,3.0,Q2
MAG,Haas,2023,British Grand Prix,Silverstone,5729.156782444218,18.0,0.003141823602237,5.658000000000001,1.6147500000000043,0.3294999999999959,2.2039999999999935,0.15000000000000002,0.0,0.15000000000000002,0.52,0.37,0.0,21.5,80.0,0,2,0.9554129895418016,0.3567172503483611,-0.3511117846537936,140.0,2.0,Permanent-Fast,1,0.306176795340882,0.4011561194223733,0.2926670852367447,92.378,86.72,SOFT,4.0,Q1
MAG,Haas,2023,Canadian Grand Prix,Gilles Villeneuve,3927.405044134453,14.0,0.0035646947138566,2.953000000000003,1.6147500000000043,0.3294999999999959,1.7154999999999916,1.55,1.5,0.05,0.6020000000000001,0.42200000000000004,0.0,18.9,86.0,0,1,-1.2360664087705144,-0.7429799002383637,0.15342335743024896,22.0,2.0,Permanent-Medium,2,0.29131467469820516,0.31793138911334756,0.39075393618844734,81.678,78.725,INTERMEDIATE,2.0,Q2
MAG,Haas,2023,Dutch Grand Prix,Zandvoort,4259.0,14.0,0.0032871566095327,11.625,1.6147500000000043,0.3294999999999959,1.7154999999999916,1.6,1.5,0.1,0.5170000000000001,0.38200000000000006,0.0,20.9,77.0,0,1,-0.8327458519410066,-0.7429799002383637,-0.1777123552044761,2.0,2.0,Permanent-Medium,1,0.34655440918824215,0.34363441697488806,0.30981117383686974,82.192,70.567,INTERMEDIATE,3.0,Q1
MAG,Haas,2023,Hungarian Grand Prix,Hungaroring,4122.248439558155,14.0,0.0033962048152295,2.5970000000000084,1.6147500000000043,0.3294999999999959,1.5499999999999972,0.8500000000000001,0.8,0.05,0.0,0.0,0.0,44.5,37.0,0,0,-0.9990774397082004,-0.7429799002383637,-0.04760497628108983,150.0,1.0,Permanent-Slow,1,0.35796530565866225,0.35966972199075825,0.28236497235057945,79.206,76.609,HARD,2.0,Q1
MAG,Haas,2023,Italian Grand Prix,Monza,5261.551646812222,11.0,0.0020906380357711,2.298000000000002,1.6147500000000043,0.3294999999999959,2.2039999999999935,0.8500000000000001,0.8,0.05,0.0,0.0,0.0,41.1,40.0,0,2,0.38666258986472024,-1.5677527631784072,-1.6053002230701332,120.0,2.0,Permanent-Fast,1,0.3315575358388222,0.33694546687330496,0.33149699728787296,82.592,80.294,HARD,2.0,Q1
MAG,Haas,2023,Japanese Grand Prix,Suzuka,5650.500064177964,18.0,0.0031855587639248,1.788000000000011,1.6147500000000043,0.3294999999999959,2.2039999999999935,0.05,0.0,0.05,0.08599999999999995,0.08599999999999995,0.0,35.7,48.0,0,2,0.8597424407340858,0.3567172503483611,-0.29893057527368244,50.0,2.0,Permanent-Fast,2,0.3488225886505267,0.4510671152043236,0.20011029614514972,90.665,88.877,SOFT,2.0,Q2
MAG,Haas,2023,Las Vegas Grand Prix,Las Vegas,6353.0,14.0,0.0022036832992287,0.811000000000007,1.6147500000000043,0.3294999999999959,1.4585000000000008,0.05,0.0,0.05,0.521,0.466,0.0,16.7,61.0,1,2,1.7141965277960156,-0.7429799002383637,-1.4704238825178961,600.0,2.0,Street-Fast,3,0.2815463399510354,0.33105615959459894,0.3873975004543656,93.537,92.726,SOFT,2.0,Q3
MAG,Haas,2023,Mexico City Grand Prix,Hermanos Rodriguez,4309.0,17.0,0.0039452309120445,1.9969999999999999,1.6147500000000043,0.3294999999999959,1.7154999999999916,0.05,0.0,0.05,0.0,0.0,0.0,44.8,28.0,0,1,-0.7719306088718323,0.0817929627016799,0.6074479515566137,2240.0,2.0,Permanent-Medium,1,0.34965829996336667,0.39030860376691123,0.26003309626972193,79.163,77.166,SOFT,2.0,Q1
MAG,Haas,2023,Miami Grand Prix,Miami,5412.0,19.0,0.003510716925351,0.8590000000000089,1.6147500000000043,0.3294999999999959,1.5120000000000005,0.05,0.0,0.05,0.055,0.0,0.0,42.7,61.0,1,1,0.5696536532341541,0.6316415379950423,0.08902148545382091,3.0,3.0,Street-Medium,3,0.33462981761773863,0.3794554766005498,0.2859147057817116,87.673,86.814,SOFT,2.0,Q3
MAG,Haas,2023,Monaco Grand Prix,Monaco,2982.89347053333,19.0,0.0063696542259026,1.9050000000000011,1.6147500000000043,0.3294999999999959,1.5,0.05,0.0,0.05,0.0,0.0,0.0,47.1,31.0,1,0,-2.3848804273745277,0.6316415379950423,3.5000710878223424,10.0,1.0,Street-Slow,1,0.2612256039306674,0.4718711614576225,0.2669032346117101,73.27,71.365,SOFT,2.0,Q1
MAG,Haas,2023,Qatar Grand Prix,Losail,5380.0,16.0,0.0029739776951672,3.2680000000000007,1.6147500000000043,0.3294999999999959,1.7154999999999916,0.05,0.0,0.05,0.13900000000000007,0.11400000000000006,0.0,34.3,55.0,0,1,0.5307318976698825,-0.1931313249450013,-0.5513717604354108,20.0,2.0,Permanent-Medium,1,0.37010316384440417,0.33635089492911796,0.293545941226478,87.046,83.778,SOFT,2.0,Q1
MAG,Haas,2023,Saudi Arabian Grand Prix,Jeddah,6174.0,27.0,0.0043731778425655,1.3689999999999998,1.6147500000000043,0.3294999999999959,1.4585000000000008,0.1,0.0,0.1,0.17,0.17,0.0,31.5,41.0,1,2,1.4964779576083713,2.8310358391684916,1.1180391446222482,15.0,3.0,Street-Fast,2,0.3645156971684852,0.315773032554611,0.3197112702769038,89.634,88.265,SOFT,3.0,Q2
MAG,Haas,2023,Singapore Grand Prix,Marina Bay,4956.5492831458605,23.0,0.0046403250903221,0.5910000000000082,1.6147500000000043,0.3294999999999959,1.5,0.05,0.0,0.05,0.26,0.12,0.0,34.0,78.0,1,0,0.01568673220387009,1.731338688581767,1.436777339075894,10.0,1.0,Street-Slow,3,0.2943925743925744,0.4215779415779416,0.284029484029484,91.575,90.984,SOFT,2.0,Q3
MAG,Haas,2023,Spanish Grand Prix,Barcelona-Catalunya,4348.990357163425,16.0,0.003679014825509,1.769999999999996,1.6147500000000043,0.3294999999999959,1.7154999999999916,0.05,0.0,0.05,0.43,0.31,0.0,24.5,74.0,0,1,-0.7232901430454965,-0.1931313249450013,0.28982074233246696,110.0,1.0,Permanent-Medium,1,0.2966964695713244,0.4015558736933092,0.3017476567353664,74.042,72.272,SOFT,2.0,Q1
MAG,Haas,2023,São Paulo Grand Prix,Interlagos,4309.0,15.0,0.0034810860988628,0.5810000000000031,1.6147500000000043,0.3294999999999959,1.7154999999999916,0.05,0.0,0.05,0.06,0.03,0.0,38.5,56.0,0,1,-0.7719306088718323,-0.4680556125916825,0.05366841251622112,800.0,2.0,Permanent-Medium,2,0.26203223704710915,0.506883657686751,0.2310841052661398,70.602,70.021,SOFT,2.0,Q2
MAG,Haas,2023,United States Grand Prix,COTA,5337.916050454483,20.0,0.0037467805433727,1.1569999999999965,1.6147500000000043,0.3294999999999959,2.2039999999999935,0.05,0.0,0.05,0.0,0.0,0.0,41.1,13.0,0,2,0.4795449852514533,0.9065658256417235,0.37067324124127227,230.0,3.0,Permanent-Fast,2,0.2686587400917814,0.4020650813516896,0.329276178556529,95.88,94.723,SOFT,2.0,Q2
MAG,Haas,2024,Abu Dhabi Grand Prix,Yas Marina,5333.449274375974,21.0,0.0039374144047628,1.0370000000000061,1.3535000000000004,0.13000000000000256,1.7154999999999916,0.05,0.0,0.05,0.266,0.196,0.0,30.2,64.0,0,1,0.4741120237924506,1.1814901132884046,0.59812193588988,10.0,2.0,Permanent-Medium,2,0.20606944710158792,0.4300626554428926,0.3638678974555194,83.632,82.595,SOFT,2.0,Q2
MAG,Haas,2024,Australian Grand Prix,Albert Park,4843.53245567963,14.0,0.0028904523977295,1.5120000000000005,1.3535000000000004,0.13000000000000256,1.5120000000000005,0.05,0.0,0.05,0.13200000000000003,0.11200000000000003,0.0,34.4,54.0,1,1,-0.12177618446144439,-0.7429799002383637,-0.6510272976721347,31.0,2.0,Street-Medium,2,0.345719193562969,0.22698800160150848,0.4272928048355225,77.427,75.915,SOFT,2.0,Q2
MAG,Haas,2024,Austrian Grand Prix,Red Bull Ring,3999.68196710701,10.0,0.0025001987863632,1.0330000000000013,1.3535000000000004,0.13000000000000256,2.2039999999999935,0.05,0.0,0.05,0.0,0.0,0.0,45.7,37.0,0,2,-1.148155635993153,-1.8426770508250885,-1.1166459125389459,700.0,2.0,Permanent-Fast,2,0.2507230630327329,0.44643212389245096,0.3028448130748159,65.347,64.314,SOFT,2.0,Q2
MAG,Haas,2024,Bahrain Grand Prix,Bahrain International,5006.652008539475,15.0,0.0029960140977275,1.36399999999999,1.3535000000000004,0.13000000000000256,1.7154999999999916,0.05,0.0,0.05,0.376,0.376,0.0,21.2,46.0,0,1,0.07662692066868529,-0.4680556125916825,-0.5250797315138804,35.0,2.0,Permanent-Medium,2,0.3190579814203184,0.43053607131416455,0.2504059472655171,90.529,89.165,SOFT,2.0,Q2
MAG,Haas,2024,Belgian Grand Prix,Spa-Francorchamps,6775.131165030146,19.0,0.0028043737511782,3.340999999999994,1.3535000000000004,0.13000000000000256,2.2039999999999935,1.65,1.5,0.15000000000000002,0.569,0.354,0.0,22.3,93.0,0,2,2.227636715963657,0.6316415379950423,-0.7537292817396346,300.0,2.0,Permanent-Fast,1,0.27837768240343347,0.4589527896995709,0.2626695278969957,116.5,113.159,INTERMEDIATE,4.0,Q1
MAG,Haas,2024,British Grand Prix,Silverstone,5729.156782444218,18.0,0.003141823602237,7.0859999999999985,1.3535000000000004,0.13000000000000256,2.2039999999999935,0.05,0.0,0.05,0.476,0.376,0.0,21.2,70.0,0,2,0.9554129895418016,0.3567172503483611,-0.3511117846537936,140.0,2.0,Permanent-Fast,1,0.3184650987567946,0.4030568860664119,0.2784780151767935,92.905,85.819,SOFT,2.0,Q1
MAG,Haas,2024,Canadian Grand Prix,Gilles Villeneuve,3927.405044134453,14.0,0.0035646947138566,1.1739999999999924,1.3535000000000004,0.13000000000000256,1.7154999999999916,0.15000000000000002,0.0,0.15000000000000002,3.7640000000000002,0.184,3.5,30.8,66.0,0,1,-1.2360664087705144,-0.7429799002383637,0.15342335743024896,22.0,2.0,Permanent-Medium,2,0.2801991332492183,0.317680618794229,0.40212024795655277,72.916,71.742,SOFT,4.0,Q2
MAG,Haas,2024,Chinese Grand Prix,Shanghai International,5161.238099433068,16.0,0.0031000313668453,1.8560000000000088,1.3535000000000004,0.13000000000000256,2.2039999999999935,0.05,0.0,0.05,0.13799999999999996,0.10799999999999997,0.0,34.6,56.0,0,2,0.2646507345248319,-0.1931313249450013,-0.4009748536645922,5.0,3.0,Permanent-Fast,1,0.2638720214414339,0.3024938230244148,0.43363415553415136,95.516,93.66,SOFT,2.0,Q1
MAG,Haas,2024,Dutch Grand Prix,Zandvoort,4259.0,14.0,0.0032871566095327,1.6219999999999999,1.3535000000000004,0.13000000000000256,1.7154999999999916,0.05,0.0,0.05,0.29100000000000004,0.20600000000000002,0.0,29.7,67.0,0,1,-0.8327458519410066,-0.7429799002383637,-0.1777123552044761,2.0,2.0,Permanent-Medium,2,0.3410898379970545,0.35911354232414616,0.29979661967879934,71.295,69.673,SOFT,2.0,Q2
MAG,Haas,2024,Emilia Romagna Grand Prix,Imola,4909.0,19.0,0.003870442045223,2.108000000000004,1.3535000000000004,0.13000000000000256,1.7154999999999916,0.2,0.0,0.2,0.0,0.0,0.0,42.9,41.0,0,1,-0.04214769204173995,0.6316415379950423,0.5182160070911476,37.0,1.0,Permanent-Medium,1,0.3145834959793895,0.346774403414266,0.3386421006063445,76.854,74.746,SOFT,5.0,Q1
MAG,Haas,2024,Hungarian Grand Prix,Hungaroring,4122.248439558155,14.0,0.0033962048152295,1.320999999999998,1.3535000000000004,0.13000000000000256,1.5499999999999972,0.1,0.0,0.1,3.723,0.17799999999999996,3.5,31.1,59.0,0,0,-0.9990774397082004,-0.7429799002383637,-0.04760497628108983,150.0,1.0,Permanent-Slow,2,0.36138109421539427,0.3565344620368919,0.28208444374771385,76.548,75.227,SOFT,3.0,Q2
MAG,Haas,2024,Italian Grand Prix,Monza,5261.551646812222,11.0,0.0020906380357711,1.3709999999999951,1.3535000000000004,0.13000000000000256,2.2039999999999935,0.2,0.0,0.2,0.0,0.0,0.0,49.3,37.0,0,2,0.38666258986472024,-1.5677527631784072,-1.6053002230701332,120.0,2.0,Permanent-Fast,2,0.327963518302808,0.3359067139210389,0.33612976777615305,80.698,79.327,SOFT,5.0,Q2
MAG,Haas,2024,Japanese Grand Prix,Suzuka,5650.500064177964,18.0,0.0031855587639248,1.9339999999999975,1.3535000000000004,0.13000000000000256,2.2039999999999935,0.05,0.0,0.05,0.29600000000000004,0.266,0.0,26.7,56.0,0,2,0.8597424407340858,0.3567172503483611,-0.29893057527368244,50.0,2.0,Permanent-Fast,1,0.3526644550709523,0.4491462426911939,0.19818930223785378,90.131,88.197,SOFT,2.0,Q1
MAG,Haas,2024,Las Vegas Grand Prix,Las Vegas,6353.0,14.0,0.0022036832992287,0.9849999999999994,1.3535000000000004,0.13000000000000256,1.4585000000000008,0.05,0.0,0.05,0.522,0.522,0.0,13.9,28.0,1,2,1.7141965277960156,-0.7429799002383637,-1.4704238825178961,600.0,2.0,Street-Fast,2,0.2823349089466971,0.33406218849480696,0.383602902558496,93.297,92.312,SOFT,2.0,Q2
MAG,Haas,2024,Mexico City Grand Prix,Hermanos Rodriguez,4309.0,17.0,0.0039452309120445,0.9399999999999977,1.3535000000000004,0.13000000000000256,1.7154999999999916,0.05,0.0,0.05,0.09400000000000006,0.09400000000000006,0.0,35.3,42.0,0,1,-0.7719306088718323,0.0817929627016799,0.6074479515566137,2240.0,2.0,Permanent-Medium,3,0.35634575865567203,0.385297713497906,0.258356527846422,76.886,75.946,SOFT,2.0,Q3
MAG,Haas,2024,Miami Grand Prix,Miami,5412.0,19.0,0.003510716925351,1.3780000000000001,1.3535000000000004,0.13000000000000256,1.5120000000000005,0.05,0.0,0.05,0.02,0.0,0.0,48.4,54.0,1,1,0.5696536532341541,0.6316415379950423,0.08902148545382091,3.0,3.0,Street-Medium,1,0.33299856689874635,0.38118236495559643,0.2858190681456573,88.619,87.241,SOFT,2.0,Q1
MAG,Haas,2024,Monaco Grand Prix,Monaco,2982.89347053333,19.0,0.0063696542259026,1.4549999999999983,1.3535000000000004,0.13000000000000256,1.5,0.05,0.0,0.05,0.065,0.0,0.0,43.8,63.0,1,0,-2.3848804273745277,0.6316415379950423,3.5000710878223424,10.0,1.0,Street-Slow,2,0.26239107703032416,0.47141164168699895,0.2661972812826769,71.725,70.27,SOFT,2.0,Q2
MAG,Haas,2024,Qatar Grand Prix,Losail,5380.0,16.0,0.0029739776951672,0.8670000000000044,1.3535000000000004,0.13000000000000256,1.7154999999999916,0.1,0.0,0.1,0.415,0.37,0.0,21.5,59.0,0,1,0.5307318976698825,-0.1931313249450013,-0.5513717604354108,20.0,2.0,Permanent-Medium,3,0.3704277095850689,0.33642965092705224,0.2931426394878789,81.387,80.52,SOFT,3.0,Q3
MAG,Haas,2024,Saudi Arabian Grand Prix,Jeddah,6174.0,27.0,0.0043731778425655,1.5480000000000018,1.3535000000000004,0.13000000000000256,1.4585000000000008,0.2,0.0,0.2,0.22299999999999998,0.18799999999999997,0.0,30.6,57.0,1,2,1.4964779576083713,2.8310358391684916,1.1180391446222482,15.0,3.0,Street-Fast,2,0.3652437654459672,0.31634464165356097,0.3184115929004718,89.02,87.472,SOFT,5.0,Q2
MAG,Haas,2024,Singapore Grand Prix,Marina Bay,4956.5492831458605,23.0,0.0046403250903221,1.1280000000000001,1.3535000000000004,0.13000000000000256,1.5,0.05,0.0,0.05,0.30299999999999994,0.15799999999999997,0.0,32.1,79.0,1,0,0.01568673220387009,1.731338688581767,1.436777339075894,10.0,1.0,Street-Slow,2,0.2966145632246037,0.42213716038079274,0.2812482763946036,90.653,89.525,SOFT,2.0,Q2
MAG,Haas,2024,Spanish Grand Prix,Barcelona-Catalunya,4348.990357163425,16.0,0.003679014825509,1.554000000000002,1.3535000000000004,0.13000000000000256,1.7154999999999916,0.05,0.0,0.05,0.15200000000000002,0.06200000000000003,0.0,36.9,68.0,0,1,-0.7232901430454965,-0.1931313249450013,0.28982074233246696,110.0,1.0,Permanent-Medium,1,0.29825740022210945,0.39993418978022127,0.30180840999766917,72.937,71.383,SOFT,2.0,Q1
MAG,Haas,2024,United States Grand Prix,COTA,5337.916050454483,20.0,0.0037467805433727,1.1440000000000055,1.3535000000000004,0.13000000000000256,2.2039999999999935,0.05,0.0,0.05,0.05,0.05,0.0,37.5,38.0,0,2,0.4795449852514533,0.9065658256417235,0.37067324124127227,230.0,3.0,Permanent-Fast,2,0.26955089115689923,0.40129875687356914,0.32915035196953163,93.474,92.33,SOFT,2.0,Q2
MAZ,Haas,2021,Abu Dhabi Grand Prix,Yas Marina,5333.449274375974,21.0,0.0039374144047628,3.5760000000000076,2.9534999999999947,0.25150000000000006,3.247,0.05,0.0,0.05,0.23950000000000002,0.21200000000000002,0.0,29.4,55.5,0,1,0.4741120237924506,1.1814901132884046,0.59812193588988,10.0,2.0,Permanent-Medium,1,0.20449320184396333,0.4302736768395869,0.3652331213164498,85.685,82.109,SOFT,2.0,Q1
MAZ,Haas,2021,Austrian Grand Prix,Red Bull Ring,3999.68196710701,10.0,0.0025001987863632,2.2309999999999945,2.9534999999999947,0.25150000000000006,3.362499999999997,0.05,0.0,0.05,0.0,0.0,0.0,52.8,26.5,0,2,-1.148155635993153,-1.8426770508250885,-1.1166459125389459,700.0,2.0,Permanent-Fast,1,0.2541129020030022,0.4445118345438279,0.3013752634531698,65.951,63.72,SOFT,2.0,Q1
MAZ,Haas,2021,Azerbaijan Grand Prix,Baku City,4978.250124294395,20.0,0.0040174759203837,3.019999999999996,2.9534999999999947,0.25150000000000006,2.9909999999999997,0.05,0.0,0.05,0.0,0.0,0.0,47.8,47.7,1,2,0.042081570788943895,0.9065658256417235,0.6936447726344993,28.0,2.0,Street-Fast,1,0.34648592643757553,0.40242521920988505,0.25108885435253936,104.238,101.218,SOFT,2.0,Q1
MAZ,Haas,2021,Bahrain Grand Prix,Bahrain International,5006.652008539475,15.0,0.0029960140977275,4.275999999999996,2.9534999999999947,0.25150000000000006,3.247,0.05,0.0,0.05,0.10400000000000006,0.10400000000000006,0.0,34.8,42.1,0,1,0.07662692066868529,-0.4680556125916825,-0.5250797315138804,35.0,2.0,Permanent-Medium,1,0.31465697468720855,0.43304064413067017,0.25230238118212134,93.273,88.997,SOFT,2.0,Q1
MAZ,Haas,2021,Belgian Grand Prix,Spa-Francorchamps,6775.131165030146,19.0,0.0028043737511782,8.913999999999987,2.9534999999999947,0.25150000000000006,3.362499999999997,1.55,1.5,0.05,0.6345,0.424,0.0,18.8,92.1,0,2,2.227636715963657,0.6316415379950423,-0.7537292817396346,300.0,2.0,Permanent-Fast,1,0.2784558864725986,0.46039267162375236,0.261151441903649,124.939,116.025,INTERMEDIATE,2.0,Q1
MAZ,Haas,2021,British Grand Prix,Silverstone,5729.156782444218,18.0,0.003141823602237,3.028000000000006,2.9534999999999947,0.25150000000000006,3.362499999999997,0.05,0.0,0.05,0.021499999999999988,0.0,0.0,40.0,54.3,0,2,0.9554129895418016,0.3567172503483611,-0.3511117846537936,140.0,2.0,Permanent-Fast,1,0.3160548449764741,0.4097202726527495,0.2742248823707763,89.051,86.023,SOFT,2.0,Q1
MAZ,Haas,2021,Dutch Grand Prix,Zandvoort,4259.0,14.0,0.0032871566095327,2.989999999999995,2.9534999999999947,0.25150000000000006,3.247,0.05,0.0,0.05,0.13700000000000007,0.08400000000000006,0.0,35.8,60.6,0,1,-0.8327458519410066,-0.7429799002383637,-0.1777123552044761,2.0,2.0,Permanent-Medium,1,0.34917565217391305,0.34249739130434786,0.30832695652173914,71.875,68.885,SOFT,2.0,Q1
MAZ,Haas,2021,Emilia Romagna Grand Prix,Imola,4909.0,19.0,0.003870442045223,2.3859999999999957,2.9534999999999947,0.25150000000000006,3.247,0.05,0.0,0.05,0.24600000000000002,0.24600000000000002,0.0,27.7,44.9,0,1,-0.04214769204173995,0.6316415379950423,0.5182160070911476,37.0,1.0,Permanent-Medium,1,0.318944750445981,0.3427086995585765,0.33834654999544256,76.797,74.411,SOFT,2.0,Q1
MAZ,Haas,2021,French Grand Prix,Paul Ricard,5247.8799638259,15.0,0.0028582970844219,3.564000000000007,2.9534999999999947,0.25150000000000006,3.362499999999997,0.05,0.0,0.05,0.0,0.0,0.0,45.1,45.0,0,2,0.37003365538516214,-0.4680556125916825,-0.6893923813172924,40.0,3.0,Permanent-Fast,1,0.2524851957158432,0.3012377878016974,0.4462770164824593,93.554,89.99,SOFT,2.0,Q1
MAZ,Haas,2021,Hungarian Grand Prix,Hungaroring,4122.248439558155,14.0,0.0033962048152295,3.503,2.9534999999999947,0.25150000000000006,3.503,0.05,0.0,0.05,0.0,0.0,0.0,60.8,47.1,0,0,-0.9990774397082004,-0.7429799002383637,-0.04760497628108983,150.0,1.0,Permanent-Slow,1,0.3577963052127417,0.355249486835103,0.28695420795215526,78.922,75.419,SOFT,2.0,Q1
MAZ,Haas,2021,Italian Grand Prix,Monza,5261.551646812222,11.0,0.0020906380357711,3.160999999999987,2.9534999999999947,0.25150000000000006,3.362499999999997,0.05,0.0,0.05,0.15599999999999994,0.15599999999999994,0.0,32.2,43.5,0,2,0.38666258986472024,-1.5677527631784072,-1.6053002230701332,120.0,2.0,Permanent-Fast,1,0.32945258474781175,0.33804826152135015,0.332499153730838,82.716,79.555,SOFT,2.0,Q1
MAZ,Haas,2021,Mexico City Grand Prix,Hermanos Rodriguez,4309.0,17.0,0.0039452309120445,3.4279999999999973,2.9534999999999947,0.25150000000000006,3.247,0.05,0.0,0.05,0.0,0.0,0.0,45.6,19.9,0,1,-0.7719306088718323,0.0817929627016799,0.6074479515566137,2240.0,2.0,Permanent-Medium,1,0.35160082216309596,0.38775330063175417,0.2606458772051499,79.303,75.875,SOFT,2.0,Q1
MAZ,Haas,2021,Monaco Grand Prix,Monaco,2982.89347053333,19.0,0.0063696542259026,2.6119999999999948,2.9534999999999947,0.25150000000000006,2.6119999999999948,0.25,0.0,0.25,0.24099999999999994,0.14599999999999994,0.0,32.7,69.0,1,0,-2.3848804273745277,0.6316415379950423,3.5000710878223424,10.0,1.0,Street-Slow,1,0.26593382494037665,0.4676526220565257,0.2664135530030977,72.958,70.346,SOFT,6.0,Q1
MAZ,Haas,2021,Portuguese Grand Prix,Portimao,4653.0,15.0,0.0032237266279819,2.9440000000000026,2.9534999999999947,0.25150000000000006,3.247,0.15000000000000002,0.0,0.15000000000000002,0.014000000000000058,0.014000000000000058,0.0,39.3,41.0,0,1,-0.3535217365559127,-0.4680556125916825,-0.25339180900199537,90.0,1.0,Permanent-Medium,1,0.2886716432667589,0.38245254103223253,0.3288758157010085,80.912,77.968,SOFT,4.0,Q1
MAZ,Haas,2021,Qatar Grand Prix,Losail,5380.0,16.0,0.0029739776951672,5.0319999999999965,2.9534999999999947,0.25150000000000006,3.247,0.05,0.0,0.05,0.2875,0.21,0.0,29.5,65.5,0,1,0.5307318976698825,-0.1931313249450013,-0.5513717604354108,20.0,2.0,Permanent-Medium,1,0.32940052877392,0.3343854459054962,0.3362140253205837,85.859,80.827,SOFT,2.0,Q1
MAZ,Haas,2021,Russian Grand Prix,Sochi Autodrom,5760.2985642132535,18.0,0.0031248380269432,11.771,2.9534999999999947,0.25150000000000006,3.247,1.6,1.5,0.1,4.1165,0.47200000000000003,3.5,16.4,78.9,0,1,0.993290890099623,0.3567172503483611,-0.37137758056360215,5.0,2.0,Permanent-Medium,1,0.3508315460075243,0.3415228015892549,0.30764565240322067,113.764,101.993,INTERMEDIATE,3.0,Q1
MAZ,Haas,2021,Saudi Arabian Grand Prix,Jeddah,6174.0,27.0,0.0043731778425655,2.9620000000000033,2.9534999999999947,0.25150000000000006,2.9909999999999997,0.05,0.0,0.05,0.274,0.17,0.0,31.5,70.8,1,2,1.4964779576083713,2.8310358391684916,1.1180391446222482,15.0,3.0,Street-Fast,1,0.3684414134603694,0.318315961668122,0.3132426248715086,90.473,87.511,SOFT,2.0,Q1
MAZ,Haas,2021,Spanish Grand Prix,Barcelona-Catalunya,4348.990357163425,16.0,0.003679014825509,3.0660000000000025,2.9534999999999947,0.25150000000000006,3.247,0.05,0.0,0.05,0.0,0.0,0.0,44.5,48.7,0,1,-0.7232901430454965,-0.1931313249450013,0.28982074233246696,110.0,1.0,Permanent-Medium,1,0.27857205508288746,0.376357963587154,0.34506998132995853,79.807,76.741,SOFT,2.0,Q1
MAZ,Haas,2021,Styrian Grand Prix,Red Bull Ring,3999.68196710701,10.0,0.0025001987863632,2.350999999999992,2.9534999999999947,0.25150000000000006,3.362499999999997,0.05,0.0,0.05,0.0,0.0,0.0,52.0,27.9,0,2,-1.148155635993153,-1.8426770508250885,-1.1166459125389459,700.0,2.0,Permanent-Fast,1,0.2532481266618322,0.4427574329224075,0.3039944404157602,66.192,63.841,SOFT,2.0,Q1
MAZ,Haas,2021,São Paulo Grand Prix,Interlagos,4309.0,15.0,0.0034810860988628,2.655000000000001,2.9534999999999947,0.25150000000000006,3.247,0.05,0.0,0.05,0.42799999999999994,0.284,0.0,25.8,78.8,0,1,-0.7719306088718323,-0.4680556125916825,0.05366841251622112,800.0,2.0,Permanent-Medium,1,0.2582697020782275,0.5075153352505348,0.23421496267123776,70.589,67.934,SOFT,2.0,Q1
MAZ,Haas,2021,Turkish Grand Prix,Istanbul Park,5338.0,14.0,0.0026227051330086,5.581000000000003,2.9534999999999947,0.25150000000000006,3.362499999999997,0.1,0.0,0.1,4.016,0.36200000000000004,3.5,21.9,80.8,0,2,0.47964709349177603,-0.7429799002383637,-0.9704813831763092,130.0,1.0,Permanent-Fast,1,0.3858833904283825,0.3441305158905132,0.2699860936811044,88.449,82.868,SOFT,3.0,Q1
MAZ,Haas,2021,United States Grand Prix,COTA,5337.916050454483,20.0,0.0037467805433727,3.88600000000001,2.9534999999999947,0.25150000000000006,3.362499999999997,0.05,0.0,0.05,0.0715,0.05,0.0,37.5,54.3,0,2,0.4795449852514533,0.9065658256417235,0.37067324124127227,230.0,3.0,Permanent-Fast,1,0.26711847597008137,0.39993388156535387,0.3329476424645646,96.796,92.91,SOFT,2.0,Q1
MSC,Haas,2021,Abu Dhabi Grand Prix,Yas Marina,5333.449274375974,21.0,0.0039374144047628,2.7970000000000113,2.9534999999999947,-0.2604999999999933,2.4394999999999953,0.05,0.0,0.05,0.23950000000000002,0.21200000000000002,0.0,29.4,55.5,0,1,0.4741120237924506,1.1814901132884046,0.59812193588988,10.0,2.0,Permanent-Medium,1,0.20515629048594916,0.4280027324335147,0.3668409770805361,84.906,82.109,SOFT,2.0,Q1
MSC,Haas,2021,Austrian Grand Prix,Red Bull Ring,3999.68196710701,10.0,0.0025001987863632,1.7070000000000078,2.9534999999999947,-0.2604999999999933,2.7150000000000034,0.05,0.0,0.05,0.0,0.0,0.0,52.8,26.5,0,2,-1.148155635993153,-1.8426770508250885,-1.1166459125389459,700.0,2.0,Permanent-Fast,1,0.25214361043605854,0.44605438121876295,0.3018020083451786,65.427,63.72,SOFT,2.0,Q1
MSC,Haas,2021,Azerbaijan Grand Prix,Baku City,4978.250124294395,20.0,0.0040174759203837,2.9399999999999977,2.9534999999999947,-0.2604999999999933,2.4465000000000003,0.15000000000000002,0.0,0.15000000000000002,0.0,0.0,0.0,46.6,49.4,1,2,0.042081570788943895,0.9065658256417235,0.6936447726344993,28.0,2.0,Street-Fast,1,0.350832389254786,0.40365598417788356,0.2455116265673304,104.158,101.218,SOFT,4.0,Q1
MSC,Haas,2021,Bahrain Grand Prix,Bahrain International,5006.652008539475,15.0,0.0029960140977275,3.451999999999998,2.9534999999999947,-0.2604999999999933,2.4394999999999953,0.05,0.0,0.05,0.11400000000000006,0.11400000000000006,0.0,34.3,42.5,0,1,0.07662692066868529,-0.4680556125916825,-0.5250797315138804,35.0,2.0,Permanent-Medium,1,0.3168774134928447,0.43178401064370625,0.25133857586344904,92.449,88.997,SOFT,2.0,Q1
MSC,Haas,2021,Belgian Grand Prix,Spa-Francorchamps,6775.131165030146,19.0,0.0028043737511782,7.947999999999993,2.9534999999999947,-0.2604999999999933,2.7150000000000034,1.65,1.5,0.15000000000000002,0.645,0.43,0.0,18.5,93.0,0,2,2.227636715963657,0.6316415379950423,-0.7537292817396346,300.0,2.0,Permanent-Fast,1,0.27276100441225104,0.4642946448016907,0.26294435078605827,123.973,116.025,INTERMEDIATE,4.0,Q1
MSC,Haas,2021,British Grand Prix,Silverstone,5729.156782444218,18.0,0.003141823602237,2.7150000000000034,2.9534999999999947,-0.2604999999999933,2.7150000000000034,0.05,0.0,0.05,0.021499999999999988,0.0,0.0,40.0,54.3,0,2,0.9554129895418016,0.3567172503483611,-0.3511117846537936,140.0,2.0,Permanent-Fast,1,0.31838671144267394,0.4077283689062183,0.2738849196511077,88.738,86.023,SOFT,2.0,Q1
MSC,Haas,2021,Dutch Grand Prix,Zandvoort,4259.0,14.0,0.0032871566095327,2.5019999999999953,2.9534999999999947,-0.2604999999999933,2.4394999999999953,0.05,0.0,0.05,0.13700000000000007,0.08400000000000006,0.0,35.8,60.6,0,1,-0.8327458519410066,-0.7429799002383637,-0.1777123552044761,2.0,2.0,Permanent-Medium,1,0.34744421253169344,0.34391415803997927,0.3086416294283273,71.387,68.885,SOFT,2.0,Q1
MSC,Haas,2021,Emilia Romagna Grand Prix,Imola,4909.0,19.0,0.003870442045223,1.867999999999995,2.9534999999999947,-0.2604999999999933,2.4394999999999953,0.15000000000000002,0.0,0.15000000000000002,0.34,0.34,0.0,23.0,40.5,0,1,-0.04214769204173995,0.6316415379950423,0.5182160070911476,37.0,1.0,Permanent-Medium,1,0.31938017016478976,0.34508842538575496,0.33553140444945534,76.279,74.411,SOFT,4.0,Q1
MSC,Haas,2021,French Grand Prix,Paul Ricard,5247.8799638259,15.0,0.0028582970844219,2.951999999999998,2.9534999999999947,-0.2604999999999933,2.7150000000000034,0.05,0.0,0.05,0.0,0.0,0.0,45.1,45.0,0,2,0.37003365538516214,-0.4680556125916825,-0.6893923813172924,40.0,3.0,Permanent-Fast,2,0.2511028383292806,0.2998751909793204,0.4490219706913989,92.942,89.99,SOFT,2.0,Q2
MSC,Haas,2021,Italian Grand Prix,Monza,5261.551646812222,11.0,0.0020906380357711,2.692999999999998,2.9534999999999947,-0.2604999999999933,2.7150000000000034,0.05,0.0,0.05,0.15599999999999994,0.15599999999999994,0.0,32.2,43.5,0,2,0.38666258986472024,-1.5677527631784072,-1.6053002230701332,120.0,2.0,Permanent-Fast,1,0.3310110884155238,0.33428168466102515,0.334707226923451,82.248,79.555,SOFT,2.0,Q1
MSC,Haas,2021,Mexico City Grand Prix,Hermanos Rodriguez,4309.0,17.0,0.0039452309120445,2.983000000000004,2.9534999999999947,-0.2604999999999933,2.4394999999999953,0.05,0.0,0.05,0.0,0.0,0.0,45.5,20.0,0,1,-0.7719306088718323,0.0817929627016799,0.6074479515566137,2240.0,2.0,Permanent-Medium,1,0.3524689949022293,0.38716426995358744,0.2603667351441832,78.858,75.875,SOFT,2.0,Q1
MSC,Haas,2021,Portuguese Grand Prix,Portimao,4653.0,15.0,0.0032237266279819,2.4839999999999947,2.9534999999999947,-0.2604999999999933,2.4394999999999953,0.1,0.0,0.1,0.024000000000000056,0.024000000000000056,0.0,38.8,38.8,0,1,-0.3535217365559127,-0.4680556125916825,-0.25339180900199537,90.0,1.0,Permanent-Medium,1,0.2897876994978372,0.3829364092875255,0.3272758912146373,80.452,77.968,SOFT,3.0,Q1
MSC,Haas,2021,Qatar Grand Prix,Losail,5380.0,16.0,0.0029739776951672,2.5799999999999983,2.9534999999999947,-0.2604999999999933,2.4394999999999953,0.05,0.0,0.05,0.2875,0.21,0.0,29.5,65.5,0,1,0.5307318976698825,-0.1931313249450013,-0.5513717604354108,20.0,2.0,Permanent-Medium,1,0.32773028642679874,0.3356432913304639,0.3366264222427375,83.407,80.827,SOFT,2.0,Q1
MSC,Haas,2021,Russian Grand Prix,Sochi Autodrom,5760.2985642132535,18.0,0.0031248380269432,7.837000000000003,2.9534999999999947,-0.2604999999999933,2.4394999999999953,1.7,1.5,0.2,4.1165,0.47200000000000003,3.5,16.4,78.9,0,1,0.993290890099623,0.3567172503483611,-0.37137758056360215,5.0,2.0,Permanent-Medium,1,0.34811071656195935,0.3459255212601293,0.3059637621779113,109.83,101.993,INTERMEDIATE,5.0,Q1
MSC,Haas,2021,Saudi Arabian Grand Prix,Jeddah,6174.0,27.0,0.0043731778425655,1.953000000000003,2.9534999999999947,-0.2604999999999933,2.4465000000000003,0.05,0.0,0.05,0.281,0.174,0.0,31.3,71.4,1,2,1.4964779576083713,2.8310358391684916,1.1180391446222482,15.0,3.0,Street-Fast,1,0.3636211213448985,0.32072118393990884,0.31565769471519267,89.464,87.511,SOFT,2.0,Q1
MSC,Haas,2021,Spanish Grand Prix,Barcelona-Catalunya,4348.990357163425,16.0,0.003679014825509,2.3760000000000048,2.9534999999999947,-0.2604999999999933,2.4394999999999953,0.05,0.0,0.05,0.0,0.0,0.0,44.5,48.7,0,1,-0.7232901430454965,-0.1931313249450013,0.28982074233246696,110.0,1.0,Permanent-Medium,1,0.2806223694022777,0.3741800118811381,0.34519761871658433,79.117,76.741,SOFT,2.0,Q1
MSC,Haas,2021,Styrian Grand Prix,Red Bull Ring,3999.68196710701,10.0,0.0025001987863632,2.1999999999999957,2.9534999999999947,-0.2604999999999933,2.7150000000000034,0.05,0.0,0.05,0.0,0.0,0.0,55.3,29.5,0,2,-1.148155635993153,-1.8426770508250885,-1.1166459125389459,700.0,2.0,Permanent-Fast,1,0.25170727275480387,0.44405747944458746,0.30423524780060873,66.041,63.841,SOFT,2.0,Q1
MSC,Haas,2021,São Paulo Grand Prix,Interlagos,4309.0,15.0,0.0034810860988628,2.394999999999996,2.9534999999999947,-0.2604999999999933,2.4394999999999953,0.05,0.0,0.05,0.42799999999999994,0.284,0.0,25.8,78.8,0,1,-0.7719306088718323,-0.4680556125916825,0.05366841251622112,800.0,2.0,Permanent-Medium,1,0.25549915397631134,0.5097043893699611,0.23479645665372748,70.329,67.934,SOFT,2.0,Q1
MSC,Haas,2021,Turkish Grand Prix,Istanbul Park,5338.0,14.0,0.0026227051330086,2.332000000000008,2.9534999999999947,-0.2604999999999933,2.7150000000000034,0.25,0.0,0.25,0.5,0.35000000000000003,0.0,22.5,80.0,0,2,0.47964709349177603,-0.7429799002383637,-0.9704813831763092,130.0,1.0,Permanent-Fast,2,0.3751995305164319,0.35132629107981217,0.2734741784037559,85.2,82.868,SOFT,6.0,Q2
MSC,Haas,2021,United States Grand Prix,COTA,5337.916050454483,20.0,0.0037467805433727,3.5889999999999986,2.9534999999999947,-0.2604999999999933,2.7150000000000034,0.05,0.0,0.05,0.10249999999999997,0.07799999999999997,0.0,36.1,54.9,0,2,0.4795449852514533,0.9065658256417235,0.37067324124127227,230.0,3.0,Permanent-Fast,1,0.26837583809158644,0.3993098374076416,0.33231432450077203,96.499,92.91,SOFT,2.0,Q1
MSC,Haas,2022,Abu Dhabi Grand Prix,Yas Marina,5333.449274375974,21.0,0.0039374144047628,1.4009999999999962,1.925499999999996,0.17824999999999847,2.4394999999999953,0.05,0.0,0.05,0.243,0.13799999999999998,0.0,33.1,71.0,0,1,0.4741120237924506,1.1814901132884046,0.59812193588988,10.0,2.0,Permanent-Medium,2,0.20576122029920801,0.4284306248166618,0.36580815488413027,85.225,83.824,SOFT,2.0,Q2
MSC,Haas,2022,Australian Grand Prix,Albert Park,4843.53245567963,14.0,0.0028904523977295,2.236000000000004,1.925499999999996,0.17824999999999847,1.9314999999999998,0.05,0.0,0.05,0.21,0.19,0.0,30.5,54.0,1,1,-0.12177618446144439,-0.7429799002383637,-0.6510272976721347,31.0,2.0,Street-Medium,2,0.3414561070608209,0.22811594926595427,0.4304279436732248,80.104,77.868,SOFT,2.0,Q2
MSC,Haas,2022,Austrian Grand Prix,Red Bull Ring,3999.68196710701,10.0,0.0025001987863632,1.027000000000001,1.925499999999996,0.17824999999999847,2.7150000000000034,0.1,0.0,0.1,0.13599999999999995,0.13599999999999995,0.0,33.2,35.0,0,2,-1.148155635993153,-1.8426770508250885,-1.1166459125389459,700.0,2.0,Permanent-Fast,3,0.25277605247610246,0.4406992773931618,0.3065246701307358,66.011,64.984,SOFT,3.0,Q3
MSC,Haas,2022,Azerbaijan Grand Prix,Baku City,4978.250124294395,20.0,0.0040174759203837,4.416000000000011,1.925499999999996,0.17824999999999847,2.4465000000000003,0.05,0.0,0.05,0.15299999999999997,0.057999999999999975,0.0,37.1,69.0,1,2,0.042081570788943895,0.9065658256417235,0.6936447726344993,28.0,2.0,Street-Fast,1,0.35173717797211057,0.4082533679981092,0.2400094540297802,105.775,101.359,SOFT,2.0,Q1
MSC,Haas,2022,Bahrain Grand Prix,Bahrain International,5006.652008539475,15.0,0.0029960140977275,1.4399999999999977,1.925499999999996,0.17824999999999847,2.4394999999999953,0.05,0.0,0.05,0.32100000000000006,0.29600000000000004,0.0,25.2,55.0,0,1,0.07662692066868529,-0.4680556125916825,-0.5250797315138804,35.0,2.0,Permanent-Medium,2,0.32107219722167873,0.4285962738320398,0.25033152894628147,91.998,90.558,SOFT,2.0,Q2
MSC,Haas,2022,Belgian Grand Prix,Spa-Francorchamps,6775.131165030146,19.0,0.0028043737511782,2.6769999999999925,1.925499999999996,0.17824999999999847,2.7150000000000034,0.05,0.0,0.05,0.5650000000000001,0.39,0.0,20.5,85.0,0,2,2.227636715963657,0.6316415379950423,-0.7537292817396346,300.0,2.0,Permanent-Fast,2,0.29273476143010285,0.4286547177972955,0.2786105207726016,106.342,103.665,SOFT,2.0,Q2
MSC,Haas,2022,British Grand Prix,Silverstone,5729.156782444218,18.0,0.003141823602237,3.5789999999999935,1.925499999999996,0.17824999999999847,2.7150000000000034,1.6,1.5,0.1,0.5800000000000001,0.39,0.0,20.5,88.0,0,2,0.9554129895418016,0.3567172503483611,-0.3511117846537936,140.0,2.0,Permanent-Fast,1,0.31351988160610667,0.4075339798263037,0.27894613856758965,102.708,99.129,INTERMEDIATE,3.0,Q1
MSC,Haas,2022,Canadian Grand Prix,Gilles Villeneuve,3927.405044134453,14.0,0.0035646947138566,2.056999999999988,1.925499999999996,0.17824999999999847,2.4394999999999953,1.65,1.5,0.15000000000000002,0.498,0.438,0.0,18.1,62.0,0,1,-1.2360664087705144,-0.7429799002383637,0.15342335743024896,22.0,2.0,Permanent-Medium,3,0.28969720236095786,0.31791352752051444,0.39238927011852776,83.356,81.299,INTERMEDIATE,4.0,Q3
MSC,Haas,2022,Dutch Grand Prix,Zandvoort,4259.0,14.0,0.0032871566095327,1.078000000000003,1.925499999999996,0.17824999999999847,2.4394999999999953,0.05,0.0,0.05,0.012000000000000028,0.012000000000000028,0.0,39.4,30.0,0,1,-0.8327458519410066,-0.7429799002383637,-0.1777123552044761,2.0,2.0,Permanent-Medium,3,0.34257910949313913,0.3516802016241949,0.30574068888266587,71.42,70.342,SOFT,2.0,Q3
MSC,Haas,2022,Emilia Romagna Grand Prix,Imola,4909.0,19.0,0.003870442045223,1.6289999999999907,1.925499999999996,0.17824999999999847,2.4394999999999953,0.35000000000000003,0.0,0.35000000000000003,0.676,0.506,0.0,14.7,84.0,0,1,-0.04214769204173995,0.6316415379950423,0.5182160070911476,37.0,1.0,Permanent-Medium,2,0.32489865957076425,0.3404043669642635,0.3346969734649723,80.422,78.793,SOFT,8.0,Q2
MSC,Haas,2022,French Grand Prix,Paul Ricard,5247.8799638259,15.0,0.0028582970844219,2.8289999999999935,1.925499999999996,0.17824999999999847,2.7150000000000034,0.2,0.0,0.2,0.0,0.0,0.0,54.7,46.0,0,2,0.37003365538516214,-0.4680556125916825,-0.6893923813172924,40.0,3.0,Permanent-Fast,1,0.25107522865284254,0.3052582149603526,0.44366655638680486,93.701,90.872,SOFT,5.0,Q1
MSC,Haas,2022,Hungarian Grand Prix,Hungaroring,4122.248439558155,14.0,0.0033962048152295,1.7870000000000061,1.925499999999996,0.17824999999999847,1.7870000000000061,0.05,0.0,0.05,0.277,0.18200000000000002,0.0,30.9,69.0,0,0,-0.9990774397082004,-0.7429799002383637,-0.04760497628108983,150.0,1.0,Permanent-Slow,2,0.36114900712445047,0.3584836541862463,0.2803673386893032,79.164,77.377,SOFT,2.0,Q2
MSC,Haas,2022,Italian Grand Prix,Monza,5261.551646812222,11.0,0.0020906380357711,2.843999999999994,1.925499999999996,0.17824999999999847,2.7150000000000034,0.05,0.0,0.05,0.0,0.0,0.0,40.7,35.0,0,2,0.38666258986472024,-1.5677527631784072,-1.6053002230701332,120.0,2.0,Permanent-Fast,1,0.3353412445033431,0.3321245708089874,0.3325341846876694,83.005,80.161,SOFT,2.0,Q1
MSC,Haas,2022,Japanese Grand Prix,Suzuka,5650.500064177964,18.0,0.0031855587639248,1.847999999999999,1.925499999999996,0.17824999999999847,2.7150000000000034,0.05,0.0,0.05,0.30100000000000005,0.266,0.0,26.7,57.0,0,2,0.8597424407340858,0.3567172503483611,-0.29893057527368244,50.0,2.0,Permanent-Fast,2,0.3482644374232052,0.45069773565034227,0.2010378269264525,91.152,89.304,SOFT,2.0,Q2
MSC,Haas,2022,Mexico City Grand Prix,Hermanos Rodriguez,4309.0,17.0,0.0039452309120445,2.6439999999999912,1.925499999999996,0.17824999999999847,2.4394999999999953,0.15000000000000002,0.0,0.15000000000000002,0.0,0.0,0.0,49.4,36.0,0,1,-0.7719306088718323,0.0817929627016799,0.6074479515566137,2240.0,2.0,Permanent-Medium,1,0.3486489511185168,0.3919969161516557,0.25935413272982755,80.419,77.775,SOFT,4.0,Q1
MSC,Haas,2022,Miami Grand Prix,Miami,5412.0,19.0,0.003510716925351,1.6269999999999953,1.925499999999996,0.17824999999999847,1.9314999999999998,0.25,0.0,0.25,0.0,0.0,0.0,50.3,41.0,1,1,0.5696536532341541,0.6316415379950423,0.08902148545382091,3.0,3.0,Street-Medium,2,0.33226059741437464,0.3818939871492872,0.2858454154363381,90.423,88.796,SOFT,6.0,Q2
MSC,Haas,2022,Monaco Grand Prix,Monaco,2982.89347053333,19.0,0.0063696542259026,1.7049999999999983,1.925499999999996,0.17824999999999847,3.3314999999999984,0.1,0.0,0.1,0.0,0.0,0.0,51.5,45.0,1,0,-2.3848804273745277,0.6316415379950423,3.5000710878223424,10.0,1.0,Street-Slow,2,0.2640494793448366,0.47061479727973077,0.26533572337543276,73.081,71.376,SOFT,3.0,Q2
MSC,Haas,2022,Saudi Arabian Grand Prix,Jeddah,6174.0,27.0,0.0043731778425655,1.7199999999999989,1.925499999999996,0.17824999999999847,2.4465000000000003,0.25,0.0,0.25,0.32999999999999996,0.29,0.0,25.5,58.0,1,2,1.4964779576083713,2.8310358391684916,1.1180391446222482,15.0,3.0,Street-Fast,2,0.3660364768683274,0.319895462633452,0.3140680604982206,89.92,88.2,SOFT,6.0,Q2
MSC,Haas,2022,Singapore Grand Prix,Marina Bay,4956.5492831458605,23.0,0.0046403250903221,4.957999999999998,1.925499999999996,0.17824999999999847,3.3314999999999984,1.55,1.5,0.05,0.4,0.24,0.0,28.0,82.0,1,0,0.01568673220387009,1.731338688581767,1.436777339075894,10.0,1.0,Street-Slow,2,0.2631896476348693,0.38892192008393817,0.3478884322811926,114.37,109.412,INTERMEDIATE,2.0,Q2
MSC,Haas,2022,Spanish Grand Prix,Barcelona-Catalunya,4348.990357163425,16.0,0.003679014825509,1.617999999999995,1.925499999999996,0.17824999999999847,2.4394999999999953,0.05,0.0,0.05,0.0,0.0,0.0,46.5,18.0,0,1,-0.7232901430454965,-0.1931313249450013,0.28982074233246696,110.0,1.0,Permanent-Medium,3,0.2771625522596058,0.3758336651403544,0.34700378260003983,80.368,78.75,SOFT,2.0,Q3
MSC,Haas,2022,São Paulo Grand Prix,Interlagos,4309.0,15.0,0.0034810860988628,5.480000000000004,1.925499999999996,0.17824999999999847,2.4394999999999953,0.1,0.0,0.1,0.476,0.256,0.0,27.2,94.0,0,1,-0.7719306088718323,-0.4680556125916825,0.05366841251622112,800.0,2.0,Permanent-Medium,1,0.25238014169536804,0.5095009232461597,0.2381189350584723,76.361,70.881,SOFT,3.0,Q1
MSC,Haas,2022,United States Grand Prix,COTA,5337.916050454483,20.0,0.0037467805433727,2.7550000000000097,1.925499999999996,0.17824999999999847,2.7150000000000034,0.2,0.0,0.2,0.06200000000000003,0.06200000000000003,0.0,36.9,36.0,0,2,0.4795449852514533,0.9065658256417235,0.37067324124127227,230.0,3.0,Permanent-Fast,1,0.2707726210213055,0.4017258600982381,0.32750151888045637,97.111,94.356,SOFT,5.0,Q1
NOR,McLaren,2019,Abu Dhabi Grand Prix,Yas Marina,5333.449274375974,21.0,0.0039374144047628,1.6570000000000107,1.4045000000000059,0.039500000000003865,0.9069999999999965,0.05,0.0,0.05,0.32050000000000006,0.23600000000000002,0.0,28.2,66.9,0,1,0.4741120237924506,1.1814901132884046,0.59812193588988,10.0,2.0,Permanent-Medium,3,0.17748558629557426,0.4260442158530009,0.3964701978514248,96.436,94.779,SOFT,2.0,Q3
NOR,McLaren,2019,Australian Grand Prix,Albert Park,4843.53245567963,14.0,0.0028904523977295,1.8179999999999978,1.4045000000000059,0.039500000000003865,0.8379999999999939,0.05,0.0,0.05,0.1925,0.1,0.0,35.0,68.5,1,1,-0.12177618446144439,-0.7429799002383637,-0.6510272976721347,31.0,2.0,Street-Medium,3,0.3310410186625194,0.2713355365474339,0.39762344479004663,82.304,80.486,SOFT,2.0,Q3
NOR,McLaren,2019,Austrian Grand Prix,Red Bull Ring,3999.68196710701,10.0,0.0025001987863632,1.0960000000000036,1.4045000000000059,0.039500000000003865,1.0359999999999943,0.05,0.0,0.05,0.0,0.0,0.0,50.0,25.9,0,2,-1.148155635993153,-1.8426770508250885,-1.1166459125389459,700.0,2.0,Permanent-Fast,3,0.2531864771681306,0.4428462222499572,0.30396730058191246,64.099,63.003,SOFT,2.0,Q3
NOR,McLaren,2019,Azerbaijan Grand Prix,Baku City,4978.250124294395,20.0,0.0040174759203837,1.3909999999999911,1.4045000000000059,0.039500000000003865,1.3909999999999911,0.05,0.0,0.05,0.4115,0.26799999999999996,0.0,26.6,78.7,1,2,0.042081570788943895,0.9065658256417235,0.6936447726344993,28.0,2.0,Street-Fast,3,0.35098050762617045,0.40295035628054887,0.24606913609328074,101.886,100.495,SOFT,2.0,Q3
NOR,McLaren,2019,Bahrain Grand Prix,Bahrain International,5006.652008539475,15.0,0.0029960140977275,1.1770000000000067,1.4045000000000059,0.039500000000003865,0.9069999999999965,0.05,0.0,0.05,0.27799999999999997,0.244,0.0,27.8,56.8,0,1,0.07662692066868529,-0.4680556125916825,-0.5250797315138804,35.0,2.0,Permanent-Medium,3,0.3168244556001033,0.43140954370360385,0.2517660006962928,89.043,87.866,SOFT,2.0,Q3
NOR,McLaren,2019,Belgian Grand Prix,Spa-Francorchamps,6775.131165030146,19.0,0.0028043737511782,2.3279999999999887,1.4045000000000059,0.039500000000003865,1.0359999999999943,0.05,0.0,0.05,0.0,0.0,0.0,41.0,35.4,0,2,2.227636715963657,0.6316415379950423,-0.7537292817396346,300.0,2.0,Permanent-Fast,2,0.2929983690520473,0.43359371274333075,0.273407918204622,104.847,102.519,SOFT,2.0,Q2
NOR,McLaren,2019,Brazilian Grand Prix,Interlagos,4309.0,15.0,0.0034810860988628,1.3649999999999949,1.4045000000000059,0.039500000000003865,0.9069999999999965,0.05,0.0,0.05,0.19449999999999995,0.11599999999999995,0.0,34.2,65.7,0,1,-0.7719306088718323,-0.4680556125916825,0.05366841251622112,800.0,2.0,Permanent-Medium,2,0.2572602660161468,0.5089736887959575,0.2337660451878957,68.868,67.503,SOFT,2.0,Q2
NOR,McLaren,2019,British Grand Prix,Silverstone,5729.156782444218,18.0,0.003141823602237,0.98599999999999,1.4045000000000059,0.039500000000003865,1.0359999999999943,0.15000000000000002,0.0,0.15000000000000002,0.26299999999999996,0.17799999999999996,0.0,31.1,67.0,0,2,0.9554129895418016,0.3567172503483611,-0.3511117846537936,140.0,2.0,Permanent-Fast,3,0.32284296983003985,0.40590620244194286,0.2712508277280173,86.079,85.093,SOFT,4.0,Q3
NOR,McLaren,2019,Canadian Grand Prix,Gilles Villeneuve,3927.405044134453,14.0,0.0035646947138566,1.4950000000000045,1.4045000000000059,0.039500000000003865,0.9069999999999965,0.05,0.0,0.05,0.0,0.0,0.0,49.2,21.8,0,1,-1.2360664087705144,-0.7429799002383637,0.15342335743024896,22.0,2.0,Permanent-Medium,3,0.2780790409144769,0.3193280825259636,0.4025928765595595,71.735,70.24,SOFT,2.0,Q3
NOR,McLaren,2019,Chinese Grand Prix,Shanghai International,5161.238099433068,16.0,0.0031000313668453,2.4200000000000017,1.4045000000000059,0.039500000000003865,1.0359999999999943,0.05,0.0,0.05,0.14400000000000007,0.14400000000000007,0.0,32.8,48.4,0,2,0.2646507345248319,-0.1931313249450013,-0.4009748536645922,5.0,3.0,Permanent-Fast,2,0.260697904583524,0.2961465195228112,0.4431555758936648,93.967,91.547,SOFT,2.0,Q2
NOR,McLaren,2019,French Grand Prix,Paul Ricard,5247.8799638259,15.0,0.0028582970844219,1.0990000000000038,1.4045000000000059,0.039500000000003865,1.0359999999999943,0.05,0.0,0.05,0.0,0.0,0.0,52.4,43.2,0,2,0.37003365538516214,-0.4680556125916825,-0.6893923813172924,40.0,3.0,Permanent-Fast,3,0.25016215974412315,0.3091323894517882,0.4407054508040887,89.418,88.319,SOFT,2.0,Q3
NOR,McLaren,2019,German Grand Prix,Hockenheimring,4317.957322804004,17.0,0.0039370467860392,1.5660000000000025,1.4045000000000059,0.039500000000003865,0.9069999999999965,0.05,0.0,0.05,0.013000000000000008,0.0,0.0,42.9,52.6,0,1,-0.7610357736003405,0.0817929627016799,0.5976833233674174,100.0,2.0,Permanent-Medium,1,0.21493734062427558,0.48150218864631206,0.3035604707294124,73.333,71.767,SOFT,2.0,Q1
NOR,McLaren,2019,Hungarian Grand Prix,Hungaroring,4122.248439558155,14.0,0.0033962048152295,1.2279999999999944,1.4045000000000059,0.039500000000003865,0.6790000000000092,0.05,0.0,0.05,0.0,0.0,0.0,40.9,48.7,0,0,-0.9990774397082004,-0.7429799002383637,-0.04760497628108983,150.0,1.0,Permanent-Slow,3,0.36055408970976255,0.3549472295514512,0.2844986807387863,75.8,74.572,SOFT,2.0,Q3
NOR,McLaren,2019,Italian Grand Prix,Monza,5261.551646812222,11.0,0.0020906380357711,1.3389999999999986,1.4045000000000059,0.039500000000003865,1.0359999999999943,0.05,0.0,0.05,0.04149999999999999,0.04,0.0,38.0,50.3,0,2,0.38666258986472024,-1.5677527631784072,-1.6053002230701332,120.0,2.0,Permanent-Fast,2,0.3343625226297646,0.33349453165687076,0.3321429457133646,80.646,79.307,SOFT,2.0,Q2
NOR,McLaren,2019,Japanese Grand Prix,Suzuka,5650.500064177964,18.0,0.0031855587639248,1.4000000000000057,1.4045000000000059,0.039500000000003865,1.0359999999999943,0.05,0.0,0.05,0.08699999999999997,0.03599999999999994,0.0,38.2,60.2,0,2,0.8597424407340858,0.3567172503483611,-0.29893057527368244,50.0,2.0,Permanent-Fast,3,0.3462538433713149,0.45303174172544763,0.2007144149032375,88.464,87.064,SOFT,2.0,Q3
NOR,McLaren,2019,Mexican Grand Prix,Hermanos Rodriguez,4309.0,17.0,0.0039452309120445,1.5640000000000072,1.4045000000000059,0.039500000000003865,0.9069999999999965,0.05,0.0,0.05,0.12849999999999995,0.11599999999999995,0.0,34.2,52.5,0,1,-0.7719306088718323,0.0817929627016799,0.6074479515566137,2240.0,2.0,Permanent-Medium,3,0.35603102644060686,0.3828778071853463,0.2610911663740468,76.322,74.758,SOFT,2.0,Q3
NOR,McLaren,2019,Monaco Grand Prix,Monaco,2982.89347053333,19.0,0.0063696542259026,1.558000000000007,1.4045000000000059,0.039500000000003865,0.472999999999999,0.15000000000000002,0.0,0.15000000000000002,0.06949999999999999,0.0,0.0,41.5,63.9,1,0,-2.3848804273745277,0.6316415379950423,3.5000710878223424,10.0,1.0,Street-Slow,2,0.26325916011376943,0.47037253917795996,0.2663683007082706,71.724,70.166,SOFT,4.0,Q2
NOR,McLaren,2019,Russian Grand Prix,Sochi Autodrom,5760.2985642132535,18.0,0.0031248380269432,1.6730000000000018,1.4045000000000059,0.039500000000003865,0.9069999999999965,0.05,0.0,0.05,0.24650000000000002,0.20200000000000004,0.0,29.9,58.9,0,1,0.993290890099623,0.3567172503483611,-0.37137758056360215,5.0,2.0,Permanent-Medium,3,0.3654730388741814,0.3420006216439267,0.292526339481892,93.301,91.628,SOFT,2.0,Q3
NOR,McLaren,2019,Singapore Grand Prix,Marina Bay,4956.5492831458605,23.0,0.0046403250903221,1.355000000000004,1.4045000000000059,0.039500000000003865,0.472999999999999,0.05,0.0,0.05,0.17750000000000005,0.12200000000000003,0.0,33.9,61.1,1,0,0.01568673220387009,1.731338688581767,1.436777339075894,10.0,1.0,Street-Slow,3,0.27421801336448987,0.38553068503259136,0.3402513016029189,97.572,96.217,SOFT,2.0,Q3
NOR,McLaren,2019,Spanish Grand Prix,Barcelona-Catalunya,4348.990357163425,16.0,0.003679014825509,1.931999999999988,1.4045000000000059,0.039500000000003865,0.9069999999999965,0.05,0.0,0.05,0.12099999999999995,0.08599999999999995,0.0,35.7,57.0,0,1,-0.7232901430454965,-0.1931313249450013,0.28982074233246696,110.0,1.0,Permanent-Medium,2,0.2818019602265381,0.3715249941813856,0.34667304559207635,77.338,75.406,SOFT,2.0,Q2
NOR,McLaren,2019,United States Grand Prix,COTA,5337.916050454483,20.0,0.0037467805433727,1.1460000000000008,1.4045000000000059,0.039500000000003865,1.0359999999999943,0.05,0.0,0.05,0.294,0.294,0.0,25.3,24.8,0,2,0.4795449852514533,0.9065658256417235,0.37067324124127227,230.0,3.0,Permanent-Fast,3,0.26772202844110543,0.4009873893211699,0.33129058223772473,93.175,92.029,SOFT,2.0,Q3
NOR,McLaren,2020,70th Anniversary Grand Prix,Silverstone,5729.156782444218,18.0,0.003141823602237,1.6240000000000094,1.295500000000004,-0.030500000000003524,1.0359999999999943,0.05,0.0,0.05,0.024000000000000056,0.004000000000000057,0.0,39.8,54.0,0,2,0.9554129895418016,0.3567172503483611,-0.3511117846537936,140.0,2.0,Permanent-Fast,3,0.3193320887782618,0.407084744981447,0.27358316624029133,86.778,85.154,SOFT,2.0,Q3
NOR,McLaren,2020,Abu Dhabi Grand Prix,Yas Marina,5333.449274375974,21.0,0.0039374144047628,0.2510000000000048,1.295500000000004,-0.030500000000003524,0.9069999999999965,0.05,0.0,0.05,0.319,0.256,0.0,27.2,62.6,0,1,0.4741120237924506,1.1814901132884046,0.59812193588988,10.0,2.0,Permanent-Medium,3,0.17867576991947387,0.42753175492423845,0.39379247515628757,95.497,95.246,SOFT,2.0,Q3
NOR,McLaren,2020,Austrian Grand Prix,Red Bull Ring,3999.68196710701,10.0,0.0025001987863632,0.6869999999999976,1.295500000000004,-0.030500000000003524,1.0359999999999943,0.05,0.0,0.05,0.0,0.0,0.0,48.8,33.3,0,2,-1.148155635993153,-1.8426770508250885,-1.1166459125389459,700.0,2.0,Permanent-Fast,3,0.2540156539779335,0.4425706472196901,0.3034136988023764,63.626,62.939,SOFT,2.0,Q3
NOR,McLaren,2020,Bahrain Grand Prix,Bahrain International,5006.652008539475,15.0,0.0029960140977275,1.2780000000000058,1.295500000000004,-0.030500000000003524,0.9069999999999965,0.05,0.0,0.05,0.30200000000000005,0.256,0.0,27.2,59.2,0,1,0.07662692066868529,-0.4680556125916825,-0.5250797315138804,35.0,2.0,Permanent-Medium,3,0.3182444489620745,0.42995414605497956,0.25180140498294595,88.542,87.264,SOFT,2.0,Q3
NOR,McLaren,2020,Belgian Grand Prix,Spa-Francorchamps,6775.131165030146,19.0,0.0028043737511782,1.4050000000000011,1.295500000000004,-0.030500000000003524,1.0359999999999943,0.05,0.0,0.05,0.3895,0.326,0.0,23.7,62.7,0,2,2.227636715963657,0.6316415379950423,-0.7537292817396346,300.0,2.0,Permanent-Fast,3,0.2984891434583126,0.42363404346513145,0.27787681307655593,102.657,101.252,SOFT,2.0,Q3
NOR,McLaren,2020,British Grand Prix,Silverstone,5729.156782444218,18.0,0.003141823602237,1.4789999999999992,1.295500000000004,-0.030500000000003524,1.0359999999999943,0.05,0.0,0.05,0.021499999999999988,0.0,0.0,40.6,54.3,0,2,0.9554129895418016,0.3567172503483611,-0.3511117846537936,140.0,2.0,Permanent-Fast,3,0.32138443962602875,0.40422233102515676,0.27439322934881444,85.782,84.303,SOFT,2.0,Q3
NOR,McLaren,2020,Eifel Grand Prix,Hockenheimring,4317.957322804004,17.0,0.0039370467860392,1.046999999999997,1.295500000000004,-0.030500000000003524,0.9069999999999965,0.05,0.0,0.05,0.508,0.47000000000000003,0.0,16.5,57.6,0,1,-0.7610357736003405,0.0817929627016799,0.5976833233674174,100.0,2.0,Permanent-Medium,3,0.3246211594605867,0.4173733722600677,0.2580054682793457,86.316,85.269,SOFT,2.0,Q3
NOR,McLaren,2020,Emilia Romagna Grand Prix,Imola,4909.0,19.0,0.003870442045223,1.2049999999999983,1.295500000000004,-0.030500000000003524,0.9069999999999965,0.2,0.0,0.2,0.40650000000000003,0.318,0.0,24.1,67.7,0,1,-0.04214769204173995,0.6316415379950423,0.5182160070911476,37.0,1.0,Permanent-Medium,3,0.3182292084369236,0.3442270163338413,0.3375437752292352,74.814,73.609,SOFT,5.0,Q3
NOR,McLaren,2020,Hungarian Grand Prix,Hungaroring,4122.248439558155,14.0,0.0033962048152295,1.5189999999999912,1.295500000000004,-0.030500000000003524,0.6790000000000092,0.05,0.0,0.05,0.3785,0.272,0.0,26.4,71.3,0,0,-0.9990774397082004,-0.7429799002383637,-0.04760497628108983,150.0,1.0,Permanent-Slow,3,0.3648854147213403,0.3510791558840007,0.28403542939465887,74.966,73.447,SOFT,2.0,Q3
NOR,McLaren,2020,Italian Grand Prix,Monza,5261.551646812222,11.0,0.0020906380357711,0.9329999999999927,1.295500000000004,-0.030500000000003524,1.0359999999999943,0.1,0.0,0.1,0.0,0.0,0.0,44.6,41.2,0,2,0.38666258986472024,-1.5677527631784072,-1.6053002230701332,120.0,2.0,Permanent-Fast,3,0.33590578802305193,0.3346529691806565,0.32944124279629167,79.82,78.887,SOFT,3.0,Q3
NOR,McLaren,2020,Portuguese Grand Prix,Portimao,4653.0,15.0,0.0032237266279819,0.855000000000004,1.295500000000004,-0.030500000000003524,0.9069999999999965,0.1,0.0,0.1,0.09,0.09,0.0,35.5,49.7,0,1,-0.3535217365559127,-0.4680556125916825,-0.25339180900199537,90.0,1.0,Permanent-Medium,3,0.2887443256036523,0.3848631031673155,0.3263925712290322,77.321,76.466,SOFT,3.0,Q3
NOR,McLaren,2020,Russian Grand Prix,Sochi Autodrom,5760.2985642132535,18.0,0.0031248380269432,1.5429999999999922,1.295500000000004,-0.030500000000003524,0.9069999999999965,0.05,0.0,0.05,0.18650000000000003,0.166,0.0,31.7,54.1,0,1,0.993290890099623,0.3567172503483611,-0.37137758056360215,5.0,2.0,Permanent-Medium,3,0.3664738763772658,0.3434575161286848,0.29006860749404934,92.847,91.304,SOFT,2.0,Q3
NOR,McLaren,2020,Sakhir Grand Prix,Bahrain International,5006.652008539475,15.0,0.0029960140977275,0.8170000000000002,1.295500000000004,-0.030500000000003524,0.9069999999999965,0.05,0.0,0.05,0.3975,0.264,0.0,26.8,76.7,0,1,0.07662692066868529,-0.4680556125916825,-0.5250797315138804,35.0,2.0,Permanent-Medium,2,0.34623759087721884,0.3479167435509466,0.3058456655718345,54.194,53.377,SOFT,2.0,Q2
NOR,McLaren,2020,Spanish Grand Prix,Barcelona-Catalunya,4348.990357163425,16.0,0.003679014825509,1.5,1.295500000000004,-0.030500000000003524,0.9069999999999965,0.05,0.0,0.05,0.011999999999999993,0.0,0.0,48.0,52.4,0,1,-0.7232901430454965,-0.1931313249450013,0.28982074233246696,110.0,1.0,Permanent-Medium,3,0.2808235172020134,0.3707384152353277,0.34843806756265894,77.084,75.584,SOFT,2.0,Q3
NOR,McLaren,2020,Styrian Grand Prix,Red Bull Ring,3999.68196710701,10.0,0.0025001987863632,0.6229999999999905,1.295500000000004,-0.030500000000003524,1.0359999999999943,2.75,2.5,0.25,4.1,0.40399999999999997,3.5,19.8,89.2,0,2,-1.148155635993153,-1.8426770508250885,-1.1166459125389459,700.0,2.0,Permanent-Fast,3,0.24613756883540688,0.44309606363450943,0.31076636753008363,78.448,77.825,WET,6.0,Q3
NOR,McLaren,2020,Turkish Grand Prix,Istanbul Park,5338.0,14.0,0.0026227051330086,7.179999999999993,1.295500000000004,-0.030500000000003524,1.0359999999999943,2.8,2.5,0.30000000000000004,0.7245,0.526,0.0,13.7,89.7,0,2,0.47964709349177603,-0.7429799002383637,-0.9704813831763092,130.0,1.0,Permanent-Fast,2,0.37577102092305015,0.35536995954586975,0.2688590195310801,114.945,107.765,WET,7.0,Q2
NOR,McLaren,2020,Tuscan Grand Prix,Mugello,5245.0,15.0,0.0028598665395614,1.4959999999999951,1.295500000000004,-0.030500000000003524,1.0359999999999943,0.05,0.0,0.05,0.0,0.0,0.0,44.8,40.8,0,2,0.36653074138311176,-0.4680556125916825,-0.6875198361136977,255.0,1.0,Permanent-Fast,2,0.3603079331941545,0.2736691022964509,0.3660229645093946,76.64,75.144,SOFT,2.0,Q2
NOR,McLaren,2021,Abu Dhabi Grand Prix,Yas Marina,5333.449274375974,21.0,0.0039374144047628,0.8220000000000027,0.943750000000005,-0.15200000000000813,0.9069999999999965,0.05,0.0,0.05,0.30650000000000005,0.24600000000000002,0.0,27.7,62.1,0,1,0.4741120237924506,1.1814901132884046,0.59812193588988,10.0,2.0,Permanent-Medium,3,0.20459176906102663,0.43221473272961863,0.3631934982093548,82.931,82.109,SOFT,2.0,Q3
NOR,McLaren,2021,Austrian Grand Prix,Red Bull Ring,3999.68196710701,10.0,0.0025001987863632,0.04800000000000182,0.943750000000005,-0.15200000000000813,1.0359999999999943,0.05,0.0,0.05,0.0,0.0,0.0,52.1,25.6,0,2,-1.148155635993153,-1.8426770508250885,-1.1166459125389459,700.0,2.0,Permanent-Fast,3,0.2526502320913311,0.44508217287667795,0.30226759503199097,63.768,63.72,SOFT,2.0,Q3
NOR,McLaren,2021,Azerbaijan Grand Prix,Baku City,4978.250124294395,20.0,0.0040174759203837,0.5289999999999964,0.943750000000005,-0.15200000000000813,1.3909999999999911,0.15000000000000002,0.0,0.15000000000000002,0.001999999999999993,0.0,0.0,44.4,50.4,1,2,0.042081570788943895,0.9065658256417235,0.6936447726344993,28.0,2.0,Street-Fast,3,0.3503985375490186,0.39943192428277974,0.2501695381682015,101.747,101.218,SOFT,4.0,Q3
NOR,McLaren,2021,Bahrain Grand Prix,Bahrain International,5006.652008539475,15.0,0.0029960140977275,0.9770000000000039,0.943750000000005,-0.15200000000000813,0.9069999999999965,0.05,0.0,0.05,0.14799999999999996,0.14799999999999996,0.0,32.6,43.6,0,1,0.07662692066868529,-0.4680556125916825,-0.5250797315138804,35.0,2.0,Permanent-Medium,3,0.3181363505012559,0.4296685709204881,0.2521950785782559,89.974,88.997,SOFT,2.0,Q3
NOR,McLaren,2021,Belgian Grand Prix,Spa-Francorchamps,6775.131165030146,19.0,0.0028043737511782,0.0,0.943750000000005,-0.15200000000000813,1.0359999999999943,1.55,1.5,0.05,0.6575,0.452,0.0,17.4,91.1,0,2,2.227636715963657,0.6316415379950423,-0.7537292817396346,300.0,2.0,Permanent-Fast,3,0.28309416074121957,0.4491790562378798,0.2677267830209007,116.025,116.025,INTERMEDIATE,2.0,Q3
NOR,McLaren,2021,British Grand Prix,Silverstone,5729.156782444218,18.0,0.003141823602237,0.8740000000000094,0.943750000000005,-0.15200000000000813,1.0359999999999943,0.05,0.0,0.05,0.07899999999999999,0.057999999999999975,0.0,37.1,54.2,0,2,0.9554129895418016,0.3567172503483611,-0.3511117846537936,140.0,2.0,Permanent-Fast,3,0.3185035156564669,0.4062856024949078,0.2752108818486254,86.897,86.023,SOFT,2.0,Q3
NOR,McLaren,2021,Dutch Grand Prix,Zandvoort,4259.0,14.0,0.0032871566095327,1.5210000000000008,0.943750000000005,-0.15200000000000813,0.9069999999999965,0.05,0.0,0.05,0.18200000000000005,0.11,0.0,34.5,64.4,0,1,-0.8327458519410066,-0.7429799002383637,-0.1777123552044761,2.0,2.0,Permanent-Medium,2,0.34765502940090337,0.3412777320114763,0.3110672385876204,70.406,68.885,SOFT,2.0,Q2
NOR,McLaren,2021,Emilia Romagna Grand Prix,Imola,4909.0,19.0,0.003870442045223,0.30700000000000216,0.943750000000005,-0.15200000000000813,0.9069999999999965,0.05,0.0,0.05,0.24799999999999997,0.24799999999999997,0.0,27.6,37.3,0,1,-0.04214769204173995,0.6316415379950423,0.5182160070911476,37.0,1.0,Permanent-Medium,3,0.3168045183222249,0.3445756042720629,0.3386198774057121,74.718,74.411,SOFT,2.0,Q3
NOR,McLaren,2021,French Grand Prix,Paul Ricard,5247.8799638259,15.0,0.0028582970844219,1.2620000000000005,0.943750000000005,-0.15200000000000813,1.0359999999999943,0.05,0.0,0.05,0.0,0.0,0.0,42.0,44.7,0,2,0.37003365538516214,-0.4680556125916825,-0.6893923813172924,40.0,3.0,Permanent-Fast,3,0.2478301845439004,0.3040262131240959,0.4481436023320037,91.252,89.99,SOFT,2.0,Q3
NOR,McLaren,2021,Hungarian Grand Prix,Hungaroring,4122.248439558155,14.0,0.0033962048152295,0.9660000000000082,0.943750000000005,-0.15200000000000813,0.6790000000000092,0.05,0.0,0.05,0.0,0.0,0.0,59.9,45.0,0,0,-0.9990774397082004,-0.7429799002383637,-0.04760497628108983,150.0,1.0,Permanent-Slow,3,0.3622046213261766,0.35339399096681284,0.2844013877070105,76.385,75.419,SOFT,2.0,Q3
NOR,McLaren,2021,Italian Grand Prix,Monza,5261.551646812222,11.0,0.0020906380357711,0.4339999999999975,0.943750000000005,-0.15200000000000813,1.0359999999999943,0.05,0.0,0.05,0.19,0.19,0.0,30.5,43.7,0,2,0.38666258986472024,-1.5677527631784072,-1.6053002230701332,120.0,2.0,Permanent-Fast,3,0.3344084811661604,0.33545862556101463,0.3301328932728251,79.989,79.555,SOFT,2.0,Q3
NOR,McLaren,2021,Mexico City Grand Prix,Hermanos Rodriguez,4309.0,17.0,0.0039452309120445,1.597999999999999,0.943750000000005,-0.15200000000000813,0.9069999999999965,0.45,0.4,0.05,0.0,0.0,0.0,45.4,18.8,0,1,-0.7719306088718323,0.0817929627016799,0.6074479515566137,2240.0,2.0,Permanent-Medium,3,0.35458805003033317,0.3859925393362849,0.2594194106333819,77.473,75.875,MEDIUM,2.0,Q3
NOR,McLaren,2021,Monaco Grand Prix,Monaco,2982.89347053333,19.0,0.0063696542259026,0.2740000000000009,0.943750000000005,-0.15200000000000813,0.472999999999999,0.25,0.0,0.25,0.29800000000000004,0.18600000000000003,0.0,30.7,72.4,1,0,-2.3848804273745277,0.6316415379950423,3.5000710878223424,10.0,1.0,Street-Slow,3,0.2638487680543755,0.47039082412914185,0.2657604078164826,70.62,70.346,SOFT,6.0,Q3
NOR,McLaren,2021,Portuguese Grand Prix,Portimao,4653.0,15.0,0.0032237266279819,0.512999999999991,0.943750000000005,-0.15200000000000813,0.9069999999999965,0.1,0.0,0.1,0.07,0.07,0.0,36.5,41.6,0,1,-0.3535217365559127,-0.4680556125916825,-0.25339180900199537,90.0,1.0,Permanent-Medium,3,0.2887577885093207,0.38181215835679977,0.3294300531338796,78.481,77.968,SOFT,3.0,Q3
NOR,McLaren,2021,Qatar Grand Prix,Losail,5380.0,16.0,0.0029739776951672,0.9039999999999964,0.943750000000005,-0.15200000000000813,0.9069999999999965,0.05,0.0,0.05,0.3205,0.23,0.0,28.5,68.1,0,1,0.5307318976698825,-0.1931313249450013,-0.5513717604354108,20.0,2.0,Permanent-Medium,3,0.3263021374998471,0.336665402356511,0.33703246014364197,81.731,80.827,SOFT,2.0,Q3
NOR,McLaren,2021,Russian Grand Prix,Sochi Autodrom,5760.2985642132535,18.0,0.0031248380269432,0.0,0.943750000000005,-0.15200000000000813,0.9069999999999965,0.1,0.0,0.1,0.6255000000000001,0.47600000000000003,0.0,16.2,79.9,0,1,0.993290890099623,0.3567172503483611,-0.37137758056360215,5.0,2.0,Permanent-Medium,3,0.358034374908082,0.3400723579069152,0.3018932671850029,101.993,101.993,SOFT,3.0,Q3
NOR,McLaren,2021,Saudi Arabian Grand Prix,Jeddah,6174.0,27.0,0.0043731778425655,0.6690000000000111,0.943750000000005,-0.15200000000000813,1.3909999999999911,0.05,0.0,0.05,0.31799999999999995,0.19799999999999998,0.0,30.1,74.0,1,2,1.4964779576083713,2.8310358391684916,1.1180391446222482,15.0,3.0,Street-Fast,3,0.36427761397142205,0.3205148559764119,0.315207530052166,88.18,87.511,SOFT,2.0,Q3
NOR,McLaren,2021,Spanish Grand Prix,Barcelona-Catalunya,4348.990357163425,16.0,0.003679014825509,0.9549999999999983,0.943750000000005,-0.15200000000000813,0.9069999999999965,0.05,0.0,0.05,0.0,0.0,0.0,43.7,46.9,0,1,-0.7232901430454965,-0.1931313249450013,0.28982074233246696,110.0,1.0,Permanent-Medium,3,0.28096684514003295,0.3735198723228995,0.34551328253706753,77.696,76.741,SOFT,2.0,Q3
NOR,McLaren,2021,Styrian Grand Prix,Red Bull Ring,3999.68196710701,10.0,0.0025001987863632,0.27900000000000347,0.943750000000005,-0.15200000000000813,1.0359999999999943,0.05,0.0,0.05,0.0,0.0,0.0,52.2,27.4,0,2,-1.148155635993153,-1.8426770508250885,-1.1166459125389459,700.0,2.0,Permanent-Fast,3,0.25304117280099814,0.44291952588895817,0.30403930131004364,64.12,63.841,SOFT,2.0,Q3
NOR,McLaren,2021,São Paulo Grand Prix,Interlagos,4309.0,15.0,0.0034810860988628,1.0460000000000065,0.943750000000005,-0.15200000000000813,0.9069999999999965,0.05,0.0,0.05,0.48,0.32,0.0,24.0,82.0,0,1,-0.7719306088718323,-0.4680556125916825,0.05366841251622112,800.0,2.0,Permanent-Medium,3,0.25568280661061177,0.5101768628587996,0.23414033053058855,68.98,67.934,SOFT,2.0,Q3
NOR,McLaren,2021,Turkish Grand Prix,Istanbul Park,5338.0,14.0,0.0026227051330086,1.0859999999999985,0.943750000000005,-0.15200000000000813,1.0359999999999943,0.05,0.0,0.05,0.48650000000000004,0.324,0.0,23.8,82.5,0,2,0.47964709349177603,-0.7429799002383637,-0.9704813831763092,130.0,1.0,Permanent-Fast,3,0.37219191461991086,0.3526574076279867,0.27515067775210234,83.954,82.868,SOFT,2.0,Q3
NOR,McLaren,2021,United States Grand Prix,COTA,5337.916050454483,20.0,0.0037467805433727,0.9699999999999989,0.943750000000005,-0.15200000000000813,1.0359999999999943,0.45,0.4,0.05,0.09050000000000004,0.06400000000000006,0.0,36.8,55.3,0,2,0.4795449852514533,0.9065658256417235,0.37067324124127227,230.0,3.0,Permanent-Fast,3,0.2691734128674904,0.40133148700468685,0.3294951001278228,93.88,92.91,MEDIUM,2.0,Q3
NOR,McLaren,2022,Abu Dhabi Grand Prix,Yas Marina,5333.449274375974,21.0,0.0039374144047628,0.9450000000000074,1.4997499999999988,-0.211749999999995,0.9069999999999965,0.05,0.0,0.05,0.245,0.14,0.0,33.0,71.0,0,1,0.4741120237924506,1.1814901132884046,0.59812193588988,10.0,2.0,Permanent-Medium,3,0.20551144876074978,0.4305583409029244,0.3639302103363258,84.769,83.824,SOFT,2.0,Q3
NOR,McLaren,2022,Australian Grand Prix,Albert Park,4843.53245567963,14.0,0.0028904523977295,0.835000000000008,1.4997499999999988,-0.211749999999995,0.8379999999999939,0.05,0.0,0.05,0.315,0.26,0.0,27.0,61.0,1,1,-0.12177618446144439,-0.7429799002383637,-0.6510272976721347,31.0,2.0,Street-Medium,3,0.3436590727164149,0.22859357330724367,0.4277473539763414,78.703,77.868,SOFT,2.0,Q3
NOR,McLaren,2022,Austrian Grand Prix,Red Bull Ring,3999.68196710701,10.0,0.0025001987863632,1.3460000000000036,1.4997499999999988,-0.211749999999995,1.0359999999999943,0.05,0.0,0.05,0.06200000000000003,0.06200000000000003,0.0,36.9,33.0,0,2,-1.148155635993153,-1.8426770508250885,-1.1166459125389459,700.0,2.0,Permanent-Fast,2,0.2527966229458767,0.44293683099653247,0.30426654605759085,66.33,64.984,SOFT,2.0,Q2
NOR,McLaren,2022,Azerbaijan Grand Prix,Baku City,4978.250124294395,20.0,0.0040174759203837,2.0390000000000015,1.4997499999999988,-0.211749999999995,1.3909999999999911,0.05,0.0,0.05,0.20900000000000007,0.11400000000000006,0.0,34.3,69.0,1,2,0.042081570788943895,0.9065658256417235,0.6936447726344993,28.0,2.0,Street-Fast,2,0.3504516528366119,0.40121665796243644,0.24833168920095167,103.398,101.359,SOFT,2.0,Q2
NOR,McLaren,2022,Bahrain Grand Prix,Bahrain International,5006.652008539475,15.0,0.0029960140977275,1.4499999999999886,1.4997499999999988,-0.211749999999995,0.9069999999999965,0.05,0.0,0.05,0.32999999999999996,0.3,0.0,25.0,56.0,0,1,0.07662692066868529,-0.4680556125916825,-0.5250797315138804,35.0,2.0,Permanent-Medium,2,0.3211025128249717,0.4277345448221893,0.25116294235283887,92.008,90.558,SOFT,2.0,Q2
NOR,McLaren,2022,Belgian Grand Prix,Spa-Francorchamps,6775.131165030146,19.0,0.0028043737511782,1.9379999999999882,1.4997499999999988,-0.211749999999995,1.0359999999999943,0.05,0.0,0.05,0.556,0.386,0.0,20.7,84.0,0,2,2.227636715963657,0.6316415379950423,-0.7537292817396346,300.0,2.0,Permanent-Fast,3,0.29308826453793924,0.430991543800839,0.2759201916612217,105.603,103.665,SOFT,2.0,Q3
NOR,McLaren,2022,British Grand Prix,Silverstone,5729.156782444218,18.0,0.003141823602237,2.3859999999999957,1.4997499999999988,-0.211749999999995,1.0359999999999943,1.85,1.5,0.35000000000000003,0.5800000000000001,0.39,0.0,20.5,88.0,0,2,0.9554129895418016,0.3567172503483611,-0.3511117846537936,140.0,2.0,Permanent-Fast,3,0.3133133034526917,0.40574299364625915,0.2809437029010491,101.515,99.129,INTERMEDIATE,8.0,Q3
NOR,McLaren,2022,Canadian Grand Prix,Gilles Villeneuve,3927.405044134453,14.0,0.0035646947138566,12.766999999999996,1.4997499999999988,-0.211749999999995,0.9069999999999965,2.9,2.5,0.4,4.113,0.438,3.5,18.1,85.0,0,1,-1.2360664087705144,-0.7429799002383637,0.15342335743024896,22.0,2.0,Permanent-Medium,2,0.29383624263814767,0.3209023451619076,0.38526141219994475,94.066,81.299,WET,9.0,Q2
NOR,McLaren,2022,Dutch Grand Prix,Zandvoort,4259.0,14.0,0.0032871566095327,0.7740000000000009,1.4997499999999988,-0.211749999999995,0.9069999999999965,0.05,0.0,0.05,0.012000000000000028,0.012000000000000028,0.0,39.4,30.0,0,1,-0.8327458519410066,-0.7429799002383637,-0.1777123552044761,2.0,2.0,Permanent-Medium,3,0.3414280893188593,0.35158051633950166,0.306991394341639,71.116,70.342,SOFT,2.0,Q3
NOR,McLaren,2022,Emilia Romagna Grand Prix,Imola,4909.0,19.0,0.003870442045223,0.5009999999999906,1.4997499999999988,-0.211749999999995,0.9069999999999965,0.05,0.0,0.05,0.675,0.51,0.0,14.5,83.0,0,1,-0.04214769204173995,0.6316415379950423,0.5182160070911476,37.0,1.0,Permanent-Medium,3,0.32463994753701414,0.3415138598128483,0.33384619265013743,79.294,78.793,SOFT,2.0,Q3
NOR,McLaren,2022,French Grand Prix,Paul Ricard,5247.8799638259,15.0,0.0028582970844219,1.1599999999999966,1.4997499999999988,-0.211749999999995,1.0359999999999943,0.05,0.0,0.05,0.0,0.0,0.0,53.6,46.0,0,2,0.37003365538516214,-0.4680556125916825,-0.6893923813172924,40.0,3.0,Permanent-Fast,3,0.2498478789986092,0.30719749652294853,0.4429546244784423,92.032,90.872,SOFT,2.0,Q3
NOR,McLaren,2022,Hungarian Grand Prix,Hungaroring,4122.248439558155,14.0,0.0033962048152295,0.3920000000000101,1.4997499999999988,-0.211749999999995,0.6790000000000092,0.05,0.0,0.05,0.269,0.174,0.0,31.3,69.0,0,0,-0.9990774397082004,-0.7429799002383637,-0.04760497628108983,150.0,1.0,Permanent-Slow,3,0.3628566652522213,0.35537296352016867,0.28177037122760995,77.769,77.377,SOFT,2.0,Q3
NOR,McLaren,2022,Italian Grand Prix,Monza,5261.551646812222,11.0,0.0020906380357711,1.4230000000000018,1.4997499999999988,-0.211749999999995,1.0359999999999943,0.05,0.0,0.05,0.0,0.0,0.0,40.1,34.0,0,2,0.38666258986472024,-1.5677527631784072,-1.6053002230701332,120.0,2.0,Permanent-Fast,3,0.3316826828789958,0.3380932535791331,0.33022406354187095,81.584,80.161,SOFT,2.0,Q3
NOR,McLaren,2022,Japanese Grand Prix,Suzuka,5650.500064177964,18.0,0.0031855587639248,1.168999999999997,1.4997499999999988,-0.211749999999995,1.0359999999999943,0.05,0.0,0.05,0.31100000000000005,0.276,0.0,26.2,57.0,0,2,0.8597424407340858,0.3567172503483611,-0.29893057527368244,50.0,2.0,Permanent-Fast,3,0.3473633017585357,0.45336177644159037,0.199274921799874,90.473,89.304,SOFT,2.0,Q3
NOR,McLaren,2022,Mexico City Grand Prix,Hermanos Rodriguez,4309.0,17.0,0.0039452309120445,0.945999999999998,1.4997499999999988,-0.211749999999995,0.9069999999999965,0.05,0.0,0.05,0.0,0.0,0.0,46.0,36.0,0,1,-0.7719306088718323,0.0817929627016799,0.6074479515566137,2240.0,2.0,Permanent-Medium,3,0.3527267184105893,0.3880032011788468,0.2592700804105639,78.721,77.775,SOFT,2.0,Q3
NOR,McLaren,2022,Miami Grand Prix,Miami,5412.0,19.0,0.003510716925351,0.8379999999999939,1.4997499999999988,-0.211749999999995,0.8379999999999939,0.05,0.0,0.05,0.0,0.0,0.0,50.2,40.0,1,1,0.5696536532341541,0.6316415379950423,0.08902148545382091,3.0,3.0,Street-Medium,3,0.3314478880781846,0.3799562665952652,0.2885958453265502,89.634,88.796,SOFT,2.0,Q3
NOR,McLaren,2022,Monaco Grand Prix,Monaco,2982.89347053333,19.0,0.0063696542259026,0.472999999999999,1.4997499999999988,-0.211749999999995,0.472999999999999,0.05,0.0,0.05,0.0,0.0,0.0,45.6,42.0,1,0,-2.3848804273745277,0.6316415379950423,3.5000710878223424,10.0,1.0,Street-Slow,3,0.2661971634956645,0.470013500535846,0.26378933596848947,71.849,71.376,SOFT,2.0,Q3
NOR,McLaren,2022,Saudi Arabian Grand Prix,Jeddah,6174.0,27.0,0.0043731778425655,1.4509999999999934,1.4997499999999988,-0.211749999999995,1.3909999999999911,0.1,0.0,0.1,0.364,0.304,0.0,24.8,62.0,1,2,1.4964779576083713,2.8310358391684916,1.1180391446222482,15.0,3.0,Street-Fast,2,0.3649819857001037,0.31978449766316047,0.31523351663673577,89.651,88.2,SOFT,3.0,Q2
NOR,McLaren,2022,Singapore Grand Prix,Marina Bay,4956.5492831458605,23.0,0.0046403250903221,1.171999999999997,1.4997499999999988,-0.211749999999995,0.472999999999999,0.25,0.0,0.25,0.382,0.23200000000000004,0.0,28.4,80.0,1,0,0.01568673220387009,1.731338688581767,1.436777339075894,10.0,1.0,Street-Slow,3,0.2650654705924908,0.381076828474282,0.3538577009332272,110.584,109.412,SOFT,6.0,Q3
NOR,McLaren,2022,Spanish Grand Prix,Barcelona-Catalunya,4348.990357163425,16.0,0.003679014825509,1.7210000000000036,1.4997499999999988,-0.211749999999995,0.9069999999999965,0.05,0.0,0.05,0.0,0.0,0.0,47.4,18.0,0,1,-0.7232901430454965,-0.1931313249450013,0.28982074233246696,110.0,1.0,Permanent-Medium,2,0.27448397559369214,0.3747064159759416,0.3508096084303662,80.471,78.75,SOFT,2.0,Q2
NOR,McLaren,2022,São Paulo Grand Prix,Interlagos,4309.0,15.0,0.0034810860988628,0.4959999999999951,1.4997499999999988,-0.211749999999995,0.9069999999999965,0.05,0.0,0.05,0.47,0.25,0.0,27.5,94.0,0,1,-0.7719306088718323,-0.4680556125916825,0.05366841251622112,800.0,2.0,Permanent-Medium,3,0.2560208470515712,0.5052888185269765,0.23869033442145224,71.377,70.881,SOFT,2.0,Q3
NOR,McLaren,2022,United States Grand Prix,COTA,5337.916050454483,20.0,0.0037467805433727,1.3340000000000032,1.4997499999999988,-0.211749999999995,1.0359999999999943,0.05,0.0,0.05,0.13200000000000003,0.13200000000000003,0.0,33.4,38.0,0,2,0.4795449852514533,0.9065658256417235,0.37067324124127227,230.0,3.0,Permanent-Fast,3,0.27020587313198874,0.4026126031978264,0.327181523670185,95.69,94.356,SOFT,2.0,Q3
NOR,McLaren,2023,Abu Dhabi Grand Prix,Yas Marina,5333.449274375974,21.0,0.0039374144047628,0.3710000000000093,0.8942500000000031,-0.08949999999999392,0.9069999999999965,0.15000000000000002,0.0,0.15000000000000002,0.27,0.18,0.0,31.0,68.0,0,1,0.4741120237924506,1.1814901132884046,0.59812193588988,10.0,2.0,Permanent-Medium,3,0.2045910088765868,0.432566574401069,0.3628424167223442,83.816,83.445,SOFT,4.0,Q3
NOR,McLaren,2023,Australian Grand Prix,Albert Park,4843.53245567963,14.0,0.0028904523977295,1.3870000000000005,0.8942500000000031,-0.08949999999999392,0.8379999999999939,0.25,0.0,0.25,0.322,0.322,0.0,23.9,50.0,1,1,-0.12177618446144439,-0.7429799002383637,-0.6510272976721347,31.0,2.0,Street-Medium,2,0.34703465226129365,0.22678221687425595,0.42618313086445037,78.119,76.732,SOFT,6.0,Q2
NOR,McLaren,2023,Austrian Grand Prix,Red Bull Ring,3999.68196710701,10.0,0.0025001987863632,0.2669999999999959,0.8942500000000031,-0.08949999999999392,1.0359999999999943,0.05,0.0,0.05,0.06200000000000003,0.06200000000000003,0.0,36.9,46.0,0,2,-1.148155635993153,-1.8426770508250885,-1.1166459125389459,700.0,2.0,Permanent-Fast,3,0.2529926691206038,0.44554424819821214,0.3014630826811841,64.658,64.391,SOFT,2.0,Q3
NOR,McLaren,2023,Azerbaijan Grand Prix,Baku City,4978.250124294395,20.0,0.0040174759203837,1.078000000000003,0.8942500000000031,-0.08949999999999392,1.3909999999999911,0.05,0.0,0.05,0.387,0.22200000000000003,0.0,28.9,83.0,1,2,0.042081570788943895,0.9065658256417235,0.6936447726344993,28.0,2.0,Street-Fast,3,0.35012490003060787,0.402197845597891,0.24767725437150107,101.281,100.203,SOFT,2.0,Q3
NOR,McLaren,2023,Bahrain Grand Prix,Bahrain International,5006.652008539475,15.0,0.0029960140977275,1.6730000000000018,0.8942500000000031,-0.08949999999999392,0.9069999999999965,0.05,0.0,0.05,0.24799999999999997,0.24799999999999997,0.0,27.6,21.0,0,1,0.07662692066868529,-0.4680556125916825,-0.5250797315138804,35.0,2.0,Permanent-Medium,2,0.3199242730983465,0.42908263205699215,0.25099309484466137,91.381,89.708,SOFT,2.0,Q2
NOR,McLaren,2023,Belgian Grand Prix,Spa-Francorchamps,6775.131165030146,19.0,0.0028043737511782,1.5009999999999906,0.8942500000000031,-0.08949999999999392,1.0359999999999943,0.05,0.0,0.05,0.511,0.336,0.0,23.2,85.0,0,2,2.227636715963657,0.6316415379950423,-0.7537292817396346,300.0,2.0,Permanent-Fast,3,0.2936499828177098,0.4311083041543991,0.275241713027891,107.669,106.168,SOFT,2.0,Q3
NOR,McLaren,2023,British Grand Prix,Silverstone,5729.156782444218,18.0,0.003141823602237,0.24099999999999966,0.8942500000000031,-0.08949999999999392,1.0359999999999943,0.05,0.0,0.05,0.38,0.27,0.0,26.5,72.0,0,2,0.9554129895418016,0.3567172503483611,-0.3511117846537936,140.0,2.0,Permanent-Fast,3,0.3167396879060729,0.40606708754499143,0.27719322454893575,86.961,86.72,SOFT,2.0,Q3
NOR,McLaren,2023,Canadian Grand Prix,Gilles Villeneuve,3927.405044134453,14.0,0.0035646947138566,0.6219999999999999,0.8942500000000031,-0.08949999999999392,0.9069999999999965,0.15000000000000002,0.0,0.15000000000000002,0.6120000000000001,0.43200000000000005,0.0,18.4,86.0,0,1,-1.2360664087705144,-0.7429799002383637,0.15342335743024896,22.0,2.0,Permanent-Medium,3,0.2902441176099916,0.3182476968253368,0.39150818556467165,79.347,78.725,SOFT,4.0,Q3
NOR,McLaren,2023,Dutch Grand Prix,Zandvoort,4259.0,14.0,0.0032871566095327,0.5370000000000061,0.8942500000000031,-0.08949999999999392,0.9069999999999965,0.05,0.0,0.05,0.442,0.332,0.0,23.4,72.0,0,1,-0.8327458519410066,-0.7429799002383637,-0.1777123552044761,2.0,2.0,Permanent-Medium,3,0.3415700945094509,0.34982560756075604,0.308604297929793,71.104,70.567,SOFT,2.0,Q3
NOR,McLaren,2023,Hungarian Grand Prix,Hungaroring,4122.248439558155,14.0,0.0033962048152295,0.08500000000000796,0.8942500000000031,-0.08949999999999392,0.6790000000000092,0.05,0.0,0.05,0.0,0.0,0.0,42.9,33.0,0,0,-0.9990774397082004,-0.7429799002383637,-0.04760497628108983,150.0,1.0,Permanent-Slow,3,0.36349649255482824,0.353652176180666,0.2828513312645057,76.694,76.609,SOFT,2.0,Q3
NOR,McLaren,2023,Italian Grand Prix,Monza,5261.551646812222,11.0,0.0020906380357711,0.6850000000000023,0.8942500000000031,-0.08949999999999392,1.0359999999999943,0.05,0.0,0.05,0.03400000000000006,0.03400000000000006,0.0,38.3,40.0,0,2,0.38666258986472024,-1.5677527631784072,-1.6053002230701332,120.0,2.0,Permanent-Fast,3,0.33275293594635647,0.3367539732523247,0.3304930908013189,80.979,80.294,SOFT,2.0,Q3
NOR,McLaren,2023,Japanese Grand Prix,Suzuka,5650.500064177964,18.0,0.0031855587639248,0.6159999999999997,0.8942500000000031,-0.08949999999999392,1.0359999999999943,0.05,0.0,0.05,0.11200000000000003,0.11200000000000003,0.0,34.4,48.0,0,2,0.8597424407340858,0.3567172503483611,-0.29893057527368244,50.0,2.0,Permanent-Fast,3,0.3466751589509794,0.45166661079637516,0.20165823025264548,89.493,88.877,SOFT,2.0,Q3
NOR,McLaren,2023,Las Vegas Grand Prix,Las Vegas,6353.0,14.0,0.0022036832992287,1.9770000000000039,0.8942500000000031,-0.08949999999999392,1.3909999999999911,0.2,0.0,0.2,0.522,0.462,0.0,16.9,62.0,1,2,1.7141965277960156,-0.7429799002383637,-1.4704238825178961,600.0,2.0,Street-Fast,1,0.2835601828875537,0.33243931026472234,0.3840005068477239,94.703,92.726,SOFT,5.0,Q1
NOR,McLaren,2023,Mexico City Grand Prix,Hermanos Rodriguez,4309.0,17.0,0.0039452309120445,4.388000000000005,0.8942500000000031,-0.08949999999999392,0.9069999999999965,0.05,0.0,0.05,0.0,0.0,0.0,44.9,27.0,0,1,-0.7719306088718323,0.0817929627016799,0.6074479515566137,2240.0,2.0,Permanent-Medium,1,0.33907594967751425,0.37329867327169725,0.28762537705078844,81.554,77.166,SOFT,2.0,Q1
NOR,McLaren,2023,Miami Grand Prix,Miami,5412.0,19.0,0.003510716925351,1.5800000000000125,0.8942500000000031,-0.08949999999999392,0.8379999999999939,0.05,0.0,0.05,0.05,0.0,0.0,42.5,60.0,1,1,0.5696536532341541,0.6316415379950423,0.08902148545382091,3.0,3.0,Street-Medium,1,0.3334049822386135,0.38070457270855484,0.2858904450528316,88.394,86.814,SOFT,2.0,Q1
NOR,McLaren,2023,Monaco Grand Prix,Monaco,2982.89347053333,19.0,0.0063696542259026,0.88900000000001,0.8942500000000031,-0.08949999999999392,0.472999999999999,0.05,0.0,0.05,0.0,0.0,0.0,44.9,33.0,1,0,-2.3848804273745277,0.6316415379950423,3.5000710878223424,10.0,1.0,Street-Slow,3,0.2618955351952833,0.4741329199767488,0.26397154482796803,72.254,71.365,SOFT,2.0,Q3
NOR,McLaren,2023,Qatar Grand Prix,Losail,5380.0,16.0,0.0029739776951672,0.9069999999999965,0.8942500000000031,-0.08949999999999392,0.9069999999999965,0.05,0.0,0.05,0.14400000000000007,0.11400000000000006,0.0,34.3,56.0,0,1,0.5307318976698825,-0.1931313249450013,-0.5513717604354108,20.0,2.0,Permanent-Medium,3,0.3698057507232686,0.3371671488457224,0.29302710043100905,84.685,83.778,SOFT,2.0,Q3
NOR,McLaren,2023,Saudi Arabian Grand Prix,Jeddah,6174.0,27.0,0.0043731778425655,2.182000000000002,0.8942500000000031,-0.08949999999999392,1.3909999999999911,0.05,0.0,0.05,0.16200000000000003,0.16200000000000003,0.0,31.9,50.0,1,2,1.4964779576083713,2.8310358391684916,1.1180391446222482,15.0,3.0,Street-Fast,1,0.3631408449147014,0.31751191305405374,0.3193472420312448,90.447,88.265,SOFT,2.0,Q1
NOR,McLaren,2023,Singapore Grand Prix,Marina Bay,4956.5492831458605,23.0,0.0046403250903221,0.28600000000000136,0.8942500000000031,-0.08949999999999392,0.472999999999999,0.05,0.0,0.05,0.26,0.12,0.0,34.0,78.0,1,0,0.01568673220387009,1.731338688581767,1.436777339075894,10.0,1.0,Street-Slow,3,0.2931521858222855,0.42364413279281254,0.28320368138490193,91.27,90.984,SOFT,2.0,Q3
NOR,McLaren,2023,Spanish Grand Prix,Barcelona-Catalunya,4348.990357163425,16.0,0.003679014825509,0.5039999999999907,0.8942500000000031,-0.08949999999999392,0.9069999999999965,0.05,0.0,0.05,0.382,0.29200000000000004,0.0,25.4,68.0,0,1,-0.7232901430454965,-0.1931313249450013,0.28982074233246696,110.0,1.0,Permanent-Medium,3,0.29992030339672415,0.4026739584478399,0.2974057381554358,72.776,72.272,SOFT,2.0,Q3
NOR,McLaren,2023,São Paulo Grand Prix,Interlagos,4309.0,15.0,0.0034810860988628,0.0,0.8942500000000031,-0.08949999999999392,0.9069999999999965,0.05,0.0,0.05,0.13900000000000007,0.08400000000000006,0.0,35.8,61.0,0,1,-0.7719306088718323,-0.4680556125916825,0.05366841251622112,800.0,2.0,Permanent-Medium,3,0.26149298067722543,0.5050056411647935,0.23350137815798125,70.021,70.021,SOFT,2.0,Q3
NOR,McLaren,2023,United States Grand Prix,COTA,5337.916050454483,20.0,0.0037467805433727,0.12999999999999545,0.8942500000000031,-0.08949999999999392,1.0359999999999943,0.05,0.0,0.05,0.0,0.0,0.0,40.0,13.0,0,2,0.4795449852514533,0.9065658256417235,0.37067324124127227,230.0,3.0,Permanent-Fast,3,0.26867890314486625,0.40179013842472033,0.3295309584304134,94.853,94.723,SOFT,2.0,Q3
NOR,McLaren,2024,Abu Dhabi Grand Prix,Yas Marina,5333.449274375974,21.0,0.0039374144047628,0.0,0.35674999999999457,-0.054249999999996135,0.9069999999999965,0.05,0.0,0.05,0.289,0.22399999999999998,0.0,28.8,63.0,0,1,0.4741120237924506,1.1814901132884046,0.59812193588988,10.0,2.0,Permanent-Medium,3,0.2053150917125734,0.43314970639869244,0.36153520188873417,82.595,82.595,SOFT,2.0,Q3
NOR,McLaren,2024,Australian Grand Prix,Albert Park,4843.53245567963,14.0,0.0028904523977295,0.3999999999999915,0.35674999999999457,-0.054249999999996135,0.8379999999999939,0.05,0.0,0.05,0.16400000000000006,0.14400000000000007,0.0,32.8,54.0,1,1,-0.12177618446144439,-0.7429799002383637,-0.6510272976721347,31.0,2.0,Street-Medium,3,0.34584288802987617,0.2275699403786936,0.4265871715914303,76.315,75.915,SOFT,2.0,Q3
NOR,McLaren,2024,Austrian Grand Prix,Red Bull Ring,3999.68196710701,10.0,0.0025001987863632,0.4040000000000106,0.35674999999999457,-0.054249999999996135,1.0359999999999943,0.05,0.0,0.05,0.0,0.0,0.0,44.5,39.0,0,2,-1.148155635993153,-1.8426770508250885,-1.1166459125389459,700.0,2.0,Permanent-Fast,3,0.2530517012268611,0.445733798943107,0.3012144998300318,64.718,64.314,SOFT,2.0,Q3
NOR,McLaren,2024,Azerbaijan Grand Prix,Baku City,4978.250124294395,20.0,0.0040174759203837,2.2439999999999998,0.35674999999999457,-0.054249999999996135,1.3909999999999911,0.15000000000000002,0.0,0.15000000000000002,0.03799999999999997,0.03799999999999997,0.0,38.1,39.0,1,2,0.042081570788943895,0.9065658256417235,0.6936447726344993,28.0,2.0,Street-Fast,1,0.3540232991342451,0.40422164097713514,0.24175505988861967,103.609,101.365,SOFT,4.0,Q1
NOR,McLaren,2024,Bahrain Grand Prix,Bahrain International,5006.652008539475,15.0,0.0029960140977275,0.44899999999999807,0.35674999999999457,-0.054249999999996135,0.9069999999999965,0.05,0.0,0.05,0.38,0.38,0.0,21.0,46.0,0,1,0.07662692066868529,-0.4680556125916825,-0.5250797315138804,35.0,2.0,Permanent-Medium,3,0.32411230388109,0.4263507934028165,0.24953690271609344,89.614,89.165,SOFT,2.0,Q3
NOR,McLaren,2024,Belgian Grand Prix,Spa-Francorchamps,6775.131165030146,19.0,0.0028043737511782,0.8219999999999885,0.35674999999999457,-0.054249999999996135,1.0359999999999943,1.65,1.5,0.15000000000000002,4.078,0.358,3.5,22.1,94.0,0,2,2.227636715963657,0.6316415379950423,-0.7537292817396346,300.0,2.0,Permanent-Fast,3,0.280862599907002,0.4520665724989253,0.2670708275940727,113.981,113.159,INTERMEDIATE,4.0,Q3
NOR,McLaren,2024,British Grand Prix,Silverstone,5729.156782444218,18.0,0.003141823602237,0.21099999999999852,0.35674999999999457,-0.054249999999996135,1.0359999999999943,0.05,0.0,0.05,0.474,0.374,0.0,21.3,70.0,0,2,0.9554129895418016,0.3567172503483611,-0.3511117846537936,140.0,2.0,Permanent-Fast,3,0.32575845635243517,0.4018016970824131,0.2724398465651517,86.03,85.819,SOFT,2.0,Q3
NOR,McLaren,2024,Canadian Grand Prix,Gilles Villeneuve,3927.405044134453,14.0,0.0035646947138566,0.27899999999999636,0.35674999999999457,-0.054249999999996135,0.9069999999999965,0.05,0.0,0.05,0.23,0.17,0.0,31.5,62.0,0,1,-1.2360664087705144,-0.7429799002383637,0.15342335743024896,22.0,2.0,Permanent-Medium,3,0.27976562391524695,0.31624109634689884,0.40399327973785426,72.021,71.742,SOFT,2.0,Q3
NOR,McLaren,2024,Chinese Grand Prix,Shanghai International,5161.238099433068,16.0,0.0031000313668453,0.5050000000000097,0.35674999999999457,-0.054249999999996135,1.0359999999999943,0.05,0.0,0.05,0.17799999999999996,0.15799999999999997,0.0,32.1,54.0,0,2,0.2646507345248319,-0.1931313249450013,-0.4009748536645922,5.0,3.0,Permanent-Fast,3,0.26592683056337285,0.30138586523655286,0.4326873042000744,94.165,93.66,SOFT,2.0,Q3
NOR,McLaren,2024,Dutch Grand Prix,Zandvoort,4259.0,14.0,0.0032871566095327,0.0,0.35674999999999457,-0.054249999999996135,0.9069999999999965,0.05,0.0,0.05,0.315,0.23,0.0,28.5,67.0,0,1,-0.8327458519410066,-0.7429799002383637,-0.1777123552044761,2.0,2.0,Permanent-Medium,3,0.34194020639272027,0.3562212047708581,0.30183858883642156,69.673,69.673,SOFT,2.0,Q3
NOR,McLaren,2024,Emilia Romagna Grand Prix,Imola,4909.0,19.0,0.003870442045223,0.09100000000000819,0.35674999999999457,-0.054249999999996135,0.9069999999999965,0.05,0.0,0.05,0.0,0.0,0.0,40.4,46.0,0,1,-0.04214769204173995,0.6316415379950423,0.5182160070911476,37.0,1.0,Permanent-Medium,3,0.31600678808610716,0.34775578924863365,0.33623742266525913,74.837,74.746,SOFT,2.0,Q3
NOR,McLaren,2024,Hungarian Grand Prix,Hungaroring,4122.248439558155,14.0,0.0033962048152295,0.0,0.35674999999999457,-0.054249999999996135,0.6790000000000092,0.05,0.0,0.05,0.214,0.174,0.0,31.3,58.0,0,0,-0.9990774397082004,-0.7429799002383637,-0.04760497628108983,150.0,1.0,Permanent-Slow,3,0.3669693062331344,0.3506985523814588,0.28233214138540685,75.227,75.227,SOFT,2.0,Q3
NOR,McLaren,2024,Italian Grand Prix,Monza,5261.551646812222,11.0,0.0020906380357711,0.0,0.35674999999999457,-0.054249999999996135,1.0359999999999943,0.05,0.0,0.05,0.0,0.0,0.0,47.1,39.0,0,2,0.38666258986472024,-1.5677527631784072,-1.6053002230701332,120.0,2.0,Permanent-Fast,3,0.3339594337363067,0.3350561599455419,0.33098440631815146,79.327,79.327,SOFT,2.0,Q3
NOR,McLaren,2024,Japanese Grand Prix,Suzuka,5650.500064177964,18.0,0.0031855587639248,0.2920000000000016,0.35674999999999457,-0.054249999999996135,1.0359999999999943,0.05,0.0,0.05,0.341,0.28600000000000003,0.0,25.7,61.0,0,2,0.8597424407340858,0.3567172503483611,-0.29893057527368244,50.0,2.0,Permanent-Fast,3,0.3480658612934941,0.45247431884188993,0.19945981986461592,88.489,88.197,SOFT,2.0,Q3
NOR,McLaren,2024,Las Vegas Grand Prix,Las Vegas,6353.0,14.0,0.0022036832992287,0.695999999999998,0.35674999999999457,-0.054249999999996135,1.3909999999999911,0.1,0.0,0.1,0.53,0.53,0.0,13.5,26.0,1,2,1.7141965277960156,-0.7429799002383637,-1.4704238825178961,600.0,2.0,Street-Fast,3,0.28168544641321175,0.33541200756924133,0.3829025460175468,93.008,92.312,SOFT,3.0,Q3
NOR,McLaren,2024,Mexico City Grand Prix,Hermanos Rodriguez,4309.0,17.0,0.0039452309120445,0.31400000000000716,0.35674999999999457,-0.054249999999996135,0.9069999999999965,0.05,0.0,0.05,0.1,0.1,0.0,35.0,42.0,0,1,-0.7719306088718323,0.0817929627016799,0.6074479515566137,2240.0,2.0,Permanent-Medium,3,0.35786782061369005,0.38278258589037506,0.25934959349593495,76.26,75.946,SOFT,2.0,Q3
NOR,McLaren,2024,Miami Grand Prix,Miami,5412.0,19.0,0.003510716925351,0.35299999999999443,0.35674999999999457,-0.054249999999996135,0.8379999999999939,0.05,0.0,0.05,0.03,0.0,0.0,45.4,56.0,1,1,0.5696536532341541,0.6316415379950423,0.08902148545382091,3.0,3.0,Street-Medium,3,0.3302509304290248,0.38491220859876246,0.28483686097221267,87.594,87.241,SOFT,2.0,Q3
NOR,McLaren,2024,Monaco Grand Prix,Monaco,2982.89347053333,19.0,0.0063696542259026,0.27200000000000557,0.35674999999999457,-0.054249999999996135,0.472999999999999,0.05,0.0,0.05,0.06,0.0,0.0,43.8,62.0,1,0,-2.3848804273745277,0.6316415379950423,3.5000710878223424,10.0,1.0,Street-Slow,3,0.2617731280655496,0.47262623685180466,0.2656006350826458,70.542,70.27,SOFT,2.0,Q3
NOR,McLaren,2024,Qatar Grand Prix,Losail,5380.0,16.0,0.0029739776951672,0.25200000000000955,0.35674999999999457,-0.054249999999996135,0.9069999999999965,0.15000000000000002,0.0,0.15000000000000002,0.415,0.37,0.0,21.5,59.0,0,1,0.5307318976698825,-0.1931313249450013,-0.5513717604354108,20.0,2.0,Permanent-Medium,3,0.368085475164661,0.3393750309513197,0.29253949388401923,80.772,80.52,SOFT,4.0,Q3
NOR,McLaren,2024,Saudi Arabian Grand Prix,Jeddah,6174.0,27.0,0.0043731778425655,0.6600000000000108,0.35674999999999457,-0.054249999999996135,1.3909999999999911,0.05,0.0,0.05,0.225,0.2,0.0,30.0,55.0,1,2,1.4964779576083713,2.8310358391684916,1.1180391446222482,15.0,3.0,Street-Fast,3,0.3617301320746153,0.3179548858530386,0.320314982072346,88.132,87.472,SOFT,2.0,Q3
NOR,McLaren,2024,Singapore Grand Prix,Marina Bay,4956.5492831458605,23.0,0.0046403250903221,0.0,0.35674999999999457,-0.054249999999996135,0.472999999999999,0.05,0.0,0.05,0.31799999999999995,0.16799999999999998,0.0,31.6,80.0,1,0,0.01568673220387009,1.731338688581767,1.436777339075894,10.0,1.0,Street-Slow,3,0.2971125383970958,0.42032951689472214,0.2825579447081821,89.525,89.525,SOFT,2.0,Q3
NOR,McLaren,2024,Spanish Grand Prix,Barcelona-Catalunya,4348.990357163425,16.0,0.003679014825509,0.0,0.35674999999999457,-0.054249999999996135,0.9069999999999965,0.05,0.0,0.05,0.175,0.08,0.0,36.0,69.0,0,1,-0.7232901430454965,-0.1931313249450013,0.28982074233246696,110.0,1.0,Permanent-Medium,3,0.2995531148872981,0.3978818486194192,0.3025650364932827,71.383,71.383,SOFT,2.0,Q3
NOR,McLaren,2024,São Paulo Grand Prix,Interlagos,4309.0,15.0,0.0034810860988628,0.0,0.35674999999999457,-0.054249999999996135,0.9069999999999965,1.6,1.5,0.1,4.0280000000000005,0.318,3.5,24.1,92.0,0,1,-0.7719306088718323,-0.4680556125916825,0.05366841251622112,800.0,2.0,Permanent-Medium,3,0.2594448774054313,0.5252323002218092,0.21532282237275943,83.405,83.405,INTERMEDIATE,3.0,Q3
NOR,McLaren,2024,United States Grand Prix,COTA,5337.916050454483,20.0,0.0037467805433727,0.0,0.35674999999999457,-0.054249999999996135,1.0359999999999943,0.05,0.0,0.05,0.07400000000000005,0.07400000000000005,0.0,36.3,39.0,0,2,0.4795449852514533,0.9065658256417235,0.37067324124127227,230.0,3.0,Permanent-Fast,3,0.2706812520307592,0.39951261778403546,0.3298061301852052,92.33,92.33,SOFT,2.0,Q3
OCO,Alpine,2020,70th Anniversary Grand Prix,Silverstone,5729.156782444218,18.0,0.003141823602237,1.8569999999999993,1.161999999999999,0.09999999999999432,1.555499999999995,0.45,0.4,0.05,0.020500000000000008,0.0,0.0,40.2,54.1,0,2,0.9554129895418016,0.3567172503483611,-0.3511117846537936,140.0,2.0,Permanent-Fast,2,0.32117778211950215,0.4054889611658296,0.2733332567146683,87.011,85.154,MEDIUM,2.0,Q2
OCO,Alpine,2020,Abu Dhabi Grand Prix,Yas Marina,5333.449274375974,21.0,0.0039374144047628,1.1129999999999995,1.161999999999999,0.09999999999999432,1.2294999999999945,0.05,0.0,0.05,0.30250000000000005,0.24200000000000002,0.0,27.9,62.1,0,1,0.4741120237924506,1.1814901132884046,0.59812193588988,10.0,2.0,Permanent-Medium,2,0.17755476914455318,0.4276507643292271,0.39479446652621963,96.359,95.246,SOFT,2.0,Q2
OCO,Alpine,2020,Austrian Grand Prix,Red Bull Ring,3999.68196710701,10.0,0.0025001987863632,1.7040000000000006,1.161999999999999,0.09999999999999432,1.555499999999995,0.05,0.0,0.05,0.0,0.0,0.0,49.4,33.0,0,2,-1.148155635993153,-1.8426770508250885,-1.1166459125389459,700.0,2.0,Permanent-Fast,2,0.2540104883746114,0.44315703169716747,0.30283247992822115,64.643,62.939,SOFT,2.0,Q2
OCO,Alpine,2020,Bahrain Grand Prix,Bahrain International,5006.652008539475,15.0,0.0029960140977275,1.1550000000000011,1.161999999999999,0.09999999999999432,1.2294999999999945,0.05,0.0,0.05,0.30200000000000005,0.256,0.0,27.2,59.2,0,1,0.07662692066868529,-0.4680556125916825,-0.5250797315138804,35.0,2.0,Permanent-Medium,3,0.3164930614460693,0.4309254798176862,0.2525814587362445,88.419,87.264,SOFT,2.0,Q3
OCO,Alpine,2020,Belgian Grand Prix,Spa-Francorchamps,6775.131165030146,19.0,0.0028043737511782,1.1440000000000055,1.161999999999999,0.09999999999999432,1.555499999999995,0.05,0.0,0.05,0.3895,0.326,0.0,23.7,62.7,0,2,2.227636715963657,0.6316415379950423,-0.7537292817396346,300.0,2.0,Permanent-Fast,3,0.29621274268526115,0.4278292120785968,0.27595804523614204,102.396,101.252,SOFT,2.0,Q3
OCO,Alpine,2020,British Grand Prix,Silverstone,5729.156782444218,18.0,0.003141823602237,1.906000000000006,1.161999999999999,0.09999999999999432,1.555499999999995,0.05,0.0,0.05,0.033499999999999974,0.01799999999999997,0.0,39.1,53.1,0,2,0.9554129895418016,0.3567172503483611,-0.3511117846537936,140.0,2.0,Permanent-Fast,3,0.32066257583314967,0.40489972044682104,0.27443770372002924,86.209,84.303,SOFT,2.0,Q3
OCO,Alpine,2020,Eifel Grand Prix,Hockenheimring,4317.957322804004,17.0,0.0039370467860392,0.972999999999999,1.161999999999999,0.09999999999999432,1.2294999999999945,0.05,0.0,0.05,0.43100000000000005,0.41000000000000003,0.0,19.5,54.2,0,1,-0.7610357736003405,0.0817929627016799,0.5976833233674174,100.0,2.0,Permanent-Medium,3,0.32444748498411446,0.41710535469956633,0.2584471603163192,86.242,85.269,SOFT,2.0,Q3
OCO,Alpine,2020,Emilia Romagna Grand Prix,Imola,4909.0,19.0,0.003870442045223,1.5919999999999987,1.161999999999999,0.09999999999999432,1.2294999999999945,0.05,0.0,0.05,0.39150000000000007,0.31200000000000006,0.0,24.4,65.9,0,1,-0.04214769204173995,0.6316415379950423,0.5182160070911476,37.0,1.0,Permanent-Medium,2,0.31951702769909973,0.34492892381750245,0.33555404848339787,75.201,73.609,SOFT,2.0,Q2
OCO,Alpine,2020,Hungarian Grand Prix,Hungaroring,4122.248439558155,14.0,0.0033962048152295,2.2719999999999914,1.161999999999999,0.09999999999999432,1.2340000000000089,0.05,0.0,0.05,0.3725,0.26,0.0,27.0,72.5,0,0,-0.9990774397082004,-0.7429799002383637,-0.04760497628108983,150.0,1.0,Permanent-Slow,2,0.36513952904819136,0.3538741927389427,0.28098627821286604,75.719,73.447,SOFT,2.0,Q2
OCO,Alpine,2020,Italian Grand Prix,Monza,5261.551646812222,11.0,0.0020906380357711,1.3469999999999942,1.161999999999999,0.09999999999999432,1.555499999999995,0.05,0.0,0.05,0.0,0.0,0.0,45.3,42.0,0,2,0.38666258986472024,-1.5677527631784072,-1.6053002230701332,120.0,2.0,Permanent-Fast,2,0.3349452850412543,0.33518209237978913,0.32987262257895655,80.234,78.887,SOFT,2.0,Q2
OCO,Alpine,2020,Portuguese Grand Prix,Portimao,4653.0,15.0,0.0032237266279819,1.1480000000000103,1.161999999999999,0.09999999999999432,1.2294999999999945,0.1,0.0,0.1,0.08599999999999995,0.08599999999999995,0.0,35.7,49.0,0,1,-0.3535217365559127,-0.4680556125916825,-0.25339180900199537,90.0,1.0,Permanent-Medium,2,0.29032133377998814,0.38338444095137475,0.32629422526863705,77.614,76.466,SOFT,3.0,Q2
OCO,Alpine,2020,Russian Grand Prix,Sochi Autodrom,5760.2985642132535,18.0,0.0031248380269432,1.3199999999999932,1.161999999999999,0.09999999999999432,1.2294999999999945,0.05,0.0,0.05,0.1875,0.166,0.0,31.7,54.3,0,1,0.993290890099623,0.3567172503483611,-0.37137758056360215,5.0,2.0,Permanent-Medium,3,0.36612541026083956,0.34433840041457936,0.28953618932458114,92.624,91.304,SOFT,2.0,Q3
OCO,Alpine,2020,Sakhir Grand Prix,Bahrain International,5006.652008539475,15.0,0.0029960140977275,0.617999999999995,1.161999999999999,0.09999999999999432,1.2294999999999945,0.05,0.0,0.05,0.40750000000000003,0.27,0.0,26.5,77.5,0,1,0.07662692066868529,-0.4680556125916825,-0.5250797315138804,35.0,2.0,Permanent-Medium,2,0.3468098898046115,0.350699138809149,0.3024909713862394,53.995,53.377,SOFT,2.0,Q2
OCO,Alpine,2020,Spanish Grand Prix,Barcelona-Catalunya,4348.990357163425,16.0,0.003679014825509,1.9829999999999899,1.161999999999999,0.09999999999999432,1.2294999999999945,0.05,0.0,0.05,0.0035000000000000144,0.0,0.0,49.3,50.7,0,1,-0.7232901430454965,-0.1931313249450013,0.28982074233246696,110.0,1.0,Permanent-Medium,2,0.2827619993038276,0.3724135263707504,0.34482447432542185,77.567,75.584,SOFT,2.0,Q2
OCO,Alpine,2020,Styrian Grand Prix,Red Bull Ring,3999.68196710701,10.0,0.0025001987863632,0.938999999999993,1.161999999999999,0.09999999999999432,1.555499999999995,2.75,2.5,0.25,4.098,0.40399999999999997,3.5,19.8,88.8,0,2,-1.148155635993153,-1.8426770508250885,-1.1166459125389459,700.0,2.0,Permanent-Fast,3,0.24649586105327306,0.4428292113148139,0.31067492763191307,78.764,77.825,WET,6.0,Q3
OCO,Alpine,2020,Turkish Grand Prix,Istanbul Park,5338.0,14.0,0.0026227051330086,4.856999999999999,1.161999999999999,0.09999999999999432,1.555499999999995,2.95,2.5,0.45,0.7405,0.54,0.0,13.0,90.1,0,2,0.47964709349177603,-0.7429799002383637,-0.9704813831763092,130.0,1.0,Permanent-Fast,3,0.3768002699294987,0.3543002255331996,0.26889950453730177,112.622,107.765,WET,10.0,Q3
OCO,Alpine,2020,Tuscan Grand Prix,Mugello,5245.0,15.0,0.0028598665395614,1.1529999999999916,1.161999999999999,0.09999999999999432,1.555499999999995,0.05,0.0,0.05,0.0,0.0,0.0,44.9,40.7,0,2,0.36653074138311176,-0.4680556125916825,-0.6875198361136977,255.0,1.0,Permanent-Fast,3,0.3580350472495642,0.275161539772206,0.3668034129782298,76.297,75.144,SOFT,2.0,Q3
OCO,Alpine,2021,Abu Dhabi Grand Prix,Yas Marina,5333.449274375974,21.0,0.0039374144047628,1.2800000000000011,1.252750000000006,0.027499999999996305,1.2294999999999945,0.05,0.0,0.05,0.30650000000000005,0.24600000000000002,0.0,27.7,62.1,0,1,0.4741120237924506,1.1814901132884046,0.59812193588988,10.0,2.0,Permanent-Medium,3,0.20449939440453777,0.4322992241182889,0.3632013814771732,83.389,82.109,SOFT,2.0,Q3
OCO,Alpine,2021,Austrian Grand Prix,Red Bull Ring,3999.68196710701,10.0,0.0025001987863632,1.331000000000003,1.252750000000006,0.027499999999996305,1.555499999999995,0.05,0.0,0.05,0.0,0.0,0.0,52.8,26.5,0,2,-1.148155635993153,-1.8426770508250885,-1.1166459125389459,700.0,2.0,Permanent-Fast,1,0.25538423698329,0.44266806044488166,0.30194770257182824,65.051,63.72,SOFT,2.0,Q1
OCO,Alpine,2021,Azerbaijan Grand Prix,Baku City,4978.250124294395,20.0,0.0040174759203837,1.0549999999999926,1.252750000000006,0.027499999999996305,1.3290000000000006,0.05,0.0,0.05,0.0,0.0,0.0,46.6,48.8,1,2,0.042081570788943895,0.9065658256417235,0.6936447726344993,28.0,2.0,Street-Fast,2,0.35045417656664024,0.40190470603189504,0.24764111740146474,102.273,101.218,SOFT,2.0,Q2
OCO,Alpine,2021,Bahrain Grand Prix,Bahrain International,5006.652008539475,15.0,0.0029960140977275,2.727000000000004,1.252750000000006,0.027499999999996305,1.2294999999999945,0.05,0.0,0.05,0.11599999999999995,0.11599999999999995,0.0,34.2,42.6,0,1,0.07662692066868529,-0.4680556125916825,-0.5250797315138804,35.0,2.0,Permanent-Medium,1,0.31615498669922815,0.4340521564694083,0.24979285683136368,91.724,88.997,SOFT,2.0,Q1
OCO,Alpine,2021,Belgian Grand Prix,Spa-Francorchamps,6775.131165030146,19.0,0.0028043737511782,1.3289999999999935,1.252750000000006,0.027499999999996305,1.555499999999995,1.55,1.5,0.05,0.6575,0.452,0.0,17.4,91.1,0,2,2.227636715963657,0.6316415379950423,-0.7537292817396346,300.0,2.0,Permanent-Fast,3,0.2778175435008607,0.45361044361504504,0.26857201288409427,117.354,116.025,INTERMEDIATE,2.0,Q3
OCO,Alpine,2021,British Grand Prix,Silverstone,5729.156782444218,18.0,0.003141823602237,1.3170000000000073,1.252750000000006,0.027499999999996305,1.555499999999995,0.05,0.0,0.05,0.047499999999999966,0.027999999999999973,0.0,38.6,53.9,0,2,0.9554129895418016,0.3567172503483611,-0.3511117846537936,140.0,2.0,Permanent-Fast,2,0.3171399129837417,0.40719029081749486,0.2756697961987635,87.34,86.023,SOFT,2.0,Q2
OCO,Alpine,2021,Dutch Grand Prix,Zandvoort,4259.0,14.0,0.0032871566095327,1.0339999999999918,1.252750000000006,0.027499999999996305,1.2294999999999945,0.05,0.0,0.05,0.15550000000000003,0.09200000000000003,0.0,35.4,62.7,0,1,-0.8327458519410066,-0.7429799002383637,-0.1777123552044761,2.0,2.0,Permanent-Medium,3,0.3479025729773023,0.34100888170597404,0.31108854531672364,69.919,68.885,SOFT,2.0,Q3
OCO,Alpine,2021,Emilia Romagna Grand Prix,Imola,4909.0,19.0,0.003870442045223,0.7060000000000031,1.252750000000006,0.027499999999996305,1.2294999999999945,0.05,0.0,0.05,0.21799999999999997,0.21799999999999997,0.0,29.1,35.8,0,1,-0.04214769204173995,0.6316415379950423,0.5182160070911476,37.0,1.0,Permanent-Medium,3,0.3191687633957693,0.3450617037421622,0.3357695328620685,75.117,74.411,SOFT,2.0,Q3
OCO,Alpine,2021,French Grand Prix,Paul Ricard,5247.8799638259,15.0,0.0028582970844219,1.7460000000000093,1.252750000000006,0.027499999999996305,1.555499999999995,0.45,0.4,0.05,0.0,0.0,0.0,45.4,41.2,0,2,0.37003365538516214,-0.4680556125916825,-0.6893923813172924,40.0,3.0,Permanent-Fast,2,0.24962937123920817,0.30249847388157325,0.44787215487921866,91.736,89.99,MEDIUM,2.0,Q2
OCO,Alpine,2021,Hungarian Grand Prix,Hungaroring,4122.248439558155,14.0,0.0033962048152295,1.2340000000000089,1.252750000000006,0.027499999999996305,1.2340000000000089,0.05,0.0,0.05,0.0,0.0,0.0,57.8,45.1,0,0,-0.9990774397082004,-0.7429799002383637,-0.04760497628108983,150.0,1.0,Permanent-Slow,3,0.3635735065816081,0.3543501232828461,0.28207637013554593,76.653,75.419,SOFT,2.0,Q3
OCO,Alpine,2021,Italian Grand Prix,Monza,5261.551646812222,11.0,0.0020906380357711,1.5479999999999876,1.252750000000006,0.027499999999996305,1.555499999999995,0.05,0.0,0.05,0.17600000000000002,0.17600000000000002,0.0,31.2,42.7,0,2,0.38666258986472024,-1.5677527631784072,-1.6053002230701332,120.0,2.0,Permanent-Fast,2,0.3323304933233049,0.3358198833581988,0.3318496233184962,81.103,79.555,SOFT,2.0,Q2
OCO,Alpine,2021,Mexico City Grand Prix,Hermanos Rodriguez,4309.0,17.0,0.0039452309120445,2.2510000000000048,1.252750000000006,0.027499999999996305,1.2294999999999945,0.05,0.0,0.05,0.0,0.0,0.0,45.6,20.0,0,1,-0.7719306088718323,0.0817929627016799,0.6074479515566137,2240.0,2.0,Permanent-Medium,2,0.3553874510406267,0.38457107749020814,0.2600414714691652,78.126,75.875,SOFT,2.0,Q2
OCO,Alpine,2021,Monaco Grand Prix,Monaco,2982.89347053333,19.0,0.0063696542259026,1.1400000000000006,1.252750000000006,0.027499999999996305,1.1400000000000006,0.15000000000000002,0.0,0.15000000000000002,0.25650000000000006,0.13400000000000006,0.0,33.3,74.5,1,0,-2.3848804273745277,0.6316415379950423,3.5000710878223424,10.0,1.0,Street-Slow,2,0.26326833226086227,0.4700640684889349,0.2666675992502028,71.486,70.346,SOFT,4.0,Q2
OCO,Alpine,2021,Portuguese Grand Prix,Portimao,4653.0,15.0,0.0032237266279819,0.617999999999995,1.252750000000006,0.027499999999996305,1.2294999999999945,0.05,0.0,0.05,0.07,0.07,0.0,36.5,40.9,0,1,-0.3535217365559127,-0.4680556125916825,-0.25339180900199537,90.0,1.0,Permanent-Medium,3,0.289300893288881,0.3846486651566437,0.3260504415544754,78.586,77.968,SOFT,2.0,Q3
OCO,Alpine,2021,Qatar Grand Prix,Losail,5380.0,16.0,0.0029739776951672,1.1850000000000023,1.252750000000006,0.027499999999996305,1.2294999999999945,0.05,0.0,0.05,0.3085,0.22200000000000003,0.0,28.9,67.3,0,1,0.5307318976698825,-0.1931313249450013,-0.5513717604354108,20.0,2.0,Permanent-Medium,3,0.3261351997268692,0.3358776764375945,0.33798712383553625,82.012,80.827,SOFT,2.0,Q3
OCO,Alpine,2021,Russian Grand Prix,Sochi Autodrom,5760.2985642132535,18.0,0.0031248380269432,3.872,1.252750000000006,0.027499999999996305,1.2294999999999945,1.7,1.5,0.2,0.6285000000000001,0.48,0.0,16.0,79.7,0,1,0.993290890099623,0.3567172503483611,-0.37137758056360215,5.0,2.0,Permanent-Medium,3,0.35285505124450944,0.34328626080385394,0.3038586879516365,105.865,101.993,INTERMEDIATE,5.0,Q3
OCO,Alpine,2021,Saudi Arabian Grand Prix,Jeddah,6174.0,27.0,0.0043731778425655,1.0630000000000024,1.252750000000006,0.027499999999996305,1.3290000000000006,0.65,0.4,0.25,0.29600000000000004,0.18200000000000002,0.0,30.9,72.8,1,2,1.4964779576083713,2.8310358391684916,1.1180391446222482,15.0,3.0,Street-Fast,2,0.3640571725337007,0.3199584528191117,0.31598437464718765,88.574,87.511,MEDIUM,6.0,Q2
OCO,Alpine,2021,Spanish Grand Prix,Barcelona-Catalunya,4348.990357163425,16.0,0.003679014825509,0.8389999999999986,1.252750000000006,0.027499999999996305,1.2294999999999945,0.05,0.0,0.05,0.0,0.0,0.0,44.1,48.5,0,1,-0.7232901430454965,-0.1931313249450013,0.28982074233246696,110.0,1.0,Permanent-Medium,3,0.2817865429234339,0.3749291054395463,0.34328435163701987,77.58,76.741,SOFT,2.0,Q3
OCO,Alpine,2021,Styrian Grand Prix,Red Bull Ring,3999.68196710701,10.0,0.0025001987863632,1.3759999999999977,1.252750000000006,0.027499999999996305,1.555499999999995,0.05,0.0,0.05,0.0,0.0,0.0,52.0,27.9,0,2,-1.148155635993153,-1.8426770508250885,-1.1166459125389459,700.0,2.0,Permanent-Fast,1,0.25277151662909975,0.4429366576199457,0.3042918257509545,65.217,63.841,SOFT,2.0,Q1
OCO,Alpine,2021,São Paulo Grand Prix,Interlagos,4309.0,15.0,0.0034810860988628,1.2549999999999955,1.252750000000006,0.027499999999996305,1.2294999999999945,0.05,0.0,0.05,0.456,0.304,0.0,24.8,80.4,0,1,-0.7719306088718323,-0.4680556125916825,0.05366841251622112,800.0,2.0,Permanent-Medium,2,0.25637023226235384,0.5082455303588721,0.23538423737877412,69.189,67.934,SOFT,2.0,Q2
OCO,Alpine,2021,Turkish Grand Prix,Istanbul Park,5338.0,14.0,0.0026227051330086,1.9740000000000038,1.252750000000006,0.027499999999996305,1.555499999999995,0.55,0.4,0.15000000000000002,0.518,0.36200000000000004,0.0,21.9,81.2,0,2,0.47964709349177603,-0.7429799002383637,-0.9704813831763092,130.0,1.0,Permanent-Fast,2,0.3767591523066406,0.3510643313453243,0.27217651634803514,84.842,82.868,MEDIUM,4.0,Q2
OCO,Alpine,2021,United States Grand Prix,COTA,5337.916050454483,20.0,0.0037467805433727,2.4669999999999987,1.252750000000006,0.027499999999996305,1.555499999999995,0.45,0.4,0.05,0.09050000000000004,0.06400000000000006,0.0,36.8,55.3,0,2,0.4795449852514533,0.9065658256417235,0.37067324124127227,230.0,3.0,Permanent-Fast,2,0.27022238065781057,0.3989431414282269,0.3308344779139625,95.377,92.91,MEDIUM,2.0,Q2
OCO,Alpine,2022,Abu Dhabi Grand Prix,Yas Marina,5333.449274375974,21.0,0.0039374144047628,1.0060000000000002,1.3154999999999966,0.08050000000000068,1.2294999999999945,0.05,0.0,0.05,0.245,0.14,0.0,33.0,71.0,0,1,0.4741120237924506,1.1814901132884046,0.59812193588988,10.0,2.0,Permanent-Medium,3,0.20591771778851822,0.430154426500059,0.36392785571142283,84.83,83.824,SOFT,2.0,Q3
OCO,Alpine,2022,Australian Grand Prix,Albert Park,4843.53245567963,14.0,0.0028904523977295,1.193000000000012,1.3154999999999966,0.08050000000000068,1.0360000000000014,0.05,0.0,0.05,0.322,0.262,0.0,26.9,62.0,1,1,-0.12177618446144439,-0.7429799002383637,-0.6510272976721347,31.0,2.0,Street-Medium,3,0.3410025170438016,0.22720431059561605,0.4317931723605823,79.061,77.868,SOFT,2.0,Q3
OCO,Alpine,2022,Austrian Grand Prix,Red Bull Ring,3999.68196710701,10.0,0.0025001987863632,0.7420000000000044,1.3154999999999966,0.08050000000000068,1.555499999999995,0.1,0.0,0.1,0.13599999999999995,0.13599999999999995,0.0,33.2,35.0,0,2,-1.148155635993153,-1.8426770508250885,-1.1166459125389459,700.0,2.0,Permanent-Fast,3,0.25353741289596204,0.4440860542251164,0.3023765328789216,65.726,64.984,SOFT,3.0,Q3
OCO,Alpine,2022,Azerbaijan Grand Prix,Baku City,4978.250124294395,20.0,0.0040174759203837,2.225999999999999,1.3154999999999966,0.08050000000000068,1.3290000000000006,0.15000000000000002,0.0,0.15000000000000002,0.22,0.12,0.0,34.0,70.0,1,2,0.042081570788943895,0.9065658256417235,0.6936447726344993,28.0,2.0,Street-Fast,2,0.3525317372206401,0.40612057730366363,0.24134768547569627,103.585,101.359,SOFT,4.0,Q2
OCO,Alpine,2022,Bahrain Grand Prix,Bahrain International,5006.652008539475,15.0,0.0029960140977275,1.2239999999999895,1.3154999999999966,0.08050000000000068,1.2294999999999945,0.05,0.0,0.05,0.323,0.298,0.0,25.1,55.0,0,1,0.07662692066868529,-0.4680556125916825,-0.5250797315138804,35.0,2.0,Permanent-Medium,2,0.32040051426205574,0.4281231614041969,0.25147632433374734,91.782,90.558,SOFT,2.0,Q2
OCO,Alpine,2022,Belgian Grand Prix,Spa-Francorchamps,6775.131165030146,19.0,0.0028043737511782,1.5150000000000006,1.3154999999999966,0.08050000000000068,1.555499999999995,0.05,0.0,0.05,0.547,0.38200000000000006,0.0,20.9,83.0,0,2,2.227636715963657,0.6316415379950423,-0.7537292817396346,300.0,2.0,Permanent-Fast,3,0.29317360714964824,0.42941623882867463,0.2774101540216772,105.18,103.665,SOFT,2.0,Q3
OCO,Alpine,2022,British Grand Prix,Silverstone,5729.156782444218,18.0,0.003141823602237,2.600999999999999,1.3154999999999966,0.08050000000000068,1.555499999999995,1.8,1.5,0.30000000000000004,0.5800000000000001,0.39,0.0,20.5,88.0,0,2,0.9554129895418016,0.3567172503483611,-0.3511117846537936,140.0,2.0,Permanent-Fast,2,0.3133687211245454,0.40662538091025263,0.280005897965202,101.73,99.129,INTERMEDIATE,7.0,Q2
OCO,Alpine,2022,Canadian Grand Prix,Gilles Villeneuve,3927.405044134453,14.0,0.0035646947138566,2.2299999999999898,1.3154999999999966,0.08050000000000068,1.2294999999999945,1.6,1.5,0.1,0.498,0.438,0.0,18.1,62.0,0,1,-1.2360664087705144,-0.7429799002383637,0.15342335743024896,22.0,2.0,Permanent-Medium,3,0.285589436004262,0.31925439069065836,0.3951561733050797,83.529,81.299,INTERMEDIATE,3.0,Q3
OCO,Alpine,2022,Dutch Grand Prix,Zandvoort,4259.0,14.0,0.0032871566095327,1.2630000000000052,1.3154999999999966,0.08050000000000068,1.2294999999999945,0.05,0.0,0.05,0.004000000000000057,0.004000000000000057,0.0,39.8,30.0,0,1,-0.8327458519410066,-0.7429799002383637,-0.1777123552044761,2.0,2.0,Permanent-Medium,2,0.34659590810697577,0.3476991830179456,0.30570490887507856,71.605,70.342,SOFT,2.0,Q2
OCO,Alpine,2022,Emilia Romagna Grand Prix,Imola,4909.0,19.0,0.003870442045223,3.5449999999999875,1.3154999999999966,0.08050000000000068,1.2294999999999945,0.25,0.0,0.25,0.676,0.506,0.0,14.7,84.0,0,1,-0.04214769204173995,0.6316415379950423,0.5182160070911476,37.0,1.0,Permanent-Medium,1,0.32160120479001186,0.34035317836236,0.338045616847628,82.338,78.793,SOFT,6.0,Q1
OCO,Alpine,2022,French Grand Prix,Paul Ricard,5247.8799638259,15.0,0.0028582970844219,2.176000000000002,1.3154999999999966,0.08050000000000068,1.555499999999995,0.05,0.0,0.05,0.0,0.0,0.0,53.8,45.0,0,2,0.37003365538516214,-0.4680556125916825,-0.6893923813172924,40.0,3.0,Permanent-Fast,2,0.2504728742154587,0.3067341587137821,0.44279296707075916,93.048,90.872,SOFT,2.0,Q2
OCO,Alpine,2022,Hungarian Grand Prix,Hungaroring,4122.248439558155,14.0,0.0033962048152295,0.6410000000000053,1.3154999999999966,0.08050000000000068,1.2340000000000089,0.05,0.0,0.05,0.271,0.17600000000000002,0.0,31.2,69.0,0,0,-0.9990774397082004,-0.7429799002383637,-0.04760497628108983,150.0,1.0,Permanent-Slow,3,0.3632366889692122,0.3562254864262094,0.28053782460457843,78.018,77.377,SOFT,2.0,Q3
OCO,Alpine,2022,Italian Grand Prix,Monza,5261.551646812222,11.0,0.0020906380357711,1.968999999999994,1.3154999999999966,0.08050000000000068,1.555499999999995,0.05,0.0,0.05,0.0,0.0,0.0,40.6,34.0,0,2,0.38666258986472024,-1.5677527631784072,-1.6053002230701332,120.0,2.0,Permanent-Fast,2,0.33009862413247293,0.3362839400949714,0.3336174357725557,82.13,80.161,SOFT,2.0,Q2
OCO,Alpine,2022,Japanese Grand Prix,Suzuka,5650.500064177964,18.0,0.0031855587639248,0.8610000000000042,1.3154999999999966,0.08050000000000068,1.555499999999995,0.05,0.0,0.05,0.32399999999999995,0.284,0.0,25.8,58.0,0,2,0.8597424407340858,0.3567172503483611,-0.29893057527368244,50.0,2.0,Permanent-Fast,3,0.347507347640437,0.45234847224532804,0.20014418011423502,90.165,89.304,SOFT,2.0,Q3
OCO,Alpine,2022,Mexico City Grand Prix,Hermanos Rodriguez,4309.0,17.0,0.0039452309120445,1.2349999999999994,1.3154999999999966,0.08050000000000068,1.2294999999999945,0.05,0.0,0.05,0.0,0.0,0.0,46.0,36.0,0,1,-0.7719306088718323,0.0817929627016799,0.6074479515566137,2240.0,2.0,Permanent-Medium,3,0.3539551955448677,0.3869636754841159,0.2590811289710163,79.01,77.775,SOFT,2.0,Q3
OCO,Alpine,2022,Monaco Grand Prix,Monaco,2982.89347053333,19.0,0.0063696542259026,1.152000000000001,1.3154999999999966,0.08050000000000068,1.1400000000000006,0.05,0.0,0.05,0.0,0.0,0.0,51.8,43.0,1,0,-2.3848804273745277,0.6316415379950423,3.5000710878223424,10.0,1.0,Street-Slow,3,0.2660213986322524,0.4699426428413855,0.26403595852636225,72.528,71.376,SOFT,2.0,Q3
OCO,Alpine,2022,Saudi Arabian Grand Prix,Jeddah,6174.0,27.0,0.0043731778425655,0.867999999999995,1.3154999999999966,0.08050000000000068,1.3290000000000006,0.4,0.0,0.4,0.364,0.304,0.0,24.8,62.0,1,2,1.4964779576083713,2.8310358391684916,1.1180391446222482,15.0,3.0,Street-Fast,3,0.36563075403062834,0.3209794763551444,0.3133897696142273,89.068,88.2,SOFT,9.0,Q3
OCO,Alpine,2022,Singapore Grand Prix,Marina Bay,4956.5492831458605,23.0,0.0046403250903221,6.924999999999997,1.3154999999999966,0.08050000000000068,1.1400000000000006,1.7,1.5,0.2,0.396,0.23600000000000002,0.0,28.2,82.0,1,0,0.01568673220387009,1.731338688581767,1.436777339075894,10.0,1.0,Street-Slow,1,0.2629344060788915,0.3910965556959523,0.3459690382251563,116.337,109.412,INTERMEDIATE,5.0,Q1
OCO,Alpine,2022,Spanish Grand Prix,Barcelona-Catalunya,4348.990357163425,16.0,0.003679014825509,1.8880000000000052,1.3154999999999966,0.08050000000000068,1.2294999999999945,0.05,0.0,0.05,0.0,0.0,0.0,47.6,16.0,0,1,-0.7232901430454965,-0.1931313249450013,0.28982074233246696,110.0,1.0,Permanent-Medium,2,0.2772018155212183,0.37685706490736376,0.34594111957141793,80.638,78.75,SOFT,2.0,Q2
OCO,Alpine,2022,São Paulo Grand Prix,Interlagos,4309.0,15.0,0.0034810860988628,0.7060000000000031,1.3154999999999966,0.08050000000000068,1.2294999999999945,0.05,0.0,0.05,0.469,0.254,0.0,27.3,93.0,0,1,-0.7719306088718323,-0.4680556125916825,0.05366841251622112,800.0,2.0,Permanent-Medium,3,0.25694609356447395,0.5042815036249598,0.23877240281056616,71.587,70.881,SOFT,2.0,Q3
OCO,Alpine,2022,United States Grand Prix,COTA,5337.916050454483,20.0,0.0037467805433727,2.7120000000000033,1.3154999999999966,0.08050000000000068,1.555499999999995,0.05,0.0,0.05,0.06400000000000006,0.06400000000000006,0.0,36.8,36.0,0,2,0.4795449852514533,0.9065658256417235,0.37067324124127227,230.0,3.0,Permanent-Fast,1,0.26933695965714755,0.40465446903201885,0.32600857131083366,97.068,94.356,SOFT,2.0,Q1
OCO,Alpine,2023,Abu Dhabi Grand Prix,Yas Marina,5333.449274375974,21.0,0.0039374144047628,0.9460000000000122,1.1500000000000057,0.03549999999999898,1.2294999999999945,0.05,0.0,0.05,0.259,0.174,0.0,31.3,67.0,0,1,0.4741120237924506,1.1814901132884046,0.59812193588988,10.0,2.0,Permanent-Medium,2,0.20377765401523856,0.4297970162695074,0.36642532971525393,84.391,83.445,SOFT,2.0,Q2
OCO,Alpine,2023,Australian Grand Prix,Albert Park,4843.53245567963,14.0,0.0028904523977295,1.0360000000000014,1.1500000000000057,0.03549999999999898,1.0360000000000014,0.2,0.0,0.2,0.326,0.316,0.0,24.2,52.0,1,1,-0.12177618446144439,-0.7429799002383637,-0.6510272976721347,31.0,2.0,Street-Medium,2,0.34701933957411785,0.22731714844151837,0.42566351198436375,77.768,76.732,SOFT,5.0,Q2
OCO,Alpine,2023,Austrian Grand Prix,Red Bull Ring,3999.68196710701,10.0,0.0025001987863632,1.0619999999999976,1.1500000000000057,0.03549999999999898,1.555499999999995,0.05,0.0,0.05,0.03599999999999994,0.03599999999999994,0.0,38.2,44.0,0,2,-1.148155635993153,-1.8426770508250885,-1.1166459125389459,700.0,2.0,Permanent-Fast,2,0.25395321833987744,0.4467022138022703,0.2993445678578522,65.453,64.391,SOFT,2.0,Q2
OCO,Alpine,2023,Azerbaijan Grand Prix,Baku City,4978.250124294395,20.0,0.0040174759203837,1.5949999999999989,1.1500000000000057,0.03549999999999898,1.3290000000000006,0.05,0.0,0.05,0.36,0.2,0.0,30.0,82.0,1,2,0.042081570788943895,0.9065658256417235,0.6936447726344993,28.0,2.0,Street-Fast,2,0.3506945126623313,0.4031218687989941,0.24618361853867463,101.798,100.203,SOFT,2.0,Q2
OCO,Alpine,2023,Bahrain Grand Prix,Bahrain International,5006.652008539475,15.0,0.0029960140977275,1.206000000000003,1.1500000000000057,0.03549999999999898,1.2294999999999945,0.05,0.0,0.05,0.24799999999999997,0.24799999999999997,0.0,27.6,21.0,0,1,0.07662692066868529,-0.4680556125916825,-0.5250797315138804,35.0,2.0,Permanent-Medium,3,0.320203708999714,0.4301537716963284,0.2496425193039576,90.914,89.708,SOFT,2.0,Q3
OCO,Alpine,2023,Belgian Grand Prix,Spa-Francorchamps,6775.131165030146,19.0,0.0028043737511782,10.203999999999994,1.1500000000000057,0.03549999999999898,1.555499999999995,1.55,1.5,0.05,0.516,0.316,0.0,24.2,90.0,0,2,2.227636715963657,0.6316415379950423,-0.7537292817396346,300.0,2.0,Permanent-Fast,2,0.28048843364383186,0.44881930361255284,0.2706922627436153,116.372,106.168,INTERMEDIATE,2.0,Q2
OCO,Alpine,2023,British Grand Prix,Silverstone,5729.156782444218,18.0,0.003141823602237,2.236000000000004,1.1500000000000057,0.03549999999999898,1.555499999999995,0.05,0.0,0.05,0.444,0.304,0.0,24.8,78.0,0,2,0.9554129895418016,0.3567172503483611,-0.3511117846537936,140.0,2.0,Permanent-Fast,2,0.31744907594765953,0.40292953819866006,0.27962138585368046,88.956,86.72,SOFT,2.0,Q2
OCO,Alpine,2023,Canadian Grand Prix,Gilles Villeneuve,3927.405044134453,14.0,0.0035646947138566,1.6810000000000116,1.1500000000000057,0.03549999999999898,1.2294999999999945,0.1,0.0,0.1,0.61,0.43,0.0,18.5,86.0,0,1,-1.2360664087705144,-0.7429799002383637,0.15342335743024896,22.0,2.0,Permanent-Medium,3,0.2916075914732731,0.31686690048006366,0.3915255080466632,80.406,78.725,SOFT,3.0,Q3
OCO,Alpine,2023,Dutch Grand Prix,Zandvoort,4259.0,14.0,0.0032871566095327,11.543000000000006,1.1500000000000057,0.03549999999999898,1.2294999999999945,1.95,1.5,0.45,0.516,0.386,0.0,20.7,76.0,0,1,-0.8327458519410066,-0.7429799002383637,-0.1777123552044761,2.0,2.0,Permanent-Medium,1,0.3442333455121179,0.34300328827183046,0.31276336621605166,82.11,70.567,INTERMEDIATE,10.0,Q1
OCO,Alpine,2023,Hungarian Grand Prix,Hungaroring,4122.248439558155,14.0,0.0033962048152295,1.2319999999999993,1.1500000000000057,0.03549999999999898,1.2340000000000089,0.45,0.4,0.05,0.0,0.0,0.0,43.0,35.0,0,0,-0.9990774397082004,-0.7429799002383637,-0.04760497628108983,150.0,1.0,Permanent-Slow,2,0.36017009031230324,0.35611053300959644,0.2837193766781002,77.841,76.609,MEDIUM,2.0,Q2
OCO,Alpine,2023,Italian Grand Prix,Monza,5261.551646812222,11.0,0.0020906380357711,2.254000000000005,1.1500000000000057,0.03549999999999898,1.555499999999995,0.8500000000000001,0.8,0.05,0.02200000000000003,0.02200000000000003,0.0,38.9,41.0,0,2,0.38666258986472024,-1.5677527631784072,-1.6053002230701332,120.0,2.0,Permanent-Fast,1,0.33066821727964335,0.33748849154431365,0.33184329117604305,82.548,80.294,HARD,2.0,Q1
OCO,Alpine,2023,Japanese Grand Prix,Suzuka,5650.500064177964,18.0,0.0031855587639248,1.7090000000000032,1.1500000000000057,0.03549999999999898,1.555499999999995,0.05,0.0,0.05,0.08599999999999995,0.08599999999999995,0.0,35.7,48.0,0,2,0.8597424407340858,0.3567172503483611,-0.29893057527368244,50.0,2.0,Permanent-Fast,2,0.3477468924557878,0.4518579029872165,0.20039520455699553,90.586,88.877,SOFT,2.0,Q2
OCO,Alpine,2023,Las Vegas Grand Prix,Las Vegas,6353.0,14.0,0.0022036832992287,2.108000000000004,1.1500000000000057,0.03549999999999898,1.3290000000000006,0.1,0.0,0.1,0.515,0.46,0.0,17.0,61.0,1,2,1.7141965277960156,-0.7429799002383637,-1.4704238825178961,600.0,2.0,Street-Fast,1,0.28574140076343923,0.33302402092076683,0.38123457831579394,94.834,92.726,SOFT,3.0,Q1
OCO,Alpine,2023,Mexico City Grand Prix,Hermanos Rodriguez,4309.0,17.0,0.0039452309120445,1.9140000000000015,1.1500000000000057,0.03549999999999898,1.2294999999999945,0.05,0.0,0.05,0.0,0.0,0.0,44.6,28.0,0,1,-0.7719306088718323,0.0817929627016799,0.6074479515566137,2240.0,2.0,Permanent-Medium,1,0.3545649974709156,0.385900354071826,0.2595346484572585,79.08,77.166,SOFT,2.0,Q1
OCO,Alpine,2023,Miami Grand Prix,Miami,5412.0,19.0,0.003510716925351,0.6300000000000097,1.1500000000000057,0.03549999999999898,1.0360000000000014,0.05,0.0,0.05,0.055,0.0,0.0,42.7,61.0,1,1,0.5696536532341541,0.6316415379950423,0.08902148545382091,3.0,3.0,Street-Medium,3,0.3349343579891131,0.3795915099949682,0.2854741320159188,87.444,86.814,SOFT,2.0,Q3
OCO,Alpine,2023,Monaco Grand Prix,Monaco,2982.89347053333,19.0,0.0063696542259026,0.1880000000000024,1.1500000000000057,0.03549999999999898,1.1400000000000006,0.05,0.0,0.05,0.0,0.0,0.0,44.9,33.0,1,0,-2.3848804273745277,0.6316415379950423,3.5000710878223424,10.0,1.0,Street-Slow,3,0.26173605579081244,0.47381661146283177,0.26444733274635585,71.553,71.365,SOFT,2.0,Q3
OCO,Alpine,2023,Qatar Grand Prix,Losail,5380.0,16.0,0.0029739776951672,0.9849999999999994,1.1500000000000057,0.03549999999999898,1.2294999999999945,0.05,0.0,0.05,0.155,0.12,0.0,34.0,57.0,0,1,0.5307318976698825,-0.1931313249450013,-0.5513717604354108,20.0,2.0,Permanent-Medium,3,0.37088116277149225,0.337859679341222,0.2912591578872857,84.763,83.778,SOFT,2.0,Q3
OCO,Alpine,2023,Saudi Arabian Grand Prix,Jeddah,6174.0,27.0,0.0043731778425655,0.8130000000000024,1.1500000000000057,0.03549999999999898,1.3290000000000006,0.1,0.0,0.1,0.184,0.184,0.0,30.8,45.0,1,2,1.4964779576083713,2.8310358391684916,1.1180391446222482,15.0,3.0,Street-Fast,3,0.3626147870405712,0.31769909517501516,0.31968611778441364,89.078,88.265,SOFT,3.0,Q3
OCO,Alpine,2023,Singapore Grand Prix,Marina Bay,4956.5492831458605,23.0,0.0046403250903221,0.6890000000000072,1.1500000000000057,0.03549999999999898,1.1400000000000006,0.05,0.0,0.05,0.26400000000000007,0.12400000000000005,0.0,33.8,78.0,1,0,0.01568673220387009,1.731338688581767,1.436777339075894,10.0,1.0,Street-Slow,3,0.29437238881677263,0.4221853762830932,0.2834422349001342,91.673,90.984,SOFT,2.0,Q3
OCO,Alpine,2023,Spanish Grand Prix,Barcelona-Catalunya,4348.990357163425,16.0,0.003679014825509,0.7289999999999992,1.1500000000000057,0.03549999999999898,1.2294999999999945,0.05,0.0,0.05,0.382,0.29200000000000004,0.0,25.4,68.0,0,1,-0.7232901430454965,-0.1931313249450013,0.28982074233246696,110.0,1.0,Permanent-Medium,3,0.2977630443418583,0.402117779208504,0.30011917644963765,73.001,72.272,SOFT,2.0,Q3
OCO,Alpine,2023,São Paulo Grand Prix,Interlagos,4309.0,15.0,0.0034810860988628,0.5409999999999968,1.1500000000000057,0.03549999999999898,1.2294999999999945,0.05,0.0,0.05,0.12000000000000001,0.07,0.0,36.5,60.0,0,1,-0.7719306088718323,-0.4680556125916825,0.05366841251622112,800.0,2.0,Permanent-Medium,2,0.2611178821461977,0.507071795017148,0.2318103228366543,70.562,70.021,SOFT,2.0,Q2
OCO,Alpine,2023,United States Grand Prix,COTA,5337.916050454483,20.0,0.0037467805433727,0.4309999999999974,1.1500000000000057,0.03549999999999898,1.555499999999995,0.05,0.0,0.05,0.004000000000000057,0.004000000000000057,0.0,39.8,13.0,0,2,0.4795449852514533,0.9065658256417235,0.37067324124127227,230.0,3.0,Permanent-Fast,3,0.26695672278622024,0.40318851545915046,0.32985476175462936,95.154,94.723,SOFT,2.0,Q3
OCO,Alpine,2024,Australian Grand Prix,Albert Park,4843.53245567963,14.0,0.0028904523977295,1.7019999999999982,1.4804999999999957,-0.0020000000000095497,1.0360000000000014,0.25,0.0,0.25,0.13,0.11,0.0,34.5,54.0,1,1,-0.12177618446144439,-0.7429799002383637,-0.6510272976721347,31.0,2.0,Street-Medium,2,0.34601955757115066,0.22692193720447842,0.427058505224371,77.617,75.915,SOFT,6.0,Q2
OCO,Alpine,2024,Austrian Grand Prix,Red Bull Ring,3999.68196710701,10.0,0.0025001987863632,0.960000000000008,1.4804999999999957,-0.0020000000000095497,1.555499999999995,0.05,0.0,0.05,0.0,0.0,0.0,45.7,38.0,0,2,-1.148155635993153,-1.8426770508250885,-1.1166459125389459,700.0,2.0,Permanent-Fast,3,0.2516928639274443,0.4464411557434813,0.30186598032907436,65.274,64.314,SOFT,2.0,Q3
OCO,Alpine,2024,Azerbaijan Grand Prix,Baku City,4978.250124294395,20.0,0.0040174759203837,3.13900000000001,1.4804999999999957,-0.0020000000000095497,1.3290000000000006,0.05,0.0,0.05,0.03799999999999997,0.03799999999999997,0.0,38.1,39.0,1,2,0.042081570788943895,0.9065658256417235,0.6936447726344993,28.0,2.0,Street-Fast,1,0.355163438720049,0.4039462604302228,0.24089030084972826,104.504,101.365,SOFT,2.0,Q1
OCO,Alpine,2024,Bahrain Grand Prix,Bahrain International,5006.652008539475,15.0,0.0029960140977275,1.6280000000000001,1.4804999999999957,-0.0020000000000095497,1.2294999999999945,0.05,0.0,0.05,0.368,0.368,0.0,21.6,47.0,0,1,0.07662692066868529,-0.4680556125916825,-0.5250797315138804,35.0,2.0,Permanent-Medium,1,0.3209718810921547,0.4288216051898274,0.25020651371801794,90.793,89.165,SOFT,2.0,Q1
OCO,Alpine,2024,Belgian Grand Prix,Spa-Francorchamps,6775.131165030146,19.0,0.0028043737511782,1.3009999999999877,1.4804999999999957,-0.0020000000000095497,1.555499999999995,1.55,1.5,0.05,4.0760000000000005,0.36600000000000005,3.5,21.7,92.0,0,2,2.227636715963657,0.6316415379950423,-0.7537292817396346,300.0,2.0,Permanent-Fast,3,0.278743665909488,0.4538441376900227,0.26741219640048924,114.46,113.159,INTERMEDIATE,2.0,Q3
OCO,Alpine,2024,British Grand Prix,Silverstone,5729.156782444218,18.0,0.003141823602237,8.738,1.4804999999999957,-0.0020000000000095497,1.555499999999995,0.1,0.0,0.1,0.514,0.394,0.0,20.3,74.0,0,2,0.9554129895418016,0.3567172503483611,-0.3511117846537936,140.0,2.0,Permanent-Fast,1,0.32328648328521425,0.40399970388231443,0.2727138128324714,94.557,85.819,SOFT,3.0,Q1
OCO,Alpine,2024,Canadian Grand Prix,Gilles Villeneuve,3927.405044134453,14.0,0.0035646947138566,1.6929999999999978,1.4804999999999957,-0.0020000000000095497,1.2294999999999945,0.05,0.0,0.05,0.29100000000000004,0.18600000000000003,0.0,30.7,71.0,0,1,-1.2360664087705144,-0.7429799002383637,0.15342335743024896,22.0,2.0,Permanent-Medium,1,0.28263089807312586,0.316347790563083,0.4010213113637911,73.435,71.742,SOFT,2.0,Q1
OCO,Alpine,2024,Chinese Grand Prix,Shanghai International,5161.238099433068,16.0,0.0031000313668453,1.5630000000000024,1.4804999999999957,-0.0020000000000095497,1.555499999999995,0.05,0.0,0.05,0.16,0.14,0.0,33.0,54.0,0,2,0.2646507345248319,-0.1931313249450013,-0.4009748536645922,5.0,3.0,Permanent-Fast,2,0.26446341745166607,0.3017863331338017,0.43375024941453216,95.223,93.66,SOFT,2.0,Q2
OCO,Alpine,2024,Dutch Grand Prix,Zandvoort,4259.0,14.0,0.0032871566095327,2.3220000000000027,1.4804999999999957,-0.0020000000000095497,1.2294999999999945,0.05,0.0,0.05,0.24600000000000002,0.17600000000000002,0.0,31.2,64.0,0,1,-0.8327458519410066,-0.7429799002383637,-0.1777123552044761,2.0,2.0,Permanent-Medium,1,0.34066254601013957,0.35873324536426143,0.300604208625599,71.995,69.673,SOFT,2.0,Q1
OCO,Alpine,2024,Emilia Romagna Grand Prix,Imola,4909.0,19.0,0.003870442045223,1.1600000000000108,1.4804999999999957,-0.0020000000000095497,1.2294999999999945,0.05,0.0,0.05,0.0,0.0,0.0,41.2,44.0,0,1,-0.04214769204173995,0.6316415379950423,0.5182160070911476,37.0,1.0,Permanent-Medium,2,0.31733986773114115,0.34530867125128445,0.33735146101757435,75.906,74.746,SOFT,2.0,Q2
OCO,Alpine,2024,Hungarian Grand Prix,Hungaroring,4122.248439558155,14.0,0.0033962048152295,2.8220000000000027,1.4804999999999957,-0.0020000000000095497,1.2340000000000089,0.05,0.0,0.05,3.789,0.204,3.5,29.8,67.0,0,0,-0.9990774397082004,-0.7429799002383637,-0.04760497628108983,150.0,1.0,Permanent-Slow,1,0.3649502235774962,0.3528040077387282,0.28224576868377554,78.049,75.227,SOFT,2.0,Q1
OCO,Alpine,2024,Italian Grand Prix,Monza,5261.551646812222,11.0,0.0020906380357711,1.4369999999999976,1.4804999999999957,-0.0020000000000095497,1.555499999999995,0.2,0.0,0.2,0.0,0.0,0.0,51.0,36.0,0,2,0.38666258986472024,-1.5677527631784072,-1.6053002230701332,120.0,2.0,Permanent-Fast,2,0.328166014560943,0.3375761477886187,0.3342578376504383,80.764,79.327,SOFT,5.0,Q2
OCO,Alpine,2024,Japanese Grand Prix,Suzuka,5650.500064177964,18.0,0.0031855587639248,1.6140000000000043,1.4804999999999957,-0.0020000000000095497,1.555499999999995,0.05,0.0,0.05,0.29600000000000004,0.266,0.0,26.7,56.0,0,2,0.8597424407340858,0.3567172503483611,-0.29893057527368244,50.0,2.0,Permanent-Fast,2,0.3507922192159089,0.4504570709601274,0.19875070982396364,89.811,88.197,SOFT,2.0,Q2
OCO,Alpine,2024,Las Vegas Grand Prix,Las Vegas,6353.0,14.0,0.0022036832992287,0.909000000000006,1.4804999999999957,-0.0020000000000095497,1.3290000000000006,0.1,0.0,0.1,0.522,0.522,0.0,13.9,28.0,1,2,1.7141965277960156,-0.7429799002383637,-1.4704238825178961,600.0,2.0,Street-Fast,2,0.2835627165552826,0.33461344546829574,0.3818238379764216,93.221,92.312,SOFT,3.0,Q2
OCO,Alpine,2024,Mexico City Grand Prix,Hermanos Rodriguez,4309.0,17.0,0.0039452309120445,1.6710000000000065,1.4804999999999957,-0.0020000000000095497,1.2294999999999945,0.05,0.0,0.05,0.0,0.0,0.0,41.3,41.0,0,1,-0.7719306088718323,0.0817929627016799,0.6074479515566137,2240.0,2.0,Permanent-Medium,1,0.3563394617158612,0.38505739721968124,0.2586031410644575,77.617,75.946,SOFT,2.0,Q1
OCO,Alpine,2024,Miami Grand Prix,Miami,5412.0,19.0,0.003510716925351,0.9680000000000035,1.4804999999999957,-0.0020000000000095497,1.0360000000000014,0.05,0.0,0.05,0.025,0.0,0.0,47.2,55.0,1,1,0.5696536532341541,0.6316415379950423,0.08902148545382091,3.0,3.0,Street-Medium,2,0.33223367230101236,0.3828294164994501,0.28493691119953746,88.209,87.241,SOFT,2.0,Q2
OCO,Alpine,2024,Monaco Grand Prix,Monaco,2982.89347053333,19.0,0.0063696542259026,1.0150000000000006,1.4804999999999957,-0.0020000000000095497,1.1400000000000006,0.1,0.0,0.1,0.055,0.0,0.0,43.0,61.0,1,0,-2.3848804273745277,0.6316415379950423,3.5000710878223424,10.0,1.0,Street-Slow,2,0.26234130602511047,0.47049168829346993,0.2671670056814197,71.285,70.27,SOFT,3.0,Q2
OCO,Alpine,2024,Qatar Grand Prix,Losail,5380.0,16.0,0.0029739776951672,2.1940000000000026,1.4804999999999957,-0.0020000000000095497,1.2294999999999945,0.1,0.0,0.1,0.41600000000000004,0.36600000000000005,0.0,21.7,60.0,0,1,0.5307318976698825,-0.1931313249450013,-0.5513717604354108,20.0,2.0,Permanent-Medium,1,0.3691878037575259,0.3386609280170225,0.29215126822545157,82.714,80.52,SOFT,3.0,Q1
OCO,Alpine,2024,Saudi Arabian Grand Prix,Jeddah,6174.0,27.0,0.0043731778425655,2.003,1.4804999999999957,-0.0020000000000095497,1.3290000000000006,0.1,0.0,0.1,0.204,0.174,0.0,31.3,56.0,1,2,1.4964779576083713,2.8310358391684916,1.1180391446222482,15.0,3.0,Street-Fast,1,0.3649622799664711,0.31573065101983794,0.319307069013691,89.475,87.472,SOFT,3.0,Q1
OCO,Alpine,2024,Singapore Grand Prix,Marina Bay,4956.5492831458605,23.0,0.0046403250903221,1.2439999999999998,1.4804999999999957,-0.0020000000000095497,1.1400000000000006,0.05,0.0,0.05,0.30899999999999994,0.16399999999999998,0.0,31.8,79.0,1,0,0.01568673220387009,1.731338688581767,1.436777339075894,10.0,1.0,Street-Slow,2,0.2973812645286386,0.4219061573885357,0.2807125780828256,90.769,89.525,SOFT,2.0,Q2
OCO,Alpine,2024,Spanish Grand Prix,Barcelona-Catalunya,4348.990357163425,16.0,0.003679014825509,0.7259999999999991,1.4804999999999957,-0.0020000000000095497,1.2294999999999945,0.05,0.0,0.05,0.17400000000000004,0.08400000000000006,0.0,35.8,68.0,0,1,-0.7232901430454965,-0.1931313249450013,0.28982074233246696,110.0,1.0,Permanent-Medium,3,0.29965746300739154,0.3994369634858339,0.30090557350677444,72.109,71.383,SOFT,2.0,Q3
OCO,Alpine,2024,São Paulo Grand Prix,Interlagos,4309.0,15.0,0.0034810860988628,1.0699999999999932,1.4804999999999957,-0.0020000000000095497,1.2294999999999945,1.6,1.5,0.1,4.0280000000000005,0.318,3.5,24.1,92.0,0,1,-0.7719306088718323,-0.4680556125916825,0.05366841251622112,800.0,2.0,Permanent-Medium,3,0.25504587155963304,0.5267830719147677,0.2181710565255993,84.475,83.405,INTERMEDIATE,3.0,Q3
OCO,Alpine,2024,United States Grand Prix,COTA,5337.916050454483,20.0,0.0037467805433727,1.266999999999996,1.4804999999999957,-0.0020000000000095497,1.555499999999995,0.05,0.0,0.05,0.05,0.05,0.0,37.5,38.0,0,2,0.4795449852514533,0.9065658256417235,0.37067324124127227,230.0,3.0,Permanent-Fast,2,0.27126937829203923,0.39990597989251786,0.3288246418154428,93.597,92.33,SOFT,2.0,Q2
PER,Aston Martin,2019,Abu Dhabi Grand Prix,Yas Marina,5333.449274375974,21.0,0.0039374144047628,2.182000000000002,2.288499999999992,-0.23050000000000637,0.9279999999999973,0.05,0.0,0.05,0.24400000000000002,0.17600000000000002,0.0,31.2,63.6,0,1,0.4741120237924506,1.1814901132884046,0.59812193588988,10.0,2.0,Permanent-Medium,2,0.17694743247284989,0.42486154226957223,0.39819102525757777,96.961,94.779,SOFT,2.0,Q2
PER,Aston Martin,2019,Australian Grand Prix,Albert Park,4843.53245567963,14.0,0.0028904523977295,2.0459999999999923,2.288499999999992,-0.23050000000000637,0.29949999999999477,0.05,0.0,0.05,0.17350000000000004,0.07200000000000004,0.0,36.4,70.3,1,1,-0.12177618446144439,-0.7429799002383637,-0.6510272976721347,31.0,2.0,Street-Medium,2,0.33086560364464684,0.27269422769350066,0.39644016866185233,82.532,80.486,SOFT,2.0,Q2
PER,Aston Martin,2019,Austrian Grand Prix,Red Bull Ring,3999.68196710701,10.0,0.0025001987863632,1.7860000000000014,2.288499999999992,-0.23050000000000637,0.8345000000000056,0.05,0.0,0.05,0.0,0.0,0.0,50.9,25.7,0,2,-1.148155635993153,-1.8426770508250885,-1.1166459125389459,700.0,2.0,Permanent-Fast,1,0.25192548117736036,0.4408618747009523,0.3072126441216873,64.789,63.003,SOFT,2.0,Q1
PER,Aston Martin,2019,Azerbaijan Grand Prix,Baku City,4978.250124294395,20.0,0.0040174759203837,1.097999999999999,2.288499999999992,-0.23050000000000637,0.41199999999999193,0.05,0.0,0.05,0.40449999999999997,0.25799999999999995,0.0,27.1,79.3,1,2,0.042081570788943895,0.9065658256417235,0.6936447726344993,28.0,2.0,Street-Fast,3,0.3512840451605918,0.4028624019371413,0.24585355290226688,101.593,100.495,SOFT,2.0,Q3
PER,Aston Martin,2019,Bahrain Grand Prix,Bahrain International,5006.652008539475,15.0,0.0029960140977275,1.8900000000000006,2.288499999999992,-0.23050000000000637,0.9279999999999973,0.05,0.0,0.05,0.24700000000000005,0.23200000000000004,0.0,28.4,53.0,0,1,0.07662692066868529,-0.4680556125916825,-0.5250797315138804,35.0,2.0,Permanent-Medium,2,0.3170150184945853,0.43344177548019075,0.24954320602522392,89.756,87.866,SOFT,2.0,Q2
PER,Aston Martin,2019,Belgian Grand Prix,Spa-Francorchamps,6775.131165030146,19.0,0.0028043737511782,2.1869999999999976,2.288499999999992,-0.23050000000000637,0.8345000000000056,0.05,0.0,0.05,0.0,0.0,0.0,41.0,37.2,0,2,2.227636715963657,0.6316415379950423,-0.7537292817396346,300.0,2.0,Permanent-Fast,3,0.29121540312876054,0.4341967031497717,0.27458789372146775,104.706,102.519,SOFT,2.0,Q3
PER,Aston Martin,2019,Brazilian Grand Prix,Interlagos,4309.0,15.0,0.0034810860988628,1.5319999999999965,2.288499999999992,-0.23050000000000637,0.9279999999999973,0.05,0.0,0.05,0.19449999999999995,0.11599999999999995,0.0,34.2,65.7,0,1,-0.7719306088718323,-0.4680556125916825,0.05366841251622112,800.0,2.0,Permanent-Medium,2,0.2581589049033099,0.5083508365321938,0.2334902585644963,69.035,67.503,SOFT,2.0,Q2
PER,Aston Martin,2019,British Grand Prix,Silverstone,5729.156782444218,18.0,0.003141823602237,1.5559999999999974,2.288499999999992,-0.23050000000000637,0.8345000000000056,0.05,0.0,0.05,0.26449999999999996,0.19399999999999998,0.0,30.3,64.1,0,2,0.9554129895418016,0.3567172503483611,-0.3511117846537936,140.0,2.0,Permanent-Fast,2,0.3207307643481171,0.4047017276598691,0.27456750799201374,86.649,85.093,SOFT,2.0,Q2
PER,Aston Martin,2019,Canadian Grand Prix,Gilles Villeneuve,3927.405044134453,14.0,0.0035646947138566,1.9570000000000078,2.288499999999992,-0.23050000000000637,0.9279999999999973,0.05,0.0,0.05,0.0,0.0,0.0,47.9,25.0,0,1,-1.2360664087705144,-0.7429799002383637,0.15342335743024896,22.0,2.0,Permanent-Medium,1,0.27778162527528844,0.3178109893762899,0.40440738534842163,72.197,70.24,SOFT,2.0,Q1
PER,Aston Martin,2019,Chinese Grand Prix,Shanghai International,5161.238099433068,16.0,0.0031000313668453,1.7520000000000095,2.288499999999992,-0.23050000000000637,0.8345000000000056,0.05,0.0,0.05,0.14400000000000007,0.14400000000000007,0.0,32.8,48.4,0,2,0.2646507345248319,-0.1931313249450013,-0.4009748536645922,5.0,3.0,Permanent-Fast,2,0.2623607970074706,0.29504067567712405,0.4425985273154052,93.299,91.547,SOFT,2.0,Q2
PER,Aston Martin,2019,French Grand Prix,Paul Ricard,5247.8799638259,15.0,0.0028582970844219,2.418999999999997,2.288499999999992,-0.23050000000000637,0.8345000000000056,0.05,0.0,0.05,0.0,0.0,0.0,54.4,42.1,0,2,0.37003365538516214,-0.4680556125916825,-0.6893923813172924,40.0,3.0,Permanent-Fast,2,0.2514382067050189,0.30984813418854285,0.43871365910643834,90.738,88.319,SOFT,2.0,Q2
PER,Aston Martin,2019,German Grand Prix,Hockenheimring,4317.957322804004,17.0,0.0039370467860392,1.0090000000000003,2.288499999999992,-0.23050000000000637,0.9279999999999973,0.05,0.0,0.05,0.0010000000000000143,0.0,0.0,43.4,50.2,0,1,-0.7610357736003405,0.0817929627016799,0.5976833233674174,100.0,2.0,Permanent-Medium,3,0.21659613059250304,0.47514290425414973,0.3082609651533473,72.776,71.767,SOFT,2.0,Q3
PER,Aston Martin,2019,Hungarian Grand Prix,Hungaroring,4122.248439558155,14.0,0.0033962048152295,2.536999999999992,2.288499999999992,-0.23050000000000637,1.1185000000000045,0.05,0.0,0.05,0.01800000000000001,0.0,0.0,41.5,53.6,0,0,-0.9990774397082004,-0.7429799002383637,-0.04760497628108983,150.0,1.0,Permanent-Slow,1,0.3588945518681347,0.3563526955348921,0.2847527525969731,77.109,74.572,SOFT,2.0,Q1
PER,Aston Martin,2019,Italian Grand Prix,Monza,5261.551646812222,11.0,0.0020906380357711,1.9839999999999947,2.288499999999992,-0.23050000000000637,0.8345000000000056,0.15000000000000002,0.0,0.15000000000000002,0.06600000000000004,0.054000000000000055,0.0,37.3,52.4,0,2,0.38666258986472024,-1.5677527631784072,-1.6053002230701332,120.0,2.0,Permanent-Fast,1,0.33204167743046586,0.3374420292529309,0.3305162933166033,81.291,79.307,SOFT,4.0,Q1
PER,Aston Martin,2019,Japanese Grand Prix,Suzuka,5650.500064177964,18.0,0.0031855587639248,3.280000000000001,2.288499999999992,-0.23050000000000637,0.8345000000000056,0.05,0.0,0.05,0.149,0.09,0.0,35.5,61.8,0,2,0.8597424407340858,0.3567172503483611,-0.29893057527368244,50.0,2.0,Permanent-Fast,1,0.3483795271407066,0.45563623483573895,0.19598423802355439,90.344,87.064,SOFT,2.0,Q1
PER,Aston Martin,2019,Mexican Grand Prix,Hermanos Rodriguez,4309.0,17.0,0.0039452309120445,1.929000000000002,2.288499999999992,-0.23050000000000637,0.9279999999999973,0.05,0.0,0.05,0.15899999999999997,0.13599999999999995,0.0,33.2,54.6,0,1,-0.7719306088718323,0.0817929627016799,0.6074479515566137,2240.0,2.0,Permanent-Medium,2,0.3555231003951126,0.38505874528929285,0.25941815431559456,76.687,74.758,SOFT,2.0,Q2
PER,Aston Martin,2019,Monaco Grand Prix,Monaco,2982.89347053333,19.0,0.0063696542259026,2.0670000000000073,2.288499999999992,-0.23050000000000637,1.115000000000009,0.05,0.0,0.05,0.06649999999999999,0.0,0.0,42.1,63.3,1,0,-2.3848804273745277,0.6316415379950423,3.5000710878223424,10.0,1.0,Street-Slow,1,0.2627330998297177,0.47123890742458435,0.26602799274569794,72.233,70.166,SOFT,2.0,Q1
PER,Aston Martin,2019,Russian Grand Prix,Sochi Autodrom,5760.2985642132535,18.0,0.0031248380269432,2.3299999999999983,2.288499999999992,-0.23050000000000637,0.9279999999999973,0.05,0.0,0.05,0.24200000000000005,0.18600000000000003,0.0,30.7,61.2,0,1,0.993290890099623,0.3567172503483611,-0.37137758056360215,5.0,2.0,Permanent-Medium,2,0.3630984056706188,0.34323846825177207,0.29366312607760914,93.958,91.628,SOFT,2.0,Q2
PER,Aston Martin,2019,Singapore Grand Prix,Marina Bay,4956.5492831458605,23.0,0.0046403250903221,2.403000000000006,2.288499999999992,-0.23050000000000637,1.115000000000009,0.05,0.0,0.05,0.17400000000000004,0.11400000000000006,0.0,34.3,62.0,1,0,0.01568673220387009,1.731338688581767,1.436777339075894,10.0,1.0,Street-Slow,2,0.2741431758264044,0.3855303183938349,0.3403265057797607,98.62,96.217,SOFT,2.0,Q2
PER,Aston Martin,2019,Spanish Grand Prix,Barcelona-Catalunya,4348.990357163425,16.0,0.003679014825509,2.4799999999999898,2.288499999999992,-0.23050000000000637,0.9279999999999973,0.05,0.0,0.05,0.11149999999999999,0.08,0.0,36.0,56.3,0,1,-0.7232901430454965,-0.1931313249450013,0.28982074233246696,110.0,1.0,Permanent-Medium,2,0.28100043653544926,0.3721464704825001,0.3468530929820507,77.886,75.406,SOFT,2.0,Q2
PER,Aston Martin,2019,United States Grand Prix,COTA,5337.916050454483,20.0,0.0037467805433727,3.7790000000000106,2.288499999999992,-0.23050000000000637,0.8345000000000056,0.15000000000000002,0.0,0.15000000000000002,0.264,0.264,0.0,26.8,24.6,0,2,0.4795449852514533,0.9065658256417235,0.37067324124127227,230.0,3.0,Permanent-Fast,1,0.2678168837675351,0.39674139946559794,0.33544171676686707,95.808,92.029,SOFT,4.0,Q1
PER,Aston Martin,2020,Abu Dhabi Grand Prix,Yas Marina,5333.449274375974,21.0,0.0039374144047628,0.7880000000000109,1.100999999999999,-0.04749999999999943,0.9279999999999973,0.05,0.0,0.05,0.26049999999999995,0.204,0.0,29.8,61.3,0,1,0.4741120237924506,1.1814901132884046,0.59812193588988,10.0,2.0,Permanent-Medium,3,0.17884290980277817,0.4275673199075327,0.39358977028968906,96.034,95.246,SOFT,2.0,Q3
PER,Aston Martin,2020,Austrian Grand Prix,Red Bull Ring,3999.68196710701,10.0,0.0025001987863632,0.9209999999999994,1.100999999999999,-0.04749999999999943,0.8345000000000056,0.05,0.0,0.05,0.0,0.0,0.0,49.0,34.0,0,2,-1.148155635993153,-1.8426770508250885,-1.1166459125389459,700.0,2.0,Permanent-Fast,3,0.2524271844660194,0.44383025367992485,0.30374256185405574,63.86,62.939,SOFT,2.0,Q3
PER,Aston Martin,2020,Bahrain Grand Prix,Bahrain International,5006.652008539475,15.0,0.0029960140977275,1.058000000000007,1.100999999999999,-0.04749999999999943,0.9279999999999973,0.05,0.0,0.05,0.3035,0.256,0.0,27.2,59.5,0,1,0.07662692066868529,-0.4680556125916825,-0.5250797315138804,35.0,2.0,Permanent-Medium,3,0.31770113901406216,0.43051561332397364,0.25178324766196414,88.322,87.264,SOFT,2.0,Q3
PER,Aston Martin,2020,Belgian Grand Prix,Spa-Francorchamps,6775.131165030146,19.0,0.0028043737511782,1.2800000000000011,1.100999999999999,-0.04749999999999943,0.8345000000000056,0.05,0.0,0.05,0.388,0.322,0.0,23.9,63.2,0,2,2.227636715963657,0.6316415379950423,-0.7537292817396346,300.0,2.0,Permanent-Fast,3,0.2950200912885733,0.42693012913041783,0.27804977958100885,102.532,101.252,SOFT,2.0,Q3
PER,Aston Martin,2020,Eifel Grand Prix,Hockenheimring,4317.957322804004,17.0,0.0039370467860392,1.0609999999999928,1.100999999999999,-0.04749999999999943,0.9279999999999973,0.05,0.0,0.05,0.512,0.47200000000000003,0.0,16.4,58.0,0,1,-0.7610357736003405,0.0817929627016799,0.5976833233674174,100.0,2.0,Permanent-Medium,3,0.3253098575234565,0.41607784084327576,0.25861230163326765,86.33,85.269,SOFT,2.0,Q3
PER,Aston Martin,2020,Emilia Romagna Grand Prix,Imola,4909.0,19.0,0.003870442045223,1.4520000000000124,1.100999999999999,-0.04749999999999943,0.9279999999999973,0.05,0.0,0.05,0.402,0.318,0.0,24.1,66.8,0,1,-0.04214769204173995,0.6316415379950423,0.5182160070911476,37.0,1.0,Permanent-Medium,2,0.3201396197759156,0.34405350315077066,0.3358068770733137,75.061,73.609,SOFT,2.0,Q2
PER,Aston Martin,2020,Hungarian Grand Prix,Hungaroring,4122.248439558155,14.0,0.0033962048152295,1.097999999999999,1.100999999999999,-0.04749999999999943,1.1185000000000045,0.05,0.0,0.05,0.38350000000000006,0.28600000000000003,0.0,25.7,69.5,0,0,-0.9990774397082004,-0.7429799002383637,-0.04760497628108983,150.0,1.0,Permanent-Slow,3,0.3650814943993561,0.3507009189080421,0.2842175866926018,74.545,73.447,SOFT,2.0,Q3
PER,Aston Martin,2020,Italian Grand Prix,Monza,5261.551646812222,11.0,0.0020906380357711,0.8310000000000031,1.100999999999999,-0.04749999999999943,0.8345000000000056,0.05,0.0,0.05,0.0,0.0,0.0,45.3,42.0,0,2,0.38666258986472024,-1.5677527631784072,-1.6053002230701332,120.0,2.0,Permanent-Fast,3,0.3363355829298276,0.3345417597029529,0.3291226573672194,79.718,78.887,SOFT,2.0,Q3
PER,Aston Martin,2020,Portuguese Grand Prix,Portimao,4653.0,15.0,0.0032237266279819,0.6630000000000109,1.100999999999999,-0.04749999999999943,0.9279999999999973,0.05,0.0,0.05,0.09599999999999995,0.09599999999999995,0.0,35.2,49.8,0,1,-0.3535217365559127,-0.4680556125916825,-0.25339180900199537,90.0,1.0,Permanent-Medium,3,0.29118749108636177,0.38255390320113053,0.32625860571250764,77.129,76.466,SOFT,2.0,Q3
PER,Aston Martin,2020,Russian Grand Prix,Sochi Autodrom,5760.2985642132535,18.0,0.0031248380269432,1.012999999999991,1.100999999999999,-0.04749999999999943,0.9279999999999973,0.05,0.0,0.05,0.1985,0.17600000000000002,0.0,31.2,54.5,0,1,0.993290890099623,0.3567172503483611,-0.37137758056360215,5.0,2.0,Permanent-Medium,3,0.3670396568346025,0.3440861379810869,0.28887420518431056,92.317,91.304,SOFT,2.0,Q3
PER,Aston Martin,2020,Sakhir Grand Prix,Bahrain International,5006.652008539475,15.0,0.0029960140977275,0.4099999999999966,1.100999999999999,-0.04749999999999943,0.9279999999999973,0.05,0.0,0.05,0.4045,0.266,0.0,26.7,77.7,0,1,0.07662692066868529,-0.4680556125916825,-0.5250797315138804,35.0,2.0,Permanent-Medium,3,0.34684961050067853,0.34963838845817763,0.30351200104114373,53.787,53.377,SOFT,2.0,Q3
PER,Aston Martin,2020,Spanish Grand Prix,Barcelona-Catalunya,4348.990357163425,16.0,0.003679014825509,0.8979999999999961,1.100999999999999,-0.04749999999999943,0.9279999999999973,0.05,0.0,0.05,0.013999999999999986,0.0,0.0,48.8,52.8,0,1,-0.7232901430454965,-0.1931313249450013,0.28982074233246696,110.0,1.0,Permanent-Medium,3,0.27963442378598885,0.37046625349755496,0.34989932271645613,76.482,75.584,SOFT,2.0,Q3
PER,Aston Martin,2020,Styrian Grand Prix,Red Bull Ring,3999.68196710701,10.0,0.0025001987863632,3.7819999999999965,1.100999999999999,-0.04749999999999943,0.8345000000000056,2.55,2.5,0.05,4.1115,0.406,3.5,19.7,91.1,0,2,-1.148155635993153,-1.8426770508250885,-1.1166459125389459,700.0,2.0,Permanent-Fast,1,0.2415601602803681,0.45065986986410483,0.30777996985552714,81.607,77.825,WET,2.0,Q1
PER,Aston Martin,2020,Turkish Grand Prix,Istanbul Park,5338.0,14.0,0.0026227051330086,1.5559999999999974,1.100999999999999,-0.04749999999999943,0.8345000000000056,1.7,1.5,0.2,0.7375,0.538,0.0,13.1,89.9,0,2,0.47964709349177603,-0.7429799002383637,-0.9704813831763092,130.0,1.0,Permanent-Fast,3,0.37216088400215874,0.3549638221384729,0.27287529385936826,109.321,107.765,INTERMEDIATE,5.0,Q3
PER,Aston Martin,2020,Tuscan Grand Prix,Mugello,5245.0,15.0,0.0028598665395614,1.1670000000000016,1.100999999999999,-0.04749999999999943,0.8345000000000056,0.05,0.0,0.05,0.0,0.0,0.0,44.7,39.9,0,2,0.36653074138311176,-0.4680556125916825,-0.6875198361136977,255.0,1.0,Permanent-Fast,3,0.36047227791537256,0.2748096604683466,0.36471806161628073,76.311,75.144,SOFT,2.0,Q3
PER,Red Bull Racing,2021,Abu Dhabi Grand Prix,Yas Marina,5333.449274375974,21.0,0.0039374144047628,0.8380000000000081,0.4877500000000019,0.19250000000000256,0.9279999999999973,0.05,0.0,0.05,0.30650000000000005,0.24600000000000002,0.0,27.7,62.1,0,1,0.4741120237924506,1.1814901132884046,0.59812193588988,10.0,2.0,Permanent-Medium,3,0.20466080750358662,0.431408007522876,0.3639311849735373,82.947,82.109,SOFT,2.0,Q3
PER,Red Bull Racing,2021,Austrian Grand Prix,Red Bull Ring,3999.68196710701,10.0,0.0025001987863632,0.2700000000000031,0.4877500000000019,0.19250000000000256,0.8345000000000056,0.05,0.0,0.05,0.0,0.0,0.0,52.1,25.6,0,2,-1.148155635993153,-1.8426770508250885,-1.1166459125389459,700.0,2.0,Permanent-Fast,3,0.25228942022190964,0.44447569932802006,0.30323488045007035,63.99,63.72,SOFT,2.0,Q3
PER,Red Bull Racing,2021,Azerbaijan Grand Prix,Baku City,4978.250124294395,20.0,0.0040174759203837,0.41199999999999193,0.4877500000000019,0.19250000000000256,0.41199999999999193,0.05,0.0,0.05,0.0,0.0,0.0,46.6,48.8,1,2,0.042081570788943895,0.9065658256417235,0.6936447726344993,28.0,2.0,Street-Fast,3,0.34964085407852014,0.40066909377152415,0.24969005214995574,101.63,101.218,SOFT,2.0,Q3
PER,Red Bull Racing,2021,Bahrain Grand Prix,Bahrain International,5006.652008539475,15.0,0.0029960140977275,1.6620000000000061,0.4877500000000019,0.19250000000000256,0.9279999999999973,0.45,0.4,0.05,0.16999999999999998,0.13799999999999998,0.0,33.1,56.4,0,1,0.07662692066868529,-0.4680556125916825,-0.5250797315138804,35.0,2.0,Permanent-Medium,2,0.3194277457284991,0.43011725256179745,0.25045500170970336,90.659,88.997,MEDIUM,2.0,Q2
PER,Red Bull Racing,2021,Belgian Grand Prix,Spa-Francorchamps,6775.131165030146,19.0,0.0028043737511782,0.86099999999999,0.4877500000000019,0.19250000000000256,0.8345000000000056,1.75,1.5,0.25,0.6475,0.446,0.0,17.7,90.3,0,2,2.227636715963657,0.6316415379950423,-0.7537292817396346,300.0,2.0,Permanent-Fast,3,0.28180449326694385,0.44999401125883337,0.26820149547422273,116.886,116.025,INTERMEDIATE,6.0,Q3
PER,Red Bull Racing,2021,British Grand Prix,Silverstone,5729.156782444218,18.0,0.003141823602237,0.820999999999998,0.4877500000000019,0.19250000000000256,0.8345000000000056,0.05,0.0,0.05,0.07699999999999996,0.055999999999999946,0.0,37.2,54.2,0,2,0.9554129895418016,0.3567172503483611,-0.3511117846537936,140.0,2.0,Permanent-Fast,3,0.318271843765833,0.4074202017410529,0.2743079544931141,86.844,86.023,SOFT,2.0,Q3
PER,Red Bull Racing,2021,Dutch Grand Prix,Zandvoort,4259.0,14.0,0.0032871566095327,1.644999999999996,0.4877500000000019,0.19250000000000256,0.9279999999999973,0.25,0.0,0.25,0.1495,0.09,0.0,35.5,61.9,0,1,-0.8327458519410066,-0.7429799002383637,-0.1777123552044761,2.0,2.0,Permanent-Medium,1,0.3487168580745782,0.340351623422657,0.3109315185027648,70.53,68.885,SOFT,6.0,Q1
PER,Red Bull Racing,2021,Emilia Romagna Grand Prix,Imola,4909.0,19.0,0.003870442045223,0.03499999999999659,0.4877500000000019,0.19250000000000256,0.9279999999999973,0.05,0.0,0.05,0.16799999999999998,0.16799999999999998,0.0,31.6,34.9,0,1,-0.04214769204173995,0.6316415379950423,0.5182160070911476,37.0,1.0,Permanent-Medium,3,0.3174112779732961,0.34478682534991806,0.33780189667678584,74.446,74.411,SOFT,2.0,Q3
PER,Red Bull Racing,2021,French Grand Prix,Paul Ricard,5247.8799638259,15.0,0.0028582970844219,0.4549999999999983,0.4877500000000019,0.19250000000000256,0.8345000000000056,0.05,0.0,0.05,0.0,0.0,0.0,42.0,44.7,0,2,0.37003365538516214,-0.4680556125916825,-0.6893923813172924,40.0,3.0,Permanent-Fast,3,0.24788545524904643,0.3051246613964288,0.44698988335452483,90.445,89.99,SOFT,2.0,Q3
PER,Red Bull Racing,2021,Hungarian Grand Prix,Hungaroring,4122.248439558155,14.0,0.0033962048152295,1.0020000000000095,0.4877500000000019,0.19250000000000256,1.1185000000000045,0.05,0.0,0.05,0.0,0.0,0.0,57.2,46.1,0,0,-0.9990774397082004,-0.7429799002383637,-0.04760497628108983,150.0,1.0,Permanent-Slow,3,0.3612096151581371,0.35802986090210803,0.28076052393975476,76.421,75.419,SOFT,2.0,Q3
PER,Red Bull Racing,2021,Italian Grand Prix,Monza,5261.551646812222,11.0,0.0020906380357711,1.0559999999999974,0.4877500000000019,0.19250000000000256,0.8345000000000056,0.05,0.0,0.05,0.19,0.19,0.0,30.5,43.7,0,2,0.38666258986472024,-1.5677527631784072,-1.6053002230701332,120.0,2.0,Permanent-Fast,3,0.3354504968304574,0.33398667675627397,0.3305628264132687,80.611,79.555,SOFT,2.0,Q3
PER,Red Bull Racing,2021,Mexico City Grand Prix,Hermanos Rodriguez,4309.0,17.0,0.0039452309120445,0.46699999999999875,0.4877500000000019,0.19250000000000256,0.9279999999999973,0.05,0.0,0.05,0.0,0.0,0.0,45.2,19.0,0,1,-0.7719306088718323,0.0817929627016799,0.6074479515566137,2240.0,2.0,Permanent-Medium,3,0.35672369076000104,0.38410049514028977,0.25917581409970925,76.342,75.875,SOFT,2.0,Q3
PER,Red Bull Racing,2021,Monaco Grand Prix,Monaco,2982.89347053333,19.0,0.0063696542259026,0.6730000000000018,0.4877500000000019,0.19250000000000256,1.115000000000009,0.15000000000000002,0.0,0.15000000000000002,0.25650000000000006,0.13400000000000006,0.0,33.3,74.5,1,0,-2.3848804273745277,0.6316415379950423,3.5000710878223424,10.0,1.0,Street-Slow,3,0.2628873963305594,0.47053605373209983,0.26657654993734065,71.019,70.346,SOFT,4.0,Q3
PER,Red Bull Racing,2021,Portuguese Grand Prix,Portimao,4653.0,15.0,0.0032237266279819,0.8769999999999953,0.4877500000000019,0.19250000000000256,0.9279999999999973,0.5,0.4,0.1,0.07,0.07,0.0,36.5,40.9,0,1,-0.3535217365559127,-0.4680556125916825,-0.25339180900199537,90.0,1.0,Permanent-Medium,3,0.29174963536051746,0.38271291775001587,0.3255374468894667,78.845,77.968,MEDIUM,3.0,Q3
PER,Red Bull Racing,2021,Qatar Grand Prix,Losail,5380.0,16.0,0.0029739776951672,1.5190000000000055,0.4877500000000019,0.19250000000000256,0.9279999999999973,0.05,0.0,0.05,0.3085,0.22200000000000003,0.0,28.9,67.3,0,1,0.5307318976698825,-0.1931313249450013,-0.5513717604354108,20.0,2.0,Permanent-Medium,2,0.3283462463264761,0.33146722366599474,0.3401865300075292,82.346,80.827,SOFT,2.0,Q2
PER,Red Bull Racing,2021,Russian Grand Prix,Sochi Autodrom,5760.2985642132535,18.0,0.0031248380269432,3.3440000000000083,0.4877500000000019,0.19250000000000256,0.9279999999999973,1.6,1.5,0.1,0.6315,0.48,0.0,16.0,80.3,0,1,0.993290890099623,0.3567172503483611,-0.37137758056360215,5.0,2.0,Permanent-Medium,3,0.35225988968738436,0.3433361496909918,0.30440396062162395,105.337,101.993,INTERMEDIATE,3.0,Q3
PER,Red Bull Racing,2021,Saudi Arabian Grand Prix,Jeddah,6174.0,27.0,0.0043731778425655,0.4350000000000023,0.4877500000000019,0.19250000000000256,0.41199999999999193,0.65,0.4,0.25,0.28800000000000003,0.17600000000000002,0.0,31.2,72.4,1,2,1.4964779576083713,2.8310358391684916,1.1180391446222482,15.0,3.0,Street-Fast,3,0.36373456439178586,0.3198667364064312,0.31639869920178293,87.946,87.511,MEDIUM,6.0,Q3
PER,Red Bull Racing,2021,Spanish Grand Prix,Barcelona-Catalunya,4348.990357163425,16.0,0.003679014825509,0.9279999999999973,0.4877500000000019,0.19250000000000256,0.9279999999999973,0.05,0.0,0.05,0.0,0.0,0.0,44.1,48.1,0,1,-0.7232901430454965,-0.1931313249450013,0.28982074233246696,110.0,1.0,Permanent-Medium,3,0.28174690030771604,0.3744351028080701,0.3438179968842137,77.669,76.741,SOFT,2.0,Q3
PER,Red Bull Racing,2021,Styrian Grand Prix,Red Bull Ring,3999.68196710701,10.0,0.0025001987863632,0.3270000000000053,0.4877500000000019,0.19250000000000256,0.8345000000000056,0.05,0.0,0.05,0.0,0.0,0.0,52.2,27.4,0,2,-1.148155635993153,-1.8426770508250885,-1.1166459125389459,700.0,2.0,Permanent-Fast,3,0.25467522752773963,0.44210509911482354,0.3032196733574367,64.168,63.841,SOFT,2.0,Q3
PER,Red Bull Racing,2021,São Paulo Grand Prix,Interlagos,4309.0,15.0,0.0034810860988628,0.5490000000000066,0.4877500000000019,0.19250000000000256,0.9279999999999973,0.05,0.0,0.05,0.48,0.32,0.0,24.0,82.0,0,1,-0.7719306088718323,-0.4680556125916825,0.05366841251622112,800.0,2.0,Permanent-Medium,3,0.2577427974825869,0.5063592424397295,0.23589796007768352,68.483,67.934,SOFT,2.0,Q3
PER,Red Bull Racing,2021,Turkish Grand Prix,Istanbul Park,5338.0,14.0,0.0026227051330086,0.8380000000000081,0.4877500000000019,0.19250000000000256,0.8345000000000056,0.05,0.0,0.05,0.48650000000000004,0.324,0.0,23.8,82.5,0,2,0.47964709349177603,-0.7429799002383637,-0.9704813831763092,130.0,1.0,Permanent-Fast,3,0.372589778510501,0.35222086827706495,0.275189353212434,83.706,82.868,SOFT,2.0,Q3
PER,Red Bull Racing,2021,United States Grand Prix,COTA,5337.916050454483,20.0,0.0037467805433727,0.22400000000000375,0.4877500000000019,0.19250000000000256,0.8345000000000056,0.05,0.0,0.05,0.14999999999999997,0.10799999999999997,0.0,34.6,58.4,0,2,0.4795449852514533,0.9065658256417235,0.37067324124127227,230.0,3.0,Permanent-Fast,3,0.26777546331092833,0.4014860308802371,0.33073850580883457,93.134,92.91,SOFT,2.0,Q3
PER,Red Bull Racing,2022,Abu Dhabi Grand Prix,Yas Marina,5333.449274375974,21.0,0.0039374144047628,0.22800000000000864,0.3010000000000055,0.17499999999999716,0.9279999999999973,0.05,0.0,0.05,0.245,0.14,0.0,33.0,71.0,0,1,0.4741120237924506,1.1814901132884046,0.59812193588988,10.0,2.0,Permanent-Medium,3,0.20633655356208064,0.4282230048065484,0.3654404416313711,84.052,83.824,SOFT,2.0,Q3
PER,Red Bull Racing,2022,Australian Grand Prix,Albert Park,4843.53245567963,14.0,0.0028904523977295,0.3719999999999999,0.3010000000000055,0.17499999999999716,0.29949999999999477,0.05,0.0,0.05,0.315,0.26,0.0,27.0,61.0,1,1,-0.12177618446144439,-0.7429799002383637,-0.6510272976721347,31.0,2.0,Street-Medium,3,0.34311094069529646,0.22699386503067484,0.42989519427402856,78.24,77.868,SOFT,2.0,Q3
PER,Red Bull Racing,2022,Austrian Grand Prix,Red Bull Ring,3999.68196710701,10.0,0.0025001987863632,0.4200000000000017,0.3010000000000055,0.17499999999999716,0.8345000000000056,0.05,0.0,0.05,0.08599999999999995,0.08599999999999995,0.0,35.7,34.0,0,2,-1.148155635993153,-1.8426770508250885,-1.1166459125389459,700.0,2.0,Permanent-Fast,3,0.2515901168124274,0.44512568038652073,0.3032842028010519,65.404,64.984,SOFT,2.0,Q3
PER,Red Bull Racing,2022,Azerbaijan Grand Prix,Baku City,4978.250124294395,20.0,0.0040174759203837,0.2820000000000107,0.3010000000000055,0.17499999999999716,0.41199999999999193,0.05,0.0,0.05,0.23599999999999996,0.13599999999999995,0.0,33.2,70.0,1,2,0.042081570788943895,0.9065658256417235,0.6936447726344993,28.0,2.0,Street-Fast,3,0.35066557786719926,0.4033510099270963,0.24598341220570435,101.641,101.359,SOFT,2.0,Q3
PER,Red Bull Racing,2022,Bahrain Grand Prix,Bahrain International,5006.652008539475,15.0,0.0029960140977275,0.36299999999999955,0.3010000000000055,0.17499999999999716,0.9279999999999973,0.05,0.0,0.05,0.319,0.314,0.0,24.3,51.0,0,1,0.07662692066868529,-0.4680556125916825,-0.5250797315138804,35.0,2.0,Permanent-Medium,3,0.3209379571276163,0.4277779610870976,0.25128408178528616,90.921,90.558,SOFT,2.0,Q3
PER,Red Bull Racing,2022,Belgian Grand Prix,Spa-Francorchamps,6775.131165030146,19.0,0.0028043737511782,0.796999999999997,0.3010000000000055,0.17499999999999716,0.8345000000000056,0.05,0.0,0.05,0.545,0.38,0.0,21.0,83.0,0,2,2.227636715963657,0.6316415379950423,-0.7537292817396346,300.0,2.0,Permanent-Fast,3,0.29376232505600125,0.42760046715552064,0.2786372077884781,104.462,103.665,SOFT,2.0,Q3
PER,Red Bull Racing,2022,British Grand Prix,Silverstone,5729.156782444218,18.0,0.003141823602237,1.391999999999996,0.3010000000000055,0.17499999999999716,0.8345000000000056,1.9,1.5,0.4,0.5800000000000001,0.39,0.0,20.5,88.0,0,2,0.9554129895418016,0.3567172503483611,-0.3511117846537936,140.0,2.0,Permanent-Fast,3,0.3195053769859035,0.403378398543588,0.2771162244705087,100.521,99.129,INTERMEDIATE,9.0,Q3
PER,Red Bull Racing,2022,Canadian Grand Prix,Gilles Villeneuve,3927.405044134453,14.0,0.0035646947138566,11.827999999999989,0.3010000000000055,0.17499999999999716,0.9279999999999973,1.55,1.5,0.05,4.085,0.43,3.5,18.5,81.0,0,1,-1.2360664087705144,-0.7429799002383637,0.15342335743024896,22.0,2.0,Permanent-Medium,2,0.2904528224897183,0.31752338204817077,0.39202379546211086,93.127,81.299,INTERMEDIATE,2.0,Q2
PER,Red Bull Racing,2022,Dutch Grand Prix,Zandvoort,4259.0,14.0,0.0032871566095327,0.7349999999999994,0.3010000000000055,0.17499999999999716,0.9279999999999973,0.15000000000000002,0.0,0.15000000000000002,0.02200000000000003,0.02200000000000003,0.0,38.9,30.0,0,1,-0.8327458519410066,-0.7429799002383637,-0.1777123552044761,2.0,2.0,Permanent-Medium,3,0.3425440015757559,0.3512387973606089,0.3062172010636352,71.077,70.342,SOFT,4.0,Q3
PER,Red Bull Racing,2022,Emilia Romagna Grand Prix,Imola,4909.0,19.0,0.003870442045223,0.5030000000000001,0.3010000000000055,0.17499999999999716,0.9279999999999973,0.05,0.0,0.05,0.675,0.51,0.0,14.5,83.0,0,1,-0.04214769204173995,0.6316415379950423,0.5182160070911476,37.0,1.0,Permanent-Medium,3,0.3228410008071025,0.34102602905569007,0.3361329701372074,79.296,78.793,SOFT,2.0,Q3
PER,Red Bull Racing,2022,French Grand Prix,Paul Ricard,5247.8799638259,15.0,0.0028582970844219,0.46299999999999386,0.3010000000000055,0.17499999999999716,0.8345000000000056,0.05,0.0,0.05,0.0,0.0,0.0,53.6,46.0,0,2,0.37003365538516214,-0.4680556125916825,-0.6893923813172924,40.0,3.0,Permanent-Fast,3,0.24956478896370501,0.30622433897191653,0.44421087206437837,91.335,90.872,SOFT,2.0,Q3
PER,Red Bull Racing,2022,Hungarian Grand Prix,Hungaroring,4122.248439558155,14.0,0.0033962048152295,1.13900000000001,0.3010000000000055,0.17499999999999716,1.1185000000000045,0.05,0.0,0.05,0.31600000000000006,0.21600000000000003,0.0,29.2,70.0,0,0,-0.9990774397082004,-0.7429799002383637,-0.04760497628108983,150.0,1.0,Permanent-Slow,2,0.3615186713536095,0.35739212389831376,0.28108920474807686,78.516,77.377,SOFT,2.0,Q2
PER,Red Bull Racing,2022,Italian Grand Prix,Monza,5261.551646812222,11.0,0.0020906380357711,1.0450000000000017,0.3010000000000055,0.17499999999999716,0.8345000000000056,0.05,0.0,0.05,0.0,0.0,0.0,40.1,34.0,0,2,0.38666258986472024,-1.5677527631784072,-1.6053002230701332,120.0,2.0,Permanent-Fast,3,0.3356402236287959,0.33469201783119473,0.32966775854000935,81.206,80.161,SOFT,2.0,Q3
PER,Red Bull Racing,2022,Japanese Grand Prix,Suzuka,5650.500064177964,18.0,0.0031855587639248,0.40500000000000114,0.3010000000000055,0.17499999999999716,0.8345000000000056,0.05,0.0,0.05,0.32399999999999995,0.284,0.0,25.8,58.0,0,2,0.8597424407340858,0.3567172503483611,-0.29893057527368244,50.0,2.0,Permanent-Fast,3,0.3497196490876055,0.45071286047107867,0.19956749044131578,89.709,89.304,SOFT,2.0,Q3
PER,Red Bull Racing,2022,Mexico City Grand Prix,Hermanos Rodriguez,4309.0,17.0,0.0039452309120445,0.35299999999999443,0.3010000000000055,0.17499999999999716,0.9279999999999973,0.05,0.0,0.05,0.0,0.0,0.0,46.2,36.0,0,1,-0.7719306088718323,0.0817929627016799,0.6074479515566137,2240.0,2.0,Permanent-Medium,3,0.35307444194142945,0.38760751587139053,0.25931804218718,78.128,77.775,SOFT,2.0,Q3
PER,Red Bull Racing,2022,Miami Grand Prix,Miami,5412.0,19.0,0.003510716925351,0.23999999999999488,0.3010000000000055,0.17499999999999716,0.29949999999999477,0.05,0.0,0.05,0.0,0.0,0.0,49.4,41.0,1,1,0.5696536532341541,0.6316415379950423,0.08902148545382091,3.0,3.0,Street-Medium,3,0.3328428950087605,0.38200278539017923,0.28515431960106025,89.036,88.796,SOFT,2.0,Q3
PER,Red Bull Racing,2022,Monaco Grand Prix,Monaco,2982.89347053333,19.0,0.0063696542259026,0.2530000000000001,0.3010000000000055,0.17499999999999716,1.115000000000009,0.05,0.0,0.05,0.0,0.0,0.0,47.5,41.0,1,0,-2.3848804273745277,0.6316415379950423,3.5000710878223424,10.0,1.0,Street-Slow,3,0.2639852573678259,0.4731463513381452,0.262868391294029,71.629,71.376,SOFT,2.0,Q3
PER,Red Bull Racing,2022,Saudi Arabian Grand Prix,Jeddah,6174.0,27.0,0.0043731778425655,0.0,0.3010000000000055,0.17499999999999716,0.41199999999999193,0.05,0.0,0.05,0.366,0.306,0.0,24.7,62.0,1,2,1.4964779576083713,2.8310358391684916,1.1180391446222482,15.0,3.0,Street-Fast,3,0.3662018140589569,0.32112244897959186,0.31267573696145123,88.2,88.2,SOFT,2.0,Q3
PER,Red Bull Racing,2022,Singapore Grand Prix,Marina Bay,4956.5492831458605,23.0,0.0046403250903221,0.02199999999999136,0.3010000000000055,0.17499999999999716,1.115000000000009,0.25,0.0,0.25,0.382,0.23200000000000004,0.0,28.4,80.0,1,0,0.01568673220387009,1.731338688581767,1.436777339075894,10.0,1.0,Street-Slow,3,0.2644516329477128,0.37881280040937915,0.35673556664290806,109.434,109.412,SOFT,6.0,Q3
PER,Red Bull Racing,2022,Spanish Grand Prix,Barcelona-Catalunya,4348.990357163425,16.0,0.003679014825509,0.6700000000000017,0.3010000000000055,0.17499999999999716,0.9279999999999973,0.05,0.0,0.05,0.0,0.0,0.0,46.5,18.0,0,1,-0.7232901430454965,-0.1931313249450013,0.28982074233246696,110.0,1.0,Permanent-Medium,3,0.27945101989423315,0.3747292873331654,0.34581969277260133,79.42,78.75,SOFT,2.0,Q3
PER,Red Bull Racing,2022,São Paulo Grand Prix,Interlagos,4309.0,15.0,0.0034810860988628,0.5750000000000028,0.3010000000000055,0.17499999999999716,0.9279999999999973,0.05,0.0,0.05,0.47,0.25,0.0,27.5,94.0,0,1,-0.7719306088718323,-0.4680556125916825,0.05366841251622112,800.0,2.0,Permanent-Medium,3,0.2550100761307658,0.5073751679355127,0.23761475593372142,71.456,70.881,SOFT,2.0,Q3
PER,Red Bull Racing,2022,United States Grand Prix,COTA,5337.916050454483,20.0,0.0037467805433727,0.2890000000000015,0.3010000000000055,0.17499999999999716,0.8345000000000056,0.05,0.0,0.05,0.13200000000000003,0.13200000000000003,0.0,33.4,38.0,0,2,0.4795449852514533,0.9065658256417235,0.37067324124127227,230.0,3.0,Permanent-Fast,3,0.2711606529663479,0.40249352844841246,0.32634581858523953,94.645,94.356,SOFT,2.0,Q3
PER,Red Bull Racing,2023,Abu Dhabi Grand Prix,Yas Marina,5333.449274375974,21.0,0.0039374144047628,0.6710000000000065,0.37700000000000244,0.33550000000001035,0.9279999999999973,0.2,0.0,0.2,0.244,0.16399999999999998,0.0,31.8,66.0,0,1,0.4741120237924506,1.1814901132884046,0.59812193588988,10.0,2.0,Permanent-Medium,3,0.20516905226116314,0.43047696038803557,0.36435398735080127,84.116,83.445,SOFT,5.0,Q3
PER,Red Bull Racing,2023,Austrian Grand Prix,Red Bull Ring,3999.68196710701,10.0,0.0025001987863632,0.7860000000000014,0.37700000000000244,0.33550000000001035,0.8345000000000056,0.05,0.0,0.05,0.007999999999999972,0.007999999999999972,0.0,39.6,40.0,0,2,-1.148155635993153,-1.8426770508250885,-1.1166459125389459,700.0,2.0,Permanent-Fast,3,0.2532335026159535,0.4466759746536355,0.3000905227304111,65.177,64.391,SOFT,2.0,Q3
PER,Red Bull Racing,2023,Azerbaijan Grand Prix,Baku City,4978.250124294395,20.0,0.0040174759203837,0.2920000000000016,0.37700000000000244,0.33550000000001035,0.41199999999999193,0.05,0.0,0.05,0.389,0.22399999999999998,0.0,28.8,83.0,1,2,0.042081570788943895,0.9065658256417235,0.6936447726344993,28.0,2.0,Street-Fast,3,0.3500373152893179,0.4035424647992438,0.2464202199114384,100.495,100.203,SOFT,2.0,Q3
PER,Red Bull Racing,2023,Bahrain Grand Prix,Bahrain International,5006.652008539475,15.0,0.0029960140977275,0.13800000000000523,0.37700000000000244,0.33550000000001035,0.9279999999999973,0.05,0.0,0.05,0.266,0.266,0.0,26.7,33.0,0,1,0.07662692066868529,-0.4680556125916825,-0.5250797315138804,35.0,2.0,Permanent-Medium,3,0.3196914720744385,0.4289228234979855,0.2513857044275761,89.846,89.708,SOFT,2.0,Q3
PER,Red Bull Racing,2023,Belgian Grand Prix,Spa-Francorchamps,6775.131165030146,19.0,0.0028043737511782,0.8769999999999953,0.37700000000000244,0.33550000000001035,0.8345000000000056,0.05,0.0,0.05,0.521,0.34600000000000003,0.0,22.7,85.0,0,2,2.227636715963657,0.6316415379950423,-0.7537292817396346,300.0,2.0,Permanent-Fast,3,0.2927366995188939,0.43388294642440095,0.27338035405670513,107.045,106.168,SOFT,2.0,Q3
PER,Red Bull Racing,2023,British Grand Prix,Silverstone,5729.156782444218,18.0,0.003141823602237,3.2480000000000047,0.37700000000000244,0.33550000000001035,0.8345000000000056,0.1,0.0,0.1,0.517,0.36200000000000004,0.0,21.9,81.0,0,2,0.9554129895418016,0.3567172503483611,-0.3511117846537936,140.0,2.0,Permanent-Fast,1,0.3147563578161124,0.40122043393206475,0.28402320825182287,89.968,86.72,SOFT,3.0,Q1
PER,Red Bull Racing,2023,Canadian Grand Prix,Gilles Villeneuve,3927.405044134453,14.0,0.0035646947138566,2.234000000000009,0.37700000000000244,0.33550000000001035,0.9279999999999973,1.55,1.5,0.05,0.6060000000000001,0.42600000000000005,0.0,18.7,86.0,0,1,-1.2360664087705144,-0.7429799002383637,0.15342335743024896,22.0,2.0,Permanent-Medium,2,0.2881582035351227,0.32050791141194923,0.391333885052928,80.959,78.725,INTERMEDIATE,2.0,Q2
PER,Red Bull Racing,2023,Dutch Grand Prix,Zandvoort,4259.0,14.0,0.0032871566095327,1.3130000000000024,0.37700000000000244,0.33550000000001035,0.9279999999999973,0.1,0.0,0.1,0.429,0.324,0.0,23.8,71.0,0,1,-0.8327458519410066,-0.7429799002383637,-0.1777123552044761,2.0,2.0,Permanent-Medium,3,0.3463411240957151,0.3477462437395659,0.30591263216471903,71.88,70.567,SOFT,3.0,Q3
PER,Red Bull Racing,2023,Hungarian Grand Prix,Hungaroring,4122.248439558155,14.0,0.0033962048152295,0.43600000000000705,0.37700000000000244,0.33550000000001035,1.1185000000000045,0.05,0.0,0.05,0.0,0.0,0.0,43.1,33.0,0,0,-0.9990774397082004,-0.7429799002383637,-0.04760497628108983,150.0,1.0,Permanent-Slow,3,0.3637873969757933,0.35419559997404115,0.2820170030501655,77.045,76.609,SOFT,2.0,Q3
PER,Red Bull Racing,2023,Italian Grand Prix,Monza,5261.551646812222,11.0,0.0020906380357711,0.39400000000000546,0.37700000000000244,0.33550000000001035,0.8345000000000056,0.05,0.0,0.05,0.025999999999999943,0.025999999999999943,0.0,38.7,40.0,0,2,0.38666258986472024,-1.5677527631784072,-1.6053002230701332,120.0,2.0,Permanent-Fast,3,0.33343248066627007,0.3367415229030339,0.329825996430696,80.688,80.294,SOFT,2.0,Q3
PER,Red Bull Racing,2023,Japanese Grand Prix,Suzuka,5650.500064177964,18.0,0.0031855587639248,0.7730000000000103,0.37700000000000244,0.33550000000001035,0.8345000000000056,0.05,0.0,0.05,0.11799999999999998,0.11799999999999998,0.0,34.1,47.0,0,2,0.8597424407340858,0.3567172503483611,-0.29893057527368244,50.0,2.0,Permanent-Fast,3,0.3474846625766871,0.45206915783602897,0.20044617958728386,89.65,88.877,SOFT,2.0,Q3
PER,Red Bull Racing,2023,Las Vegas Grand Prix,Las Vegas,6353.0,14.0,0.0022036832992287,1.1290000000000049,0.37700000000000244,0.33550000000001035,0.41199999999999193,0.2,0.0,0.2,0.513,0.45799999999999996,0.0,17.1,61.0,1,2,1.7141965277960156,-0.7429799002383637,-1.4704238825178961,600.0,2.0,Street-Fast,2,0.2837035853177774,0.3307548878589313,0.38554152682329124,93.855,92.726,SOFT,5.0,Q2
PER,Red Bull Racing,2023,Mexico City Grand Prix,Hermanos Rodriguez,4309.0,17.0,0.0039452309120445,0.257000000000005,0.37700000000000244,0.33550000000001035,0.9279999999999973,0.05,0.0,0.05,0.0,0.0,0.0,40.8,27.0,0,1,-0.7719306088718323,0.0817929627016799,0.6074479515566137,2240.0,2.0,Permanent-Medium,3,0.3546749673869522,0.3859834932771915,0.2593415393358563,77.423,77.166,SOFT,2.0,Q3
PER,Red Bull Racing,2023,Miami Grand Prix,Miami,5412.0,19.0,0.003510716925351,0.027000000000001023,0.37700000000000244,0.33550000000001035,0.29949999999999477,0.05,0.0,0.05,0.055,0.0,0.0,41.7,61.0,1,1,0.5696536532341541,0.6316415379950423,0.08902148545382091,3.0,3.0,Street-Medium,3,0.33327575684296584,0.38056908603079187,0.2861551571262422,86.841,86.814,SOFT,2.0,Q3
PER,Red Bull Racing,2023,Monaco Grand Prix,Monaco,2982.89347053333,19.0,0.0063696542259026,2.4849999999999994,0.37700000000000244,0.33550000000001035,1.115000000000009,0.05,0.0,0.05,0.0,0.0,0.0,48.5,38.0,1,0,-2.3848804273745277,0.6316415379950423,3.5000710878223424,10.0,1.0,Street-Slow,1,0.2637102234258632,0.4714014895057549,0.26488828706838186,73.85,71.365,SOFT,2.0,Q1
PER,Red Bull Racing,2023,Qatar Grand Prix,Losail,5380.0,16.0,0.0029739776951672,1.6839999999999975,0.37700000000000244,0.33550000000001035,0.9279999999999973,0.05,0.0,0.05,0.14200000000000002,0.11200000000000003,0.0,34.4,56.0,0,1,0.5307318976698825,-0.1931313249450013,-0.5513717604354108,20.0,2.0,Permanent-Medium,2,0.36797641056843977,0.3410170602138962,0.291006529217664,85.462,83.778,SOFT,2.0,Q2
PER,Red Bull Racing,2023,Saudi Arabian Grand Prix,Jeddah,6174.0,27.0,0.0043731778425655,0.0,0.37700000000000244,0.33550000000001035,0.41199999999999193,0.05,0.0,0.05,0.184,0.184,0.0,30.8,44.0,1,2,1.4964779576083713,2.8310358391684916,1.1180391446222482,15.0,3.0,Street-Fast,3,0.3641194131309126,0.3170226023905285,0.31885798447855884,88.265,88.265,SOFT,2.0,Q3
PER,Red Bull Racing,2023,Singapore Grand Prix,Marina Bay,4956.5492831458605,23.0,0.0046403250903221,1.115000000000009,0.37700000000000244,0.33550000000001035,1.115000000000009,0.05,0.0,0.05,0.24599999999999994,0.11599999999999995,0.0,34.2,76.0,1,0,0.01568673220387009,1.731338688581767,1.436777339075894,10.0,1.0,Street-Slow,2,0.29361882322283633,0.42143780062758557,0.2849433761495782,92.099,90.984,SOFT,2.0,Q2
PER,Red Bull Racing,2023,Spanish Grand Prix,Barcelona-Catalunya,4348.990357163425,16.0,0.003679014825509,1.0619999999999976,0.37700000000000244,0.33550000000001035,0.9279999999999973,0.1,0.0,0.1,0.397,0.29200000000000004,0.0,25.4,71.0,0,1,-0.7232901430454965,-0.1931313249450013,0.28982074233246696,110.0,1.0,Permanent-Medium,2,0.29710638994190963,0.4040008727193389,0.29889273733875144,73.334,72.272,SOFT,3.0,Q2
PER,Red Bull Racing,2023,São Paulo Grand Prix,Interlagos,4309.0,15.0,0.0034810860988628,0.1979999999999933,0.37700000000000244,0.33550000000001035,0.9279999999999973,0.05,0.0,0.05,0.14099999999999996,0.08599999999999995,0.0,35.7,61.0,0,1,-0.7719306088718323,-0.4680556125916825,0.05366841251622112,800.0,2.0,Permanent-Medium,3,0.2602144718665888,0.504464603597317,0.23532092453609424,70.219,70.021,SOFT,2.0,Q3
PER,Red Bull Racing,2023,United States Grand Prix,COTA,5337.916050454483,20.0,0.0037467805433727,0.45000000000000284,0.37700000000000244,0.33550000000001035,0.8345000000000056,0.05,0.0,0.05,0.004000000000000057,0.004000000000000057,0.0,39.8,13.0,0,2,0.4795449852514533,0.9065658256417235,0.37067324124127227,230.0,3.0,Permanent-Fast,3,0.26809074002080424,0.4029924453363874,0.32891681464280836,95.173,94.723,SOFT,2.0,Q3
PER,Red Bull Racing,2024,Abu Dhabi Grand Prix,Yas Marina,5333.449274375974,21.0,0.0039374144047628,0.6689999999999969,0.4947499999999998,0.31425000000000125,0.9279999999999973,0.05,0.0,0.05,0.283,0.21799999999999997,0.0,29.1,63.0,0,1,0.4741120237924506,1.1814901132884046,0.59812193588988,10.0,2.0,Permanent-Medium,3,0.20515468870099926,0.43169917371252886,0.36314613758647196,83.264,82.595,SOFT,2.0,Q3
PER,Red Bull Racing,2024,Australian Grand Prix,Albert Park,4843.53245567963,14.0,0.0028904523977295,0.35899999999999466,0.4947499999999998,0.31425000000000125,0.29949999999999477,0.05,0.0,0.05,0.16400000000000006,0.14400000000000007,0.0,32.8,54.0,1,1,-0.12177618446144439,-0.7429799002383637,-0.6510272976721347,31.0,2.0,Street-Medium,3,0.34699897737105695,0.22666963840889426,0.4263313842200488,76.274,75.915,SOFT,2.0,Q3
PER,Red Bull Racing,2024,Austrian Grand Prix,Red Bull Ring,3999.68196710701,10.0,0.0025001987863632,0.8300000000000125,0.4947499999999998,0.31425000000000125,0.8345000000000056,0.05,0.0,0.05,0.0,0.0,0.0,45.4,38.0,0,2,-1.148155635993153,-1.8426770508250885,-1.1166459125389459,700.0,2.0,Permanent-Fast,3,0.2531775758320029,0.44599656146383393,0.30082586270416306,65.144,64.314,SOFT,2.0,Q3
PER,Red Bull Racing,2024,Azerbaijan Grand Prix,Baku City,4978.250124294395,20.0,0.0040174759203837,0.4480000000000075,0.4947499999999998,0.31425000000000125,0.41199999999999193,0.05,0.0,0.05,0.12,0.12,0.0,34.0,32.0,1,2,0.042081570788943895,0.9065658256417235,0.6936447726344993,28.0,2.0,Street-Fast,3,0.3501419268659208,0.4046438077652166,0.24521426536886248,101.813,101.365,SOFT,2.0,Q3
PER,Red Bull Racing,2024,Bahrain Grand Prix,Bahrain International,5006.652008539475,15.0,0.0029960140977275,0.3719999999999999,0.4947499999999998,0.31425000000000125,0.9279999999999973,0.05,0.0,0.05,0.38200000000000006,0.38200000000000006,0.0,20.9,46.0,0,1,0.07662692066868529,-0.4680556125916825,-0.5250797315138804,35.0,2.0,Permanent-Medium,3,0.32169940918279594,0.42801300021220284,0.25028759060500133,89.537,89.165,SOFT,2.0,Q3
PER,Red Bull Racing,2024,Belgian Grand Prix,Spa-Francorchamps,6775.131165030146,19.0,0.0028043737511782,0.6059999999999945,0.4947499999999998,0.31425000000000125,0.8345000000000056,1.7,1.5,0.2,4.074,0.354,3.5,22.3,94.0,0,2,2.227636715963657,0.6316415379950423,-0.7537292817396346,300.0,2.0,Permanent-Fast,3,0.28318023996835584,0.4488902562299477,0.2679295038016965,113.765,113.159,INTERMEDIATE,5.0,Q3
PER,Red Bull Racing,2024,British Grand Prix,Silverstone,5729.156782444218,18.0,0.003141823602237,12.528999999999996,0.4947499999999998,0.31425000000000125,0.8345000000000056,1.55,1.5,0.05,0.48000000000000004,0.34,0.0,23.0,78.0,0,2,0.9554129895418016,0.3567172503483611,-0.3511117846537936,140.0,2.0,Permanent-Fast,1,0.31641721234798875,0.4014519868223045,0.28213080082970676,98.348,85.819,INTERMEDIATE,2.0,Q1
PER,Red Bull Racing,2024,Canadian Grand Prix,Gilles Villeneuve,3927.405044134453,14.0,0.0035646947138566,1.583999999999989,0.4947499999999998,0.31425000000000125,0.9279999999999973,0.05,0.0,0.05,0.27799999999999997,0.17799999999999996,0.0,31.1,70.0,0,1,-1.2360664087705144,-0.7429799002383637,0.15342335743024896,22.0,2.0,Permanent-Medium,1,0.28200092736546384,0.317759048632136,0.4002400240024003,73.326,71.742,SOFT,2.0,Q1
PER,Red Bull Racing,2024,Chinese Grand Prix,Shanghai International,5161.238099433068,16.0,0.0031000313668453,0.32200000000000273,0.4947499999999998,0.31425000000000125,0.8345000000000056,0.05,0.0,0.05,0.18700000000000003,0.16200000000000003,0.0,31.9,55.0,0,2,0.2646507345248319,-0.1931313249450013,-0.4009748536645922,5.0,3.0,Permanent-Fast,3,0.26634887531655,0.30101508799557364,0.43263603668787637,93.982,93.66,SOFT,2.0,Q3
PER,Red Bull Racing,2024,Dutch Grand Prix,Zandvoort,4259.0,14.0,0.0032871566095327,0.742999999999995,0.4947499999999998,0.31425000000000125,0.9279999999999973,0.05,0.0,0.05,0.315,0.23,0.0,28.5,67.0,0,1,-0.8327458519410066,-0.7429799002383637,-0.1777123552044761,2.0,2.0,Permanent-Medium,3,0.34175471483753694,0.35562940240854357,0.3026158827539196,70.416,69.673,SOFT,2.0,Q3
PER,Red Bull Racing,2024,Emilia Romagna Grand Prix,Imola,4909.0,19.0,0.003870442045223,0.960000000000008,0.4947499999999998,0.31425000000000125,0.9279999999999973,0.05,0.0,0.05,0.0,0.0,0.0,41.2,41.0,0,1,-0.04214769204173995,0.6316415379950423,0.5182160070911476,37.0,1.0,Permanent-Medium,2,0.31610440387816024,0.3466039679814017,0.337291628140438,75.706,74.746,SOFT,2.0,Q2
PER,Red Bull Racing,2024,Hungarian Grand Prix,Hungaroring,4122.248439558155,14.0,0.0033962048152295,2.658999999999992,0.4947499999999998,0.31425000000000125,1.1185000000000045,0.05,0.0,0.05,3.791,0.20600000000000002,3.5,29.7,67.0,0,0,-0.9990774397082004,-0.7429799002383637,-0.04760497628108983,150.0,1.0,Permanent-Slow,1,0.36407056467144294,0.3551986236294071,0.28073081169915004,77.886,75.227,SOFT,2.0,Q1
PER,Red Bull Racing,2024,Italian Grand Prix,Monza,5261.551646812222,11.0,0.0020906380357711,0.7349999999999994,0.4947499999999998,0.31425000000000125,0.8345000000000056,0.2,0.0,0.2,0.0,0.0,0.0,46.9,36.0,0,2,0.38666258986472024,-1.5677527631784072,-1.6053002230701332,120.0,2.0,Permanent-Fast,3,0.33084359621293497,0.33776323349404214,0.3313931702930229,80.062,79.327,SOFT,5.0,Q3
PER,Red Bull Racing,2024,Japanese Grand Prix,Suzuka,5650.500064177964,18.0,0.0031855587639248,0.0660000000000025,0.4947499999999998,0.31425000000000125,0.8345000000000056,0.05,0.0,0.05,0.36200000000000004,0.30200000000000005,0.0,24.9,62.0,0,2,0.8597424407340858,0.3567172503483611,-0.29893057527368244,50.0,2.0,Permanent-Fast,3,0.34947826382515895,0.4505058744887439,0.20001586168609725,88.263,88.197,SOFT,2.0,Q3
PER,Red Bull Racing,2024,Las Vegas Grand Prix,Las Vegas,6353.0,14.0,0.0022036832992287,1.8430000000000035,0.4947499999999998,0.31425000000000125,0.41199999999999193,0.4,0.0,0.4,0.512,0.512,0.0,14.4,25.0,1,2,1.7141965277960156,-0.7429799002383637,-1.4704238825178961,600.0,2.0,Street-Fast,1,0.2828846051723222,0.33514948754712975,0.381965907280548,94.155,92.312,SOFT,9.0,Q1
PER,Red Bull Racing,2024,Mexico City Grand Prix,Hermanos Rodriguez,4309.0,17.0,0.0039452309120445,1.6650000000000063,0.4947499999999998,0.31425000000000125,0.9279999999999973,0.05,0.0,0.05,0.0,0.0,0.0,41.5,40.0,0,1,-0.7719306088718323,0.0817929627016799,0.6074479515566137,2240.0,2.0,Permanent-Medium,1,0.35503987836775713,0.38472639187744007,0.2602337297548028,77.611,75.946,SOFT,2.0,Q1
PER,Red Bull Racing,2024,Miami Grand Prix,Miami,5412.0,19.0,0.003510716925351,0.2189999999999941,0.4947499999999998,0.31425000000000125,0.29949999999999477,0.05,0.0,0.05,0.03,0.0,0.0,45.4,56.0,1,1,0.5696536532341541,0.6316415379950423,0.08902148545382091,3.0,3.0,Street-Medium,3,0.32986508117996804,0.3856620169220215,0.28447290189801056,87.46,87.241,SOFT,2.0,Q3
PER,Red Bull Racing,2024,Monaco Grand Prix,Monaco,2982.89347053333,19.0,0.0063696542259026,1.7900000000000063,0.4947499999999998,0.31425000000000125,1.115000000000009,0.05,0.0,0.05,0.04,0.0,0.0,45.3,58.0,1,0,-2.3848804273745277,0.6316415379950423,3.5000710878223424,10.0,1.0,Street-Slow,1,0.26132389675270606,0.47173189009159033,0.2669442131557036,72.06,70.27,SOFT,2.0,Q1
PER,Red Bull Racing,2024,Qatar Grand Prix,Losail,5380.0,16.0,0.0029739776951672,0.9050000000000011,0.4947499999999998,0.31425000000000125,0.9279999999999973,0.1,0.0,0.1,0.415,0.37,0.0,21.5,59.0,0,1,0.5307318976698825,-0.1931313249450013,-0.5513717604354108,20.0,2.0,Permanent-Medium,3,0.3689898679766656,0.3384341418483266,0.2925759901750076,81.425,80.52,SOFT,3.0,Q3
PER,Red Bull Racing,2024,Saudi Arabian Grand Prix,Jeddah,6174.0,27.0,0.0043731778425655,0.33500000000000796,0.4947499999999998,0.31425000000000125,0.41199999999999193,0.05,0.0,0.05,0.22799999999999998,0.19799999999999998,0.0,30.1,56.0,1,2,1.4964779576083713,2.8310358391684916,1.1180391446222482,15.0,3.0,Street-Fast,3,0.3637978748846903,0.317355108362659,0.3188470167526507,87.807,87.472,SOFT,2.0,Q3
PER,Red Bull Racing,2024,Singapore Grand Prix,Marina Bay,4956.5492831458605,23.0,0.0046403250903221,1.0539999999999878,0.4947499999999998,0.31425000000000125,1.115000000000009,0.05,0.0,0.05,0.30299999999999994,0.15799999999999997,0.0,32.1,79.0,1,0,0.01568673220387009,1.731338688581767,1.436777339075894,10.0,1.0,Street-Slow,2,0.29737577142604793,0.42122346239194514,0.2814007661820069,90.579,89.525,SOFT,2.0,Q2
PER,Red Bull Racing,2024,Spanish Grand Prix,Barcelona-Catalunya,4348.990357163425,16.0,0.003679014825509,0.6710000000000065,0.4947499999999998,0.31425000000000125,0.9279999999999973,0.05,0.0,0.05,0.17400000000000004,0.08400000000000006,0.0,35.8,68.0,0,1,-0.7232901430454965,-0.1931313249450013,0.28982074233246696,110.0,1.0,Permanent-Medium,3,0.298873067421656,0.3996169539512033,0.30150997862714074,72.054,71.383,SOFT,2.0,Q3
PER,Red Bull Racing,2024,São Paulo Grand Prix,Interlagos,4309.0,15.0,0.0034810860988628,4.753,0.4947499999999998,0.31425000000000125,0.9279999999999973,2.8,2.5,0.30000000000000004,0.544,0.334,0.0,23.3,92.0,0,1,-0.7719306088718323,-0.4680556125916825,0.05366841251622112,800.0,2.0,Permanent-Medium,2,0.25226298237255834,0.5298214569296037,0.21791556069783796,88.158,83.405,WET,7.0,Q2
PER,Red Bull Racing,2024,United States Grand Prix,COTA,5337.916050454483,20.0,0.0037467805433727,0.6899999999999977,0.4947499999999998,0.31425000000000125,0.8345000000000056,0.05,0.0,0.05,0.04400000000000006,0.04400000000000006,0.0,37.8,38.0,0,2,0.4795449852514533,0.9065658256417235,0.37067324124127227,230.0,3.0,Permanent-Fast,3,0.2695871855514943,0.39921522253278857,0.331197591915717,93.02,92.33,SOFT,2.0,Q3
PIA,McLaren,2023,Abu Dhabi Grand Prix,Yas Marina,5333.449274375974,21.0,0.0039374144047628,0.3370000000000033,0.8942500000000031,0.08950000000000102,0.5180000000000007,0.05,0.0,0.05,0.265,0.18,0.0,31.0,67.0,0,1,0.4741120237924506,1.1814901132884046,0.59812193588988,10.0,2.0,Permanent-Medium,3,0.2041130553102098,0.430796591153231,0.3650903535365591,83.782,83.445,SOFT,2.0,Q3
PIA,McLaren,2023,Australian Grand Prix,Albert Park,4843.53245567963,14.0,0.0028904523977295,1.7849999999999966,0.8942500000000031,0.08950000000000102,1.163499999999999,0.30000000000000004,0.0,0.30000000000000004,0.322,0.322,0.0,23.9,47.0,1,1,-0.12177618446144439,-0.7429799002383637,-0.6510272976721347,31.0,2.0,Street-Medium,1,0.3475553064941351,0.22753034374721398,0.424914349758651,78.517,76.732,SOFT,7.0,Q1
PIA,McLaren,2023,Austrian Grand Prix,Red Bull Ring,3999.68196710701,10.0,0.0025001987863632,1.2139999999999986,0.8942500000000031,0.08950000000000102,0.6129999999999995,0.05,0.0,0.05,0.03,0.03,0.0,38.5,44.0,0,2,-1.148155635993153,-1.8426770508250885,-1.1166459125389459,700.0,2.0,Permanent-Fast,2,0.2529227955186343,0.44655132992912133,0.30052587455224455,65.605,64.391,SOFT,2.0,Q2
PIA,McLaren,2023,Azerbaijan Grand Prix,Baku City,4978.250124294395,20.0,0.0040174759203837,1.4080000000000013,0.8942500000000031,0.08950000000000102,0.8449999999999989,0.25,0.0,0.25,0.389,0.22399999999999998,0.0,28.8,83.0,1,2,0.042081570788943895,0.9065658256417235,0.6936447726344993,28.0,2.0,Street-Fast,3,0.35170404779010145,0.40254500004920724,0.24575095216069126,101.611,100.203,SOFT,6.0,Q3
PIA,McLaren,2023,Bahrain Grand Prix,Bahrain International,5006.652008539475,15.0,0.0029960140977275,2.3930000000000007,0.8942500000000031,0.08950000000000102,0.5180000000000007,0.05,0.0,0.05,0.22799999999999998,0.22799999999999998,0.0,28.6,16.0,0,1,0.07662692066868529,-0.4680556125916825,-0.5250797315138804,35.0,2.0,Permanent-Medium,1,0.3209628559950489,0.42837754204623185,0.2506596019587192,92.101,89.708,SOFT,2.0,Q1
PIA,McLaren,2023,Belgian Grand Prix,Spa-Francorchamps,6775.131165030146,19.0,0.0028043737511782,1.1969999999999885,0.8942500000000031,0.08950000000000102,0.6129999999999995,0.05,0.0,0.05,0.511,0.336,0.0,23.2,85.0,0,2,2.227636715963657,0.6316415379950423,-0.7537292817396346,300.0,2.0,Permanent-Fast,3,0.29617659386205936,0.42706654868905136,0.2767568574488893,107.365,106.168,SOFT,2.0,Q3
PIA,McLaren,2023,British Grand Prix,Silverstone,5729.156782444218,18.0,0.003141823602237,0.3719999999999999,0.8942500000000031,0.08950000000000102,0.6129999999999995,0.05,0.0,0.05,0.38,0.27,0.0,26.5,72.0,0,2,0.9554129895418016,0.3567172503483611,-0.3511117846537936,140.0,2.0,Permanent-Fast,3,0.31729665181646993,0.40589261929913195,0.2768107288843981,87.092,86.72,SOFT,2.0,Q3
PIA,McLaren,2023,Canadian Grand Prix,Gilles Villeneuve,3927.405044134453,14.0,0.0035646947138566,0.9340000000000117,0.8942500000000031,0.08950000000000102,0.5180000000000007,0.1,0.0,0.1,0.61,0.43,0.0,18.5,86.0,0,1,-1.2360664087705144,-0.7429799002383637,0.15342335743024896,22.0,2.0,Permanent-Medium,3,0.28924540855396125,0.31770421421308326,0.39305037723295544,79.659,78.725,SOFT,3.0,Q3
PIA,McLaren,2023,Dutch Grand Prix,Zandvoort,4259.0,14.0,0.0032871566095327,1.3710000000000093,0.8942500000000031,0.08950000000000102,0.5180000000000007,0.05,0.0,0.05,0.442,0.332,0.0,23.4,72.0,0,1,-0.8327458519410066,-0.7429799002383637,-0.1777123552044761,2.0,2.0,Permanent-Medium,3,0.3427534821651978,0.3481748172037032,0.309071700631099,71.938,70.567,SOFT,2.0,Q3
PIA,McLaren,2023,Hungarian Grand Prix,Hungaroring,4122.248439558155,14.0,0.0033962048152295,0.2960000000000065,0.8942500000000031,0.08950000000000102,0.15899999999999892,0.05,0.0,0.05,0.0,0.0,0.0,42.9,33.0,0,0,-0.9990774397082004,-0.7429799002383637,-0.04760497628108983,150.0,1.0,Permanent-Slow,3,0.3647617190039659,0.3515116052272284,0.28372667576880567,76.905,76.609,SOFT,2.0,Q3
PIA,McLaren,2023,Italian Grand Prix,Monza,5261.551646812222,11.0,0.0020906380357711,0.49099999999999966,0.8942500000000031,0.08950000000000102,0.6129999999999995,0.05,0.0,0.05,0.025999999999999943,0.025999999999999943,0.0,38.7,40.0,0,2,0.38666258986472024,-1.5677527631784072,-1.6053002230701332,120.0,2.0,Permanent-Fast,3,0.3332920715479359,0.3364362195952219,0.33027170885684226,80.785,80.294,SOFT,2.0,Q3
PIA,McLaren,2023,Japanese Grand Prix,Suzuka,5650.500064177964,18.0,0.0031855587639248,0.5810000000000031,0.8942500000000031,0.08950000000000102,0.6129999999999995,0.05,0.0,0.05,0.11,0.11,0.0,34.5,47.0,0,2,0.8597424407340858,0.3567172503483611,-0.29893057527368244,50.0,2.0,Permanent-Fast,3,0.3484652015470947,0.45111672516711754,0.20041807328578773,89.458,88.877,SOFT,2.0,Q3
PIA,McLaren,2023,Las Vegas Grand Prix,Las Vegas,6353.0,14.0,0.0022036832992287,2.1239999999999952,0.8942500000000031,0.08950000000000102,0.8449999999999989,0.25,0.0,0.25,0.52,0.46,0.0,17.0,62.0,1,2,1.7141965277960156,-0.7429799002383637,-1.4704238825178961,600.0,2.0,Street-Fast,1,0.28343700579862946,0.33388508170795994,0.38267791249341065,94.85,92.726,SOFT,6.0,Q1
PIA,McLaren,2023,Mexico City Grand Prix,Hermanos Rodriguez,4309.0,17.0,0.0039452309120445,0.45700000000000784,0.8942500000000031,0.08950000000000102,0.5180000000000007,0.05,0.0,0.05,0.0,0.0,0.0,40.8,27.0,0,1,-0.7719306088718323,0.0817929627016799,0.6074479515566137,2240.0,2.0,Permanent-Medium,3,0.354508328717004,0.38621284928436156,0.25927882199863445,77.623,77.166,SOFT,2.0,Q3
PIA,McLaren,2023,Miami Grand Prix,Miami,5412.0,19.0,0.003510716925351,1.6700000000000017,0.8942500000000031,0.08950000000000102,1.163499999999999,0.05,0.0,0.05,0.055,0.0,0.0,43.1,61.0,1,1,0.5696536532341541,0.6316415379950423,0.08902148545382091,3.0,3.0,Street-Medium,1,0.3362867863116496,0.3806450883775598,0.2830681253107907,88.484,86.814,SOFT,2.0,Q1
PIA,McLaren,2023,Monaco Grand Prix,Monaco,2982.89347053333,19.0,0.0063696542259026,1.0300000000000011,0.8942500000000031,0.08950000000000102,0.5920000000000059,0.05,0.0,0.05,0.0,0.0,0.0,46.0,33.0,1,0,-2.3848804273745277,0.6316415379950423,3.5000710878223424,10.0,1.0,Street-Slow,2,0.262214241315008,0.4738172525726915,0.2639685061123006,72.395,71.365,SOFT,2.0,Q2
PIA,McLaren,2023,Qatar Grand Prix,Losail,5380.0,16.0,0.0029739776951672,0.7620000000000005,0.8942500000000031,0.08950000000000102,0.5180000000000007,0.05,0.0,0.05,0.15299999999999997,0.11799999999999998,0.0,34.1,57.0,0,1,0.5307318976698825,-0.1931313249450013,-0.5513717604354108,20.0,2.0,Permanent-Medium,3,0.3698367636621718,0.3372131535367873,0.29295008280104096,84.54,83.778,SOFT,2.0,Q3
PIA,McLaren,2023,Saudi Arabian Grand Prix,Jeddah,6174.0,27.0,0.0043731778425655,0.9779999999999944,0.8942500000000031,0.08950000000000102,0.8449999999999989,0.15000000000000002,0.0,0.15000000000000002,0.184,0.184,0.0,30.8,45.0,1,2,1.4964779576083713,2.8310358391684916,1.1180391446222482,15.0,3.0,Street-Fast,3,0.36334502425960585,0.31679795614221845,0.3198570195981758,89.243,88.265,SOFT,4.0,Q3
PIA,McLaren,2023,Singapore Grand Prix,Marina Bay,4956.5492831458605,23.0,0.0046403250903221,1.9180000000000064,0.8942500000000031,0.08950000000000102,0.5920000000000059,0.05,0.0,0.05,0.21900000000000006,0.09400000000000006,0.0,35.3,75.0,1,0,0.01568673220387009,1.731338688581767,1.436777339075894,10.0,1.0,Street-Slow,1,0.29422402101138834,0.4233062797356354,0.28246969925297627,92.902,90.984,SOFT,2.0,Q1
PIA,McLaren,2023,Spanish Grand Prix,Barcelona-Catalunya,4348.990357163425,16.0,0.003679014825509,0.7869999999999919,0.8942500000000031,0.08950000000000102,0.5180000000000007,0.05,0.0,0.05,0.397,0.29200000000000004,0.0,25.4,71.0,0,1,-0.7232901430454965,-0.1931313249450013,0.28982074233246696,110.0,1.0,Permanent-Medium,3,0.29877222518786184,0.40278405124625305,0.2984437235658851,73.059,72.272,SOFT,2.0,Q3
PIA,McLaren,2023,São Paulo Grand Prix,Interlagos,4309.0,15.0,0.0034810860988628,0.3089999999999975,0.8942500000000031,0.08950000000000102,0.5180000000000007,0.05,0.0,0.05,0.12000000000000001,0.07,0.0,36.5,60.0,0,1,-0.7719306088718323,-0.4680556125916825,0.05366841251622112,800.0,2.0,Permanent-Medium,3,0.2597469074363714,0.5078060571591071,0.23244703540452152,70.33,70.021,SOFT,2.0,Q3
PIA,McLaren,2023,United States Grand Prix,COTA,5337.916050454483,20.0,0.0037467805433727,0.7439999999999998,0.8942500000000031,0.08950000000000102,0.6129999999999995,0.05,0.0,0.05,0.0,0.0,0.0,40.0,13.0,0,2,0.4795449852514533,0.9065658256417235,0.37067324124127227,230.0,3.0,Permanent-Fast,3,0.2677783946285104,0.4030816931505128,0.3291399122209769,95.467,94.723,SOFT,2.0,Q3
PIA,McLaren,2024,Abu Dhabi Grand Prix,Yas Marina,5333.449274375974,21.0,0.0039374144047628,0.20900000000000318,0.35674999999999457,0.05425000000000324,0.5180000000000007,0.05,0.0,0.05,0.289,0.22399999999999998,0.0,28.8,63.0,0,1,0.4741120237924506,1.1814901132884046,0.59812193588988,10.0,2.0,Permanent-Medium,3,0.20563016279406793,0.4329863291628424,0.3613835080430897,82.804,82.595,SOFT,2.0,Q3
PIA,McLaren,2024,Australian Grand Prix,Albert Park,4843.53245567963,14.0,0.0028904523977295,0.6569999999999965,0.35674999999999457,0.05425000000000324,1.163499999999999,0.05,0.0,0.05,0.16400000000000006,0.14400000000000007,0.0,32.8,54.0,1,1,-0.12177618446144439,-0.7429799002383637,-0.6510272976721347,31.0,2.0,Street-Medium,3,0.34600114924515485,0.22779867314423027,0.4262001776106148,76.572,75.915,SOFT,2.0,Q3
PIA,McLaren,2024,Austrian Grand Prix,Red Bull Ring,3999.68196710701,10.0,0.0025001987863632,0.7340000000000089,0.35674999999999457,0.05425000000000324,0.6129999999999995,0.05,0.0,0.05,0.0,0.0,0.0,45.2,37.0,0,2,-1.148155635993153,-1.8426770508250885,-1.1166459125389459,700.0,2.0,Permanent-Fast,3,0.25285942688476204,0.44594760792030497,0.30119296519493294,65.048,64.314,SOFT,2.0,Q3
PIA,McLaren,2024,Azerbaijan Grand Prix,Baku City,4978.250124294395,20.0,0.0040174759203837,0.32100000000001216,0.35674999999999457,0.05425000000000324,0.8449999999999989,0.05,0.0,0.05,0.12,0.12,0.0,34.0,32.0,1,2,0.042081570788943895,0.9065658256417235,0.6936447726344993,28.0,2.0,Street-Fast,3,0.3518871821096316,0.402926656570226,0.2451861613201424,101.686,101.365,SOFT,2.0,Q3
PIA,McLaren,2024,Bahrain Grand Prix,Bahrain International,5006.652008539475,15.0,0.0029960140977275,0.5180000000000007,0.35674999999999457,0.05425000000000324,0.5180000000000007,0.05,0.0,0.05,0.38,0.38,0.0,21.0,46.0,0,1,0.07662692066868529,-0.4680556125916825,-0.5250797315138804,35.0,2.0,Permanent-Medium,3,0.32225728398916187,0.4275392214801022,0.25020349453073604,89.683,89.165,SOFT,2.0,Q3
PIA,McLaren,2024,Belgian Grand Prix,Spa-Francorchamps,6775.131165030146,19.0,0.0028043737511782,0.867999999999995,0.35674999999999457,0.05425000000000324,0.6129999999999995,1.55,1.5,0.05,4.074,0.354,3.5,22.3,94.0,0,2,2.227636715963657,0.6316415379950423,-0.7537292817396346,300.0,2.0,Permanent-Fast,3,0.2815473528199461,0.45179650433669216,0.2666561428433616,114.027,113.159,INTERMEDIATE,2.0,Q3
PIA,McLaren,2024,British Grand Prix,Silverstone,5729.156782444218,18.0,0.003141823602237,0.41799999999999216,0.35674999999999457,0.05425000000000324,0.6129999999999995,0.05,0.0,0.05,0.474,0.374,0.0,21.3,70.0,0,2,0.9554129895418016,0.3567172503483611,-0.3511117846537936,140.0,2.0,Permanent-Fast,3,0.32518524531233695,0.40239108503310644,0.2724236696545566,86.237,85.819,SOFT,2.0,Q3
PIA,McLaren,2024,Canadian Grand Prix,Gilles Villeneuve,3927.405044134453,14.0,0.0035646947138566,0.36099999999999,0.35674999999999457,0.05425000000000324,0.5180000000000007,0.1,0.0,0.1,0.23,0.17,0.0,31.5,62.0,0,1,-1.2360664087705144,-0.7429799002383637,0.15342335743024896,22.0,2.0,Permanent-Medium,3,0.28091757624509384,0.3161033521490091,0.4029790716058972,72.103,71.742,SOFT,3.0,Q3
PIA,McLaren,2024,Chinese Grand Prix,Shanghai International,5161.238099433068,16.0,0.0031000313668453,0.6129999999999995,0.35674999999999457,0.05425000000000324,0.6129999999999995,0.05,0.0,0.05,0.17799999999999996,0.15799999999999997,0.0,32.1,54.0,0,2,0.2646507345248319,-0.1931313249450013,-0.4009748536645922,5.0,3.0,Permanent-Fast,3,0.26607830449863695,0.29979951841990815,0.43412217708145495,94.273,93.66,SOFT,2.0,Q3
PIA,McLaren,2024,Dutch Grand Prix,Zandvoort,4259.0,14.0,0.0032871566095327,0.4989999999999952,0.35674999999999457,0.05425000000000324,0.5180000000000007,0.05,0.0,0.05,0.319,0.23399999999999999,0.0,28.3,67.0,0,1,-0.8327458519410066,-0.7429799002383637,-0.1777123552044761,2.0,2.0,Permanent-Medium,3,0.3422590206920139,0.3560251952345665,0.30171578407341965,70.172,69.673,SOFT,2.0,Q3
PIA,McLaren,2024,Emilia Romagna Grand Prix,Imola,4909.0,19.0,0.003870442045223,0.07399999999999807,0.35674999999999457,0.05425000000000324,0.5180000000000007,0.05,0.0,0.05,0.0,0.0,0.0,40.4,46.0,0,1,-0.04214769204173995,0.6316415379950423,0.5182160070911476,37.0,1.0,Permanent-Medium,3,0.31553060678962846,0.34644480085538626,0.33802459235498533,74.82,74.746,SOFT,2.0,Q3
PIA,McLaren,2024,Hungarian Grand Prix,Hungaroring,4122.248439558155,14.0,0.0033962048152295,0.02199999999999136,0.35674999999999457,0.05425000000000324,0.15899999999999892,0.05,0.0,0.05,3.714,0.174,3.5,31.3,58.0,0,0,-0.9990774397082004,-0.7429799002383637,-0.04760497628108983,150.0,1.0,Permanent-Slow,3,0.3661576898031867,0.35179205039269623,0.28205025980411697,75.249,75.227,SOFT,2.0,Q3
PIA,McLaren,2024,Italian Grand Prix,Monza,5261.551646812222,11.0,0.0020906380357711,0.10900000000000887,0.35674999999999457,0.05425000000000324,0.6129999999999995,0.05,0.0,0.05,0.0,0.0,0.0,46.9,36.0,0,2,0.38666258986472024,-1.5677527631784072,-1.6053002230701332,120.0,2.0,Permanent-Fast,3,0.3324311395337127,0.3354020846971147,0.3321667757691727,79.436,79.327,SOFT,2.0,Q3
PIA,McLaren,2024,Japanese Grand Prix,Suzuka,5650.500064177964,18.0,0.0031855587639248,0.5630000000000024,0.35674999999999457,0.05425000000000324,0.6129999999999995,0.05,0.0,0.05,0.33799999999999997,0.288,0.0,25.6,60.0,0,2,0.8597424407340858,0.3567172503483611,-0.29893057527368244,50.0,2.0,Permanent-Fast,3,0.34742000901306896,0.4532109058134295,0.1993690851735016,88.76,88.197,SOFT,2.0,Q3
PIA,McLaren,2024,Las Vegas Grand Prix,Las Vegas,6353.0,14.0,0.0022036832992287,0.7120000000000033,0.35674999999999457,0.05425000000000324,0.8449999999999989,0.05,0.0,0.05,0.522,0.522,0.0,13.9,28.0,1,2,1.7141965277960156,-0.7429799002383637,-1.4704238825178961,600.0,2.0,Street-Fast,3,0.28122850017199863,0.3348275713794289,0.38394392844857245,93.024,92.312,SOFT,2.0,Q3
PIA,McLaren,2024,Mexico City Grand Prix,Hermanos Rodriguez,4309.0,17.0,0.0039452309120445,1.6509999999999962,0.35674999999999457,0.05425000000000324,0.5180000000000007,0.15000000000000002,0.0,0.15000000000000002,0.0,0.0,0.0,41.5,40.0,0,1,-0.7719306088718323,0.0817929627016799,0.6074479515566137,2240.0,2.0,Permanent-Medium,1,0.3563797569493666,0.385800997461242,0.25781924558939134,77.597,75.946,SOFT,4.0,Q1
PIA,McLaren,2024,Miami Grand Prix,Miami,5412.0,19.0,0.003510716925351,0.4339999999999975,0.35674999999999457,0.05425000000000324,1.163499999999999,0.05,0.0,0.05,0.035,0.0,0.0,45.6,57.0,1,1,0.5696536532341541,0.6316415379950423,0.08902148545382091,3.0,3.0,Street-Medium,3,0.33034502423723977,0.3843741089250071,0.28528086683775306,87.675,87.241,SOFT,2.0,Q3
PIA,McLaren,2024,Monaco Grand Prix,Monaco,2982.89347053333,19.0,0.0063696542259026,0.15400000000001057,0.35674999999999457,0.05425000000000324,0.5920000000000059,0.05,0.0,0.05,0.06,0.0,0.0,43.8,62.0,1,0,-2.3848804273745277,0.6316415379950423,3.5000710878223424,10.0,1.0,Street-Slow,3,0.25989719413836193,0.47398614108826537,0.2661166647733727,70.424,70.27,SOFT,2.0,Q3
PIA,McLaren,2024,Qatar Grand Prix,Losail,5380.0,16.0,0.0029739776951672,0.3089999999999975,0.35674999999999457,0.05425000000000324,0.5180000000000007,0.1,0.0,0.1,0.415,0.37,0.0,21.5,59.0,0,1,0.5307318976698825,-0.1931313249450013,-0.5513717604354108,20.0,2.0,Permanent-Medium,3,0.36813519900035874,0.33992750126810917,0.291937299731532,80.829,80.52,SOFT,3.0,Q3
PIA,McLaren,2024,Saudi Arabian Grand Prix,Jeddah,6174.0,27.0,0.0043731778425655,0.6170000000000044,0.35674999999999457,0.05425000000000324,0.8449999999999989,0.05,0.0,0.05,0.225,0.2,0.0,30.0,55.0,1,2,1.4964779576083713,2.8310358391684916,1.1180391446222482,15.0,3.0,Street-Fast,3,0.36320085368207156,0.316588904403501,0.3202102419144275,88.089,87.472,SOFT,2.0,Q3
PIA,McLaren,2024,Singapore Grand Prix,Marina Bay,4956.5492831458605,23.0,0.0046403250903221,0.11499999999999488,0.35674999999999457,0.05425000000000324,0.5920000000000059,0.05,0.0,0.05,0.30899999999999994,0.16399999999999998,0.0,31.8,79.0,1,0,0.01568673220387009,1.731338688581767,1.436777339075894,10.0,1.0,Street-Slow,3,0.2967759928603303,0.42116242748772875,0.2820615796519411,89.64,89.525,SOFT,2.0,Q3
PIA,McLaren,2024,Spanish Grand Prix,Barcelona-Catalunya,4348.990357163425,16.0,0.003679014825509,0.6280000000000001,0.35674999999999457,0.05425000000000324,0.5180000000000007,0.05,0.0,0.05,0.16900000000000004,0.07400000000000005,0.0,36.3,69.0,0,1,-0.7232901430454965,-0.1931313249450013,0.28982074233246696,110.0,1.0,Permanent-Medium,3,0.29902376025884936,0.3984669008901418,0.3025093388510089,72.011,71.383,SOFT,2.0,Q3
PIA,McLaren,2024,São Paulo Grand Prix,Interlagos,4309.0,15.0,0.0034810860988628,1.281000000000006,0.35674999999999457,0.05425000000000324,0.5180000000000007,1.6,1.5,0.1,4.046,0.326,3.5,23.7,94.0,0,1,-0.7719306088718323,-0.4680556125916825,0.05366841251622112,800.0,2.0,Permanent-Medium,3,0.2530760692440309,0.5306544174952177,0.21626951326075153,84.686,83.405,INTERMEDIATE,3.0,Q3
PIA,McLaren,2024,United States Grand Prix,COTA,5337.916050454483,20.0,0.0037467805433727,0.6200000000000045,0.35674999999999457,0.05425000000000324,0.6129999999999995,0.05,0.0,0.05,0.07400000000000005,0.07400000000000005,0.0,36.3,39.0,0,2,0.4795449852514533,0.9065658256417235,0.37067324124127227,230.0,3.0,Permanent-Fast,3,0.2717912856374395,0.39857988165680475,0.32962883270575577,92.95,92.33,SOFT,2.0,Q3
RAI,Alfa Romeo,2019,Abu Dhabi Grand Prix,Yas Marina,5333.449274375974,21.0,0.0039374144047628,3.603999999999999,1.886499999999991,-0.000999999999990564,2.209000000000003,0.05,0.0,0.05,0.24400000000000002,0.17600000000000002,0.0,31.2,63.6,0,1,0.4741120237924506,1.1814901132884046,0.59812193588988,10.0,2.0,Permanent-Medium,1,0.1763312767449661,0.42359960562292265,0.4000691176321112,98.383,94.779,SOFT,2.0,Q1
RAI,Alfa Romeo,2019,Australian Grand Prix,Albert Park,4843.53245567963,14.0,0.0028904523977295,1.8279999999999887,1.886499999999991,-0.000999999999990564,1.8279999999999887,0.05,0.0,0.05,0.1925,0.1,0.0,35.0,68.5,1,1,-0.12177618446144439,-0.7429799002383637,-0.6510272976721347,31.0,2.0,Street-Medium,3,0.33038122312121876,0.27249313604004183,0.39712564083873947,82.314,80.486,SOFT,2.0,Q3
RAI,Alfa Romeo,2019,Austrian Grand Prix,Red Bull Ring,3999.68196710701,10.0,0.0025001987863632,1.0529999999999973,1.886499999999991,-0.000999999999990564,2.2850000000000037,0.05,0.0,0.05,0.0,0.0,0.0,49.9,27.4,0,2,-1.148155635993153,-1.8426770508250885,-1.1166459125389459,700.0,2.0,Permanent-Fast,3,0.2525758711127763,0.44151992006993884,0.30590420881728486,64.056,63.003,SOFT,2.0,Q3
RAI,Alfa Romeo,2019,Azerbaijan Grand Prix,Baku City,4978.250124294395,20.0,0.0040174759203837,1.563999999999993,1.886499999999991,-0.000999999999990564,1.3689999999999998,0.05,0.0,0.05,0.17150000000000007,0.08400000000000006,0.0,35.8,67.5,1,2,0.042081570788943895,0.9065658256417235,0.6936447726344993,28.0,2.0,Street-Fast,2,0.35175731684613804,0.4057358978630008,0.24250678529086117,102.059,100.495,SOFT,2.0,Q2
RAI,Alfa Romeo,2019,Bahrain Grand Prix,Bahrain International,5006.652008539475,15.0,0.0029960140977275,1.156000000000006,1.886499999999991,-0.000999999999990564,2.209000000000003,0.05,0.0,0.05,0.27799999999999997,0.244,0.0,27.8,56.8,0,1,0.07662692066868529,-0.4680556125916825,-0.5250797315138804,35.0,2.0,Permanent-Medium,3,0.3162926018287614,0.43262339646379544,0.2510840017074431,89.022,87.866,SOFT,2.0,Q3
RAI,Alfa Romeo,2019,Belgian Grand Prix,Spa-Francorchamps,6775.131165030146,19.0,0.0028043737511782,1.6209999999999951,1.886499999999991,-0.000999999999990564,2.2850000000000037,0.05,0.0,0.05,0.0,0.0,0.0,41.4,36.0,0,2,2.227636715963657,0.6316415379950423,-0.7537292817396346,300.0,2.0,Permanent-Fast,3,0.2930190128672941,0.43149606299212606,0.27548492414058,104.14,102.519,SOFT,2.0,Q3
RAI,Alfa Romeo,2019,Brazilian Grand Prix,Interlagos,4309.0,15.0,0.0034810860988628,1.355000000000004,1.886499999999991,-0.000999999999990564,2.209000000000003,0.05,0.0,0.05,0.19449999999999995,0.11599999999999995,0.0,34.2,65.7,0,1,-0.7719306088718323,-0.4680556125916825,0.05366841251622112,800.0,2.0,Permanent-Medium,3,0.2579656684771559,0.5100641900723227,0.23197014145052136,68.858,67.503,SOFT,2.0,Q3
RAI,Alfa Romeo,2019,British Grand Prix,Silverstone,5729.156782444218,18.0,0.003141823602237,1.453000000000003,1.886499999999991,-0.000999999999990564,2.2850000000000037,0.05,0.0,0.05,0.3345,0.24,0.0,28.0,68.9,0,2,0.9554129895418016,0.3567172503483611,-0.3511117846537936,140.0,2.0,Permanent-Fast,2,0.3196219351558709,0.407055207635246,0.27332285720888316,86.546,85.093,SOFT,2.0,Q2
RAI,Alfa Romeo,2019,Canadian Grand Prix,Gilles Villeneuve,3927.405044134453,14.0,0.0035646947138566,1.990000000000009,1.886499999999991,-0.000999999999990564,2.209000000000003,0.05,0.0,0.05,0.0,0.0,0.0,47.7,22.1,0,1,-1.2360664087705144,-0.7429799002383637,0.15342335743024896,22.0,2.0,Permanent-Medium,1,0.27945452028243106,0.31788730444413676,0.40265817527343206,72.23,70.24,SOFT,2.0,Q1
RAI,Alfa Romeo,2019,Chinese Grand Prix,Shanghai International,5161.238099433068,16.0,0.0031000313668453,1.8719999999999999,1.886499999999991,-0.000999999999990564,2.2850000000000037,0.05,0.0,0.05,0.13599999999999995,0.13599999999999995,0.0,33.2,47.9,0,2,0.2646507345248319,-0.1931313249450013,-0.4009748536645922,5.0,3.0,Permanent-Fast,2,0.26214153437737503,0.2959676297113007,0.44189083591132416,93.419,91.547,SOFT,2.0,Q2
RAI,Alfa Romeo,2019,French Grand Prix,Paul Ricard,5247.8799638259,15.0,0.0028582970844219,2.2139999999999986,1.886499999999991,-0.000999999999990564,2.2850000000000037,0.05,0.0,0.05,0.0,0.0,0.0,54.4,42.1,0,2,0.37003365538516214,-0.4680556125916825,-0.6893923813172924,40.0,3.0,Permanent-Fast,2,0.25227265196116333,0.306562248020059,0.4411651000187777,90.533,88.319,SOFT,2.0,Q2
RAI,Alfa Romeo,2019,German Grand Prix,Hockenheimring,4317.957322804004,17.0,0.0039370467860392,0.7520000000000095,1.886499999999991,-0.000999999999990564,2.209000000000003,0.05,0.0,0.05,0.0010000000000000143,0.0,0.0,43.4,50.2,0,1,-0.7610357736003405,0.0817929627016799,0.5976833233674174,100.0,2.0,Permanent-Medium,3,0.21641225058260594,0.476357919993381,0.307229829424013,72.519,71.767,SOFT,2.0,Q3
RAI,Alfa Romeo,2019,Hungarian Grand Prix,Hungaroring,4122.248439558155,14.0,0.0033962048152295,1.468999999999994,1.886499999999991,-0.000999999999990564,2.1340000000000003,0.05,0.0,0.05,0.0,0.0,0.0,40.9,48.7,0,0,-0.9990774397082004,-0.7429799002383637,-0.04760497628108983,150.0,1.0,Permanent-Slow,3,0.3598190449888876,0.35650504333188676,0.28367591167922573,76.041,74.572,SOFT,2.0,Q3
RAI,Alfa Romeo,2019,Italian Grand Prix,Monza,5261.551646812222,11.0,0.0020906380357711,1.2079999999999984,1.886499999999991,-0.000999999999990564,2.2850000000000037,0.05,0.0,0.05,0.049500000000000065,0.03400000000000006,0.0,38.3,53.1,0,2,0.38666258986472024,-1.5677527631784072,-1.6053002230701332,120.0,2.0,Permanent-Fast,2,0.3334285536856486,0.3360243432900702,0.3305471030242812,80.515,79.307,SOFT,2.0,Q2
RAI,Alfa Romeo,2019,Japanese Grand Prix,Suzuka,5650.500064177964,18.0,0.0031855587639248,2.294000000000011,1.886499999999991,-0.000999999999990564,2.2850000000000037,0.05,0.0,0.05,0.10850000000000001,0.05200000000000003,0.0,37.4,61.3,0,2,0.8597424407340858,0.3567172503483611,-0.29893057527368244,50.0,2.0,Permanent-Fast,2,0.3484634839633832,0.45371427292464017,0.19782224311197652,89.358,87.064,SOFT,2.0,Q2
RAI,Alfa Romeo,2019,Mexican Grand Prix,Hermanos Rodriguez,4309.0,17.0,0.0039452309120445,2.209000000000003,1.886499999999991,-0.000999999999990564,2.209000000000003,0.05,0.0,0.05,0.15899999999999997,0.13599999999999995,0.0,33.2,54.6,0,1,-0.7719306088718323,0.0817929627016799,0.6074479515566137,2240.0,2.0,Permanent-Medium,2,0.35411280159029196,0.38617849208102173,0.2597087063286863,76.967,74.758,SOFT,2.0,Q2
RAI,Alfa Romeo,2019,Monaco Grand Prix,Monaco,2982.89347053333,19.0,0.0063696542259026,1.8269999999999982,1.886499999999991,-0.000999999999990564,1.8269999999999982,0.05,0.0,0.05,0.06649999999999999,0.0,0.0,42.1,63.3,1,0,-2.3848804273745277,0.6316415379950423,3.5000710878223424,10.0,1.0,Street-Slow,2,0.26334504743516735,0.47105968635839596,0.26559526620643675,71.993,70.166,SOFT,2.0,Q2
RAI,Alfa Romeo,2019,Russian Grand Prix,Sochi Autodrom,5760.2985642132535,18.0,0.0031248380269432,3.2120000000000033,1.886499999999991,-0.000999999999990564,2.209000000000003,0.05,0.0,0.05,0.23349999999999999,0.174,0.0,31.3,61.9,0,1,0.993290890099623,0.3567172503483611,-0.37137758056360215,5.0,2.0,Permanent-Medium,1,0.3622311261071278,0.3412589624630958,0.2965099114297765,94.84,91.628,SOFT,2.0,Q1
RAI,Alfa Romeo,2019,Singapore Grand Prix,Marina Bay,4956.5492831458605,23.0,0.0046403250903221,2.6410000000000053,1.886499999999991,-0.000999999999990564,1.8269999999999982,0.05,0.0,0.05,0.17400000000000004,0.11400000000000006,0.0,34.3,62.0,1,0,0.01568673220387009,1.731338688581767,1.436777339075894,10.0,1.0,Street-Slow,2,0.27438345910295575,0.38348944951344355,0.34212709138360076,98.858,96.217,SOFT,2.0,Q2
RAI,Alfa Romeo,2019,Spanish Grand Prix,Barcelona-Catalunya,4348.990357163425,16.0,0.003679014825509,2.381999999999991,1.886499999999991,-0.000999999999990564,2.209000000000003,0.05,0.0,0.05,0.12099999999999995,0.08599999999999995,0.0,35.7,57.0,0,1,-0.7232901430454965,-0.1931313249450013,0.28982074233246696,110.0,1.0,Permanent-Medium,2,0.2797346634442331,0.37351519514578085,0.3467501414099861,77.788,75.406,SOFT,2.0,Q2
RAI,Alfa Romeo,2019,United States Grand Prix,COTA,5337.916050454483,20.0,0.0037467805433727,2.3400000000000034,1.886499999999991,-0.000999999999990564,2.2850000000000037,0.05,0.0,0.05,0.272,0.272,0.0,26.4,25.1,0,2,0.4795449852514533,0.9065658256417235,0.37067324124127227,230.0,3.0,Permanent-Fast,1,0.26600896480835867,0.4005552670898282,0.33343576810181313,94.369,92.029,SOFT,2.0,Q1
RAI,Alfa Romeo,2020,70th Anniversary Grand Prix,Silverstone,5729.156782444218,18.0,0.003141823602237,3.3389999999999986,2.457499999999996,0.024500000000003297,2.2850000000000037,0.05,0.0,0.05,0.013000000000000008,0.0,0.0,44.3,52.6,0,2,0.9554129895418016,0.3567172503483611,-0.3511117846537936,140.0,2.0,Permanent-Fast,1,0.3193246923485473,0.4062355214536743,0.27443978619777837,88.493,85.154,SOFT,2.0,Q1
RAI,Alfa Romeo,2020,Abu Dhabi Grand Prix,Yas Marina,5333.449274375974,21.0,0.0039374144047628,2.3090000000000117,2.457499999999996,0.024500000000003297,2.209000000000003,0.05,0.0,0.05,0.26050000000000006,0.20200000000000004,0.0,29.9,61.7,0,1,0.4741120237924506,1.1814901132884046,0.59812193588988,10.0,2.0,Permanent-Medium,1,0.17755112500640666,0.42616985290349035,0.39627902209010296,97.555,95.246,SOFT,2.0,Q1
RAI,Alfa Romeo,2020,Austrian Grand Prix,Red Bull Ring,3999.68196710701,10.0,0.0025001987863632,2.2850000000000037,2.457499999999996,0.024500000000003297,2.2850000000000037,0.05,0.0,0.05,0.0,0.0,0.0,50.6,33.7,0,2,-1.148155635993153,-1.8426770508250885,-1.1166459125389459,700.0,2.0,Permanent-Fast,1,0.24977002330430514,0.443824359131608,0.3064056175640868,65.224,62.939,SOFT,2.0,Q1
RAI,Alfa Romeo,2020,Bahrain Grand Prix,Bahrain International,5006.652008539475,15.0,0.0029960140977275,2.5460000000000065,2.457499999999996,0.024500000000003297,2.209000000000003,0.05,0.0,0.05,0.26749999999999996,0.238,0.0,28.1,55.9,0,1,0.07662692066868529,-0.4680556125916825,-0.5250797315138804,35.0,2.0,Permanent-Medium,1,0.31630108005790003,0.4321233715621868,0.25157554837991314,89.81,87.264,SOFT,2.0,Q1
RAI,Alfa Romeo,2020,Belgian Grand Prix,Spa-Francorchamps,6775.131165030146,19.0,0.0028043737511782,2.4909999999999997,2.457499999999996,0.024500000000003297,2.2850000000000037,0.05,0.0,0.05,0.402,0.33,0.0,23.5,64.4,0,2,2.227636715963657,0.6316415379950423,-0.7537292817396346,300.0,2.0,Permanent-Fast,1,0.2976008019818205,0.42490577677530056,0.27749342124287907,103.743,101.252,SOFT,2.0,Q1
RAI,Alfa Romeo,2020,British Grand Prix,Silverstone,5729.156782444218,18.0,0.003141823602237,3.0630000000000024,2.457499999999996,0.024500000000003297,2.2850000000000037,0.05,0.0,0.05,0.03500000000000007,0.014000000000000058,0.0,39.3,54.2,0,2,0.9554129895418016,0.3567172503483611,-0.3511117846537936,140.0,2.0,Permanent-Fast,1,0.32245953803539135,0.40068218757869195,0.2768582743859167,87.366,84.303,SOFT,2.0,Q1
RAI,Alfa Romeo,2020,Eifel Grand Prix,Hockenheimring,4317.957322804004,17.0,0.0039370467860392,2.5479999999999876,2.457499999999996,0.024500000000003297,2.209000000000003,0.05,0.0,0.05,0.45300000000000007,0.42200000000000004,0.0,18.9,56.2,0,1,-0.7610357736003405,0.0817929627016799,0.5976833233674174,100.0,2.0,Permanent-Medium,1,0.32667934454604464,0.4143616839564094,0.25895897149754604,87.817,85.269,SOFT,2.0,Q1
RAI,Alfa Romeo,2020,Emilia Romagna Grand Prix,Imola,4909.0,19.0,0.003870442045223,2.3440000000000083,2.457499999999996,0.024500000000003297,2.209000000000003,0.05,0.0,0.05,0.3565,0.284,0.0,25.8,64.5,0,1,-0.04214769204173995,0.6316415379950423,0.5182160070911476,37.0,1.0,Permanent-Medium,1,0.31780179848063933,0.34419970244756626,0.3379984990717944,75.953,73.609,SOFT,2.0,Q1
RAI,Alfa Romeo,2020,Hungarian Grand Prix,Hungaroring,4122.248439558155,14.0,0.0033962048152295,3.1670000000000016,2.457499999999996,0.024500000000003297,2.1340000000000003,0.05,0.0,0.05,0.369,0.26,0.0,27.0,71.8,0,0,-0.9990774397082004,-0.7429799002383637,-0.04760497628108983,150.0,1.0,Permanent-Slow,1,0.3625838619573446,0.3540475631085702,0.2833685749340851,76.614,73.447,SOFT,2.0,Q1
RAI,Alfa Romeo,2020,Italian Grand Prix,Monza,5261.551646812222,11.0,0.0020906380357711,2.0390000000000015,2.457499999999996,0.024500000000003297,2.2850000000000037,0.05,0.0,0.05,0.0,0.0,0.0,44.6,43.1,0,2,0.38666258986472024,-1.5677527631784072,-1.6053002230701332,120.0,2.0,Permanent-Fast,2,0.33255072535402713,0.3356028964733213,0.33184637817265156,80.926,78.887,SOFT,2.0,Q2
RAI,Alfa Romeo,2020,Portuguese Grand Prix,Portimao,4653.0,15.0,0.0032237266279819,1.7349999999999994,2.457499999999996,0.024500000000003297,2.209000000000003,0.15000000000000002,0.0,0.15000000000000002,0.08799999999999997,0.08799999999999997,0.0,35.6,49.2,0,1,-0.3535217365559127,-0.4680556125916825,-0.25339180900199537,90.0,1.0,Permanent-Medium,1,0.2889349241058299,0.38404879732995745,0.3270162785642128,78.201,76.466,SOFT,4.0,Q1
RAI,Alfa Romeo,2020,Russian Grand Prix,Sochi Autodrom,5760.2985642132535,18.0,0.0031248380269432,3.962999999999994,2.457499999999996,0.024500000000003297,2.209000000000003,0.05,0.0,0.05,0.1515,0.11799999999999998,0.0,34.1,56.7,0,1,0.993290890099623,0.3567172503483611,-0.37137758056360215,5.0,2.0,Permanent-Medium,1,0.3621505872967554,0.34742355695046556,0.290425855752779,95.267,91.304,SOFT,2.0,Q1
RAI,Alfa Romeo,2020,Sakhir Grand Prix,Bahrain International,5006.652008539475,15.0,0.0029960140977275,1.5859999999999985,2.457499999999996,0.024500000000003297,2.209000000000003,0.05,0.0,0.05,0.3909999999999999,0.25799999999999995,0.0,27.1,76.6,0,1,0.07662692066868529,-0.4680556125916825,-0.5250797315138804,35.0,2.0,Permanent-Medium,1,0.3454869639575715,0.3495078507359497,0.3050051853064789,54.963,53.377,SOFT,2.0,Q1
RAI,Alfa Romeo,2020,Spanish Grand Prix,Barcelona-Catalunya,4348.990357163425,16.0,0.003679014825509,1.8019999999999925,2.457499999999996,0.024500000000003297,2.209000000000003,0.45,0.4,0.05,0.008500000000000014,0.0,0.0,49.3,51.7,0,1,-0.7232901430454965,-0.1931313249450013,0.28982074233246696,110.0,1.0,Permanent-Medium,2,0.28100690047295374,0.37173390535755824,0.34725919416948803,77.386,75.584,MEDIUM,2.0,Q2
RAI,Alfa Romeo,2020,Styrian Grand Prix,Red Bull Ring,3999.68196710701,10.0,0.0025001987863632,3.546999999999997,2.457499999999996,0.024500000000003297,2.2850000000000037,2.75,2.5,0.25,4.109500000000001,0.402,3.5,19.9,91.5,0,2,-1.148155635993153,-1.8426770508250885,-1.1166459125389459,700.0,2.0,Permanent-Fast,1,0.24324091825197855,0.44822543381015584,0.30853364793786564,81.372,77.825,WET,6.0,Q1
RAI,Alfa Romeo,2020,Turkish Grand Prix,Istanbul Park,5338.0,14.0,0.0026227051330086,4.980000000000004,2.457499999999996,0.024500000000003297,2.2850000000000037,2.8,2.5,0.30000000000000004,0.7375,0.538,0.0,13.1,89.9,0,2,0.47964709349177603,-0.7429799002383637,-0.9704813831763092,130.0,1.0,Permanent-Fast,3,0.376930240808905,0.3521486540423079,0.2709211051487871,112.745,107.765,WET,7.0,Q3
RAI,Alfa Romeo,2020,Tuscan Grand Prix,Mugello,5245.0,15.0,0.0028598665395614,1.7099999999999937,2.457499999999996,0.024500000000003297,2.2850000000000037,0.05,0.0,0.05,0.0,0.0,0.0,44.8,40.8,0,2,0.36653074138311176,-0.4680556125916825,-0.6875198361136977,255.0,1.0,Permanent-Fast,2,0.35717073932391286,0.27690165768860436,0.3659276029874828,76.854,75.144,SOFT,2.0,Q2
RAI,Alfa Romeo,2021,Abu Dhabi Grand Prix,Yas Marina,5333.449274375974,21.0,0.0039374144047628,2.6700000000000017,1.8859999999999992,0.1767500000000055,2.209000000000003,0.1,0.0,0.1,0.22600000000000003,0.20200000000000004,0.0,29.9,54.8,0,1,0.4741120237924506,1.1814901132884046,0.59812193588988,10.0,2.0,Permanent-Medium,1,0.20423689828849123,0.4308024392833131,0.3649606624281956,84.779,82.109,SOFT,3.0,Q1
RAI,Alfa Romeo,2021,Austrian Grand Prix,Red Bull Ring,3999.68196710701,10.0,0.0025001987863632,1.2890000000000015,1.8859999999999992,0.1767500000000055,2.2850000000000037,0.05,0.0,0.05,0.0,0.0,0.0,52.8,26.5,0,2,-1.148155635993153,-1.8426770508250885,-1.1166459125389459,700.0,2.0,Permanent-Fast,1,0.2544570751742067,0.44429232875448016,0.3012505960713132,65.009,63.72,SOFT,2.0,Q1
RAI,Alfa Romeo,2021,Azerbaijan Grand Prix,Baku City,4978.250124294395,20.0,0.0040174759203837,1.3689999999999998,1.8859999999999992,0.1767500000000055,1.3689999999999998,0.25,0.0,0.25,0.0,0.0,0.0,46.1,49.5,1,2,0.042081570788943895,0.9065658256417235,0.6936447726344993,28.0,2.0,Street-Fast,2,0.35078518720695606,0.40180529696745204,0.24740951582559195,102.587,101.218,SOFT,6.0,Q2
RAI,Alfa Romeo,2021,Bahrain Grand Prix,Bahrain International,5006.652008539475,15.0,0.0029960140977275,2.2409999999999997,1.8859999999999992,0.1767500000000055,2.209000000000003,0.05,0.0,0.05,0.16700000000000004,0.14200000000000004,0.0,32.9,55.0,0,1,0.07662692066868529,-0.4680556125916825,-0.5250797315138804,35.0,2.0,Permanent-Medium,2,0.3162936495758346,0.43170608737587407,0.2520002630482913,91.238,88.997,SOFT,2.0,Q2
RAI,Alfa Romeo,2021,Belgian Grand Prix,Spa-Francorchamps,6775.131165030146,19.0,0.0028043737511782,8.426999999999992,1.8859999999999992,0.1767500000000055,2.2850000000000037,1.65,1.5,0.15000000000000002,0.6425,0.43,0.0,18.5,92.5,0,2,2.227636715963657,0.6316415379950423,-0.7537292817396346,300.0,2.0,Permanent-Fast,1,0.2726834442194581,0.4673046636454215,0.2600118921351204,124.452,116.025,INTERMEDIATE,4.0,Q1
RAI,Alfa Romeo,2021,British Grand Prix,Silverstone,5729.156782444218,18.0,0.003141823602237,2.0390000000000015,1.8859999999999992,0.1767500000000055,2.2850000000000037,0.05,0.0,0.05,0.03300000000000004,0.012000000000000028,0.0,39.4,54.2,0,2,0.9554129895418016,0.3567172503483611,-0.3511117846537936,140.0,2.0,Permanent-Fast,1,0.3176171333832981,0.40741750130589816,0.27496536531080373,88.062,86.023,SOFT,2.0,Q1
RAI,Alfa Romeo,2021,Emilia Romagna Grand Prix,Imola,4909.0,19.0,0.003870442045223,1.5630000000000024,1.8859999999999992,0.1767500000000055,2.209000000000003,0.05,0.0,0.05,0.34,0.34,0.0,23.0,40.5,0,1,-0.04214769204173995,0.6316415379950423,0.5182160070911476,37.0,1.0,Permanent-Medium,1,0.3170821596862085,0.34572353699949987,0.33719430331429173,75.974,74.411,SOFT,2.0,Q1
RAI,Alfa Romeo,2021,French Grand Prix,Paul Ricard,5247.8799638259,15.0,0.0028582970844219,3.3640000000000043,1.8859999999999992,0.1767500000000055,2.2850000000000037,0.15000000000000002,0.0,0.15000000000000002,0.0,0.0,0.0,45.1,45.0,0,2,0.37003365538516214,-0.4680556125916825,-0.6893923813172924,40.0,3.0,Permanent-Fast,1,0.2506480707843263,0.30210810463397386,0.44724382458169976,93.354,89.99,SOFT,4.0,Q1
RAI,Alfa Romeo,2021,Hungarian Grand Prix,Hungaroring,4122.248439558155,14.0,0.0033962048152295,2.1340000000000003,1.8859999999999992,0.1767500000000055,2.1340000000000003,0.05,0.0,0.05,0.0,0.0,0.0,59.8,47.5,0,0,-0.9990774397082004,-0.7429799002383637,-0.04760497628108983,150.0,1.0,Permanent-Slow,2,0.35936714247031065,0.35584696916947123,0.2847858883602182,77.553,75.419,SOFT,2.0,Q2
RAI,Alfa Romeo,2021,Mexico City Grand Prix,Hermanos Rodriguez,4309.0,17.0,0.0039452309120445,1.7309999999999945,1.8859999999999992,0.1767500000000055,2.209000000000003,0.05,0.0,0.05,0.0,0.0,0.0,45.6,19.9,0,1,-0.7719306088718323,0.0817929627016799,0.6074479515566137,2240.0,2.0,Permanent-Medium,2,0.35359379429425564,0.3875344689843569,0.2588717367213875,77.606,75.875,SOFT,2.0,Q2
RAI,Alfa Romeo,2021,Monaco Grand Prix,Monaco,2982.89347053333,19.0,0.0063696542259026,1.2959999999999923,1.8859999999999992,0.1767500000000055,1.8269999999999982,0.15000000000000002,0.0,0.15000000000000002,0.252,0.13200000000000003,0.0,33.4,74.0,1,0,-2.3848804273745277,0.6316415379950423,3.5000710878223424,10.0,1.0,Street-Slow,2,0.26297423299182043,0.4713855001256247,0.26564026688255493,71.642,70.346,SOFT,4.0,Q2
RAI,Alfa Romeo,2021,Portuguese Grand Prix,Portimao,4653.0,15.0,0.0032237266279819,1.7800000000000011,1.8859999999999992,0.1767500000000055,2.209000000000003,0.15000000000000002,0.0,0.15000000000000002,0.014000000000000058,0.014000000000000058,0.0,39.3,41.0,0,1,-0.3535217365559127,-0.4680556125916825,-0.25339180900199537,90.0,1.0,Permanent-Medium,2,0.288295631238401,0.38431057832171345,0.3273937904398857,79.748,77.968,SOFT,4.0,Q2
RAI,Alfa Romeo,2021,Qatar Grand Prix,Losail,5380.0,16.0,0.0029739776951672,2.3290000000000077,1.8859999999999992,0.1767500000000055,2.209000000000003,0.05,0.0,0.05,0.28700000000000003,0.21,0.0,29.5,65.4,0,1,0.5307318976698825,-0.1931313249450013,-0.5513717604354108,20.0,2.0,Permanent-Medium,1,0.32715618836884885,0.3364399442012603,0.3364038674298908,83.156,80.827,SOFT,2.0,Q1
RAI,Alfa Romeo,2021,Russian Grand Prix,Sochi Autodrom,5760.2985642132535,18.0,0.0031248380269432,7.5930000000000035,1.8859999999999992,0.1767500000000055,2.209000000000003,1.6,1.5,0.1,4.1165,0.47200000000000003,3.5,16.4,78.9,0,1,0.993290890099623,0.3567172503483611,-0.37137758056360215,5.0,2.0,Permanent-Medium,1,0.3509207380504809,0.3460022265617871,0.303077035387732,109.586,101.993,INTERMEDIATE,3.0,Q1
RAI,Alfa Romeo,2021,Saudi Arabian Grand Prix,Jeddah,6174.0,27.0,0.0043731778425655,1.3449999999999989,1.8859999999999992,0.1767500000000055,1.3689999999999998,0.05,0.0,0.05,0.288,0.184,0.0,30.8,70.8,1,2,1.4964779576083713,2.8310358391684916,1.1180391446222482,15.0,3.0,Street-Fast,2,0.36570406050238585,0.3199896461690826,0.3143062933285316,88.856,87.511,SOFT,2.0,Q2
RAI,Alfa Romeo,2021,Spanish Grand Prix,Barcelona-Catalunya,4348.990357163425,16.0,0.003679014825509,2.176000000000002,1.8859999999999992,0.1767500000000055,2.209000000000003,0.05,0.0,0.05,0.0,0.0,0.0,44.5,48.7,0,1,-0.7232901430454965,-0.1931313249450013,0.28982074233246696,110.0,1.0,Permanent-Medium,1,0.27691118516922847,0.37596462105756684,0.34712419377320475,78.917,76.741,SOFT,2.0,Q1
RAI,Alfa Romeo,2021,Styrian Grand Prix,Red Bull Ring,3999.68196710701,10.0,0.0025001987863632,1.588000000000001,1.8859999999999992,0.1767500000000055,2.2850000000000037,0.05,0.0,0.05,0.0,0.0,0.0,50.4,28.2,0,2,-1.148155635993153,-1.8426770508250885,-1.1166459125389459,700.0,2.0,Permanent-Fast,1,0.2537559797643247,0.4420669733604365,0.30417704687523883,65.429,63.841,SOFT,2.0,Q1
RAI,Alfa Romeo,2021,São Paulo Grand Prix,Interlagos,4309.0,15.0,0.0034810860988628,1.5690000000000026,1.8859999999999992,0.1767500000000055,2.209000000000003,0.05,0.0,0.05,0.4615,0.308,0.0,24.6,80.7,0,1,-0.7719306088718323,-0.4680556125916825,0.05366841251622112,800.0,2.0,Permanent-Medium,2,0.25620476813950477,0.5095607383853934,0.2342344934751018,69.503,67.934,SOFT,2.0,Q2
RAI,Alfa Romeo,2021,Turkish Grand Prix,Istanbul Park,5338.0,14.0,0.0026227051330086,4.657000000000011,1.8859999999999992,0.1767500000000055,2.2850000000000037,0.1,0.0,0.1,4.0145,0.36,3.5,22.0,80.9,0,2,0.47964709349177603,-0.7429799002383637,-0.9704813831763092,130.0,1.0,Permanent-Fast,1,0.38408454727220787,0.3458783204798629,0.2700371322479292,87.525,82.868,SOFT,3.0,Q1
RAI,Alfa Romeo,2021,United States Grand Prix,COTA,5337.916050454483,20.0,0.0037467805433727,3.4010000000000105,1.8859999999999992,0.1767500000000055,2.2850000000000037,0.05,0.0,0.05,0.07899999999999996,0.055999999999999946,0.0,37.2,54.6,0,2,0.4795449852514533,0.9065658256417235,0.37067324124127227,230.0,3.0,Permanent-Fast,1,0.27054022904964126,0.39988163345827576,0.3295781374920829,96.311,92.91,SOFT,2.0,Q1
RIC,Alpine,2019,Abu Dhabi Grand Prix,Yas Marina,5333.449274375974,21.0,0.0039374144047628,1.6770000000000067,1.804000000000002,-0.10199999999998965,1.1735000000000042,0.05,0.0,0.05,0.31700000000000006,0.23200000000000004,0.0,28.4,67.0,0,1,0.4741120237924506,1.1814901132884046,0.59812193588988,10.0,2.0,Permanent-Medium,3,0.17731400845981587,0.4259973459401178,0.39668864560006634,96.456,94.779,SOFT,2.0,Q3
RIC,Alpine,2019,Australian Grand Prix,Albert Park,4843.53245567963,14.0,0.0028904523977295,2.083999999999989,1.804000000000002,-0.10199999999998965,1.5139999999999958,0.05,0.0,0.05,0.17100000000000004,0.07200000000000004,0.0,36.4,69.8,1,1,-0.12177618446144439,-0.7429799002383637,-0.6510272976721347,31.0,2.0,Street-Medium,2,0.3324209761414557,0.27187840620079934,0.39570061765774495,82.57,80.486,SOFT,2.0,Q2
RIC,Alpine,2019,Austrian Grand Prix,Red Bull Ring,3999.68196710701,10.0,0.0025001987863632,1.6440000000000055,1.804000000000002,-0.10199999999998965,1.3920000000000101,0.05,0.0,0.05,0.0,0.0,0.0,51.0,25.9,0,2,-1.148155635993153,-1.8426770508250885,-1.1166459125389459,700.0,2.0,Permanent-Fast,2,0.25068448651909603,0.4448002227481554,0.30451529073274863,64.647,63.003,SOFT,2.0,Q2
RIC,Alpine,2019,Azerbaijan Grand Prix,Baku City,4978.250124294395,20.0,0.0040174759203837,1.9819999999999993,1.804000000000002,-0.10199999999998965,1.5775000000000006,0.05,0.0,0.05,0.37450000000000006,0.24,0.0,28.0,76.9,1,2,0.042081570788943895,0.9065658256417235,0.6936447726344993,28.0,2.0,Street-Fast,2,0.3522253774017584,0.40397357455819355,0.243801048040048,102.477,100.495,SOFT,2.0,Q2
RIC,Alpine,2019,Bahrain Grand Prix,Bahrain International,5006.652008539475,15.0,0.0029960140977275,1.6219999999999999,1.804000000000002,-0.10199999999998965,1.1735000000000042,0.05,0.0,0.05,0.23900000000000002,0.226,0.0,28.7,52.6,0,1,0.07662692066868529,-0.4680556125916825,-0.5250797315138804,35.0,2.0,Permanent-Medium,2,0.3160758984444842,0.4342146433041302,0.24970945825138566,89.488,87.866,SOFT,2.0,Q2
RIC,Alpine,2019,Belgian Grand Prix,Spa-Francorchamps,6775.131165030146,19.0,0.0028043737511782,1.583999999999989,1.804000000000002,-0.10199999999998965,1.3920000000000101,0.05,0.0,0.05,0.0,0.0,0.0,41.0,35.4,0,2,2.227636715963657,0.6316415379950423,-0.7537292817396346,300.0,2.0,Permanent-Fast,3,0.2917879407894105,0.4353668962469862,0.2728451629636034,104.103,102.519,SOFT,2.0,Q3
RIC,Alpine,2019,Brazilian Grand Prix,Interlagos,4309.0,15.0,0.0034810860988628,1.4000000000000057,1.804000000000002,-0.10199999999998965,1.1735000000000042,0.05,0.0,0.05,0.19449999999999995,0.11599999999999995,0.0,34.2,65.7,0,1,-0.7719306088718323,-0.4680556125916825,0.05366841251622112,800.0,2.0,Permanent-Medium,2,0.25891470618115325,0.5087151502837323,0.2323701435351146,68.903,67.503,SOFT,2.0,Q2
RIC,Alpine,2019,British Grand Prix,Silverstone,5729.156782444218,18.0,0.003141823602237,1.0889999999999986,1.804000000000002,-0.10199999999998965,1.3920000000000101,0.05,0.0,0.05,0.30200000000000005,0.21200000000000002,0.0,29.4,68.0,0,2,0.9554129895418016,0.3567172503483611,-0.3511117846537936,140.0,2.0,Permanent-Fast,3,0.32011324870622637,0.4067090575758279,0.2731776937179457,86.182,85.093,SOFT,2.0,Q3
RIC,Alpine,2019,Canadian Grand Prix,Gilles Villeneuve,3927.405044134453,14.0,0.0035646947138566,0.8310000000000031,1.804000000000002,-0.10199999999998965,1.1735000000000042,0.05,0.0,0.05,0.0,0.0,0.0,48.2,21.1,0,1,-1.2360664087705144,-0.7429799002383637,0.15342335743024896,22.0,2.0,Permanent-Medium,3,0.27707503763841795,0.31817478296351537,0.40475017939806673,71.071,70.24,SOFT,2.0,Q3
RIC,Alpine,2019,Chinese Grand Prix,Shanghai International,5161.238099433068,16.0,0.0031000313668453,1.4110000000000014,1.804000000000002,-0.10199999999998965,1.3920000000000101,0.05,0.0,0.05,0.166,0.166,0.0,31.7,49.5,0,2,0.2646507345248319,-0.1931313249450013,-0.4009748536645922,5.0,3.0,Permanent-Fast,3,0.2617956496482282,0.2971557047268659,0.4410486456249059,92.958,91.547,SOFT,2.0,Q3
RIC,Alpine,2019,French Grand Prix,Paul Ricard,5247.8799638259,15.0,0.0028582970844219,1.5990000000000038,1.804000000000002,-0.10199999999998965,1.3920000000000101,0.05,0.0,0.05,0.0,0.0,0.0,52.0,43.4,0,2,0.37003365538516214,-0.4680556125916825,-0.6893923813172924,40.0,3.0,Permanent-Fast,3,0.25038368291109675,0.30782490713761423,0.44179140995128896,89.918,88.319,SOFT,2.0,Q3
RIC,Alpine,2019,German Grand Prix,Hockenheimring,4317.957322804004,17.0,0.0039370467860392,1.0320000000000107,1.804000000000002,-0.10199999999998965,1.1735000000000042,0.05,0.0,0.05,0.0010000000000000143,0.0,0.0,43.4,50.2,0,1,-0.7610357736003405,0.0817929627016799,0.5976833233674174,100.0,2.0,Permanent-Medium,2,0.21516779076635667,0.4785230566353933,0.3063091525982499,72.799,71.767,SOFT,2.0,Q2
RIC,Alpine,2019,Hungarian Grand Prix,Hungaroring,4122.248439558155,14.0,0.0033962048152295,2.6850000000000023,1.804000000000002,-0.10199999999998965,1.4224999999999994,0.05,0.0,0.05,0.01800000000000001,0.0,0.0,41.5,53.6,0,0,-0.9990774397082004,-0.7429799002383637,-0.04760497628108983,150.0,1.0,Permanent-Slow,1,0.36101583028075124,0.3547121943642647,0.284271975354984,77.257,74.572,SOFT,2.0,Q1
RIC,Alpine,2019,Italian Grand Prix,Monza,5261.551646812222,11.0,0.0020906380357711,0.5259999999999962,1.804000000000002,-0.10199999999998965,1.3920000000000101,0.05,0.0,0.05,0.041999999999999996,0.03,0.0,38.5,52.4,0,2,0.38666258986472024,-1.5677527631784072,-1.6053002230701332,120.0,2.0,Permanent-Fast,3,0.33305775806997107,0.33408490223341225,0.3328573396966167,79.833,79.307,SOFT,2.0,Q3
RIC,Alpine,2019,Japanese Grand Prix,Suzuka,5650.500064177964,18.0,0.0031855587639248,2.7580000000000098,1.804000000000002,-0.10199999999998965,1.3920000000000101,0.05,0.0,0.05,0.145,0.09,0.0,35.5,61.0,0,2,0.8597424407340858,0.3567172503483611,-0.29893057527368244,50.0,2.0,Permanent-Fast,1,0.352419229142081,0.4504019059918506,0.19717886486606842,89.822,87.064,SOFT,2.0,Q1
RIC,Alpine,2019,Mexican Grand Prix,Hermanos Rodriguez,4309.0,17.0,0.0039452309120445,2.1750000000000114,1.804000000000002,-0.10199999999998965,1.1735000000000042,0.05,0.0,0.05,0.154,0.13,0.0,33.5,54.8,0,1,-0.7719306088718323,0.0817929627016799,0.6074479515566137,2240.0,2.0,Permanent-Medium,2,0.35497120871407595,0.3855042699491766,0.2595245213367476,76.933,74.758,SOFT,2.0,Q2
RIC,Alpine,2019,Monaco Grand Prix,Monaco,2982.89347053333,19.0,0.0063696542259026,1.0520000000000067,1.804000000000002,-0.10199999999998965,1.559999999999988,0.05,0.0,0.05,0.07049999999999998,0.0,0.0,40.9,64.1,1,0,-2.3848804273745277,0.6316415379950423,3.5000710878223424,10.0,1.0,Street-Slow,3,0.2635429245415485,0.4707377348423152,0.2657193406161364,71.218,70.166,SOFT,2.0,Q3
RIC,Alpine,2019,Russian Grand Prix,Sochi Autodrom,5760.2985642132535,18.0,0.0031248380269432,2.0330000000000013,1.804000000000002,-0.10199999999998965,1.1735000000000042,0.05,0.0,0.05,0.24650000000000002,0.20200000000000004,0.0,29.9,58.9,0,1,0.993290890099623,0.3567172503483611,-0.37137758056360215,5.0,2.0,Permanent-Medium,3,0.364388592904197,0.3434727367847877,0.29213867031101526,93.661,91.628,SOFT,2.0,Q3
RIC,Alpine,2019,Singapore Grand Prix,Marina Bay,4956.5492831458605,23.0,0.0046403250903221,1.8780000000000001,1.804000000000002,-0.10199999999998965,1.559999999999988,0.05,0.0,0.05,0.18099999999999994,0.12599999999999995,0.0,33.7,61.0,1,0,0.01568673220387009,1.731338688581767,1.436777339075894,10.0,1.0,Street-Slow,3,0.27432590855803046,0.3836790865997248,0.34199500484224477,98.095,96.217,SOFT,2.0,Q3
RIC,Alpine,2019,Spanish Grand Prix,Barcelona-Catalunya,4348.990357163425,16.0,0.003679014825509,1.8930000000000007,1.804000000000002,-0.10199999999998965,1.1735000000000042,0.05,0.0,0.05,0.12099999999999995,0.08599999999999995,0.0,35.7,57.0,0,1,-0.7232901430454965,-0.1931313249450013,0.28982074233246696,110.0,1.0,Permanent-Medium,3,0.28089625997749,0.3725145215332669,0.34658921848924307,77.299,75.406,SOFT,2.0,Q3
RIC,Alpine,2019,United States Grand Prix,COTA,5337.916050454483,20.0,0.0037467805433727,1.4590000000000032,1.804000000000002,-0.10199999999998965,1.3920000000000101,0.05,0.0,0.05,0.29,0.29,0.0,25.5,24.6,0,2,0.4795449852514533,0.9065658256417235,0.37067324124127227,230.0,3.0,Permanent-Fast,3,0.26860131781619034,0.3989068115693993,0.3324918706144104,93.488,92.029,SOFT,2.0,Q3
RIC,Alpine,2020,70th Anniversary Grand Prix,Silverstone,5729.156782444218,18.0,0.003141823602237,1.1430000000000007,1.161999999999999,-0.10000000000000853,1.3920000000000101,0.45,0.4,0.05,0.025500000000000043,0.004000000000000057,0.0,39.8,54.3,0,2,0.9554129895418016,0.3567172503483611,-0.3511117846537936,140.0,2.0,Permanent-Fast,3,0.3198257181593798,0.40712886890621924,0.27304541293440093,86.297,85.154,MEDIUM,2.0,Q3
RIC,Alpine,2020,Abu Dhabi Grand Prix,Yas Marina,5333.449274375974,21.0,0.0039374144047628,1.1600000000000108,1.161999999999999,-0.10000000000000853,1.1735000000000042,0.05,0.0,0.05,0.304,0.244,0.0,27.8,62.0,0,1,0.4741120237924506,1.1814901132884046,0.59812193588988,10.0,2.0,Permanent-Medium,2,0.17772752733232372,0.4280127792875962,0.39425969338008005,96.406,95.246,SOFT,2.0,Q2
RIC,Alpine,2020,Austrian Grand Prix,Red Bull Ring,3999.68196710701,10.0,0.0025001987863632,1.083999999999996,1.161999999999999,-0.10000000000000853,1.3920000000000101,0.05,0.0,0.05,0.0,0.0,0.0,48.6,35.1,0,2,-1.148155635993153,-1.8426770508250885,-1.1166459125389459,700.0,2.0,Permanent-Fast,3,0.2512378364025429,0.4445277478406198,0.3042344157568374,64.023,62.939,SOFT,2.0,Q3
RIC,Alpine,2020,Bahrain Grand Prix,Bahrain International,5006.652008539475,15.0,0.0029960140977275,1.1530000000000058,1.161999999999999,-0.10000000000000853,1.1735000000000042,0.05,0.0,0.05,0.30200000000000005,0.256,0.0,27.2,59.2,0,1,0.07662692066868529,-0.4680556125916825,-0.5250797315138804,35.0,2.0,Permanent-Medium,3,0.3164662904192633,0.43251863329450213,0.25101507628623454,88.417,87.264,SOFT,2.0,Q3
RIC,Alpine,2020,Belgian Grand Prix,Spa-Francorchamps,6775.131165030146,19.0,0.0028043737511782,0.8090000000000117,1.161999999999999,-0.10000000000000853,1.3920000000000101,0.05,0.0,0.05,0.388,0.322,0.0,23.9,63.2,0,2,2.227636715963657,0.6316415379950423,-0.7537292817396346,300.0,2.0,Permanent-Fast,3,0.29696945944092257,0.42713671235829553,0.2758938282007819,102.061,101.252,SOFT,2.0,Q3
RIC,Alpine,2020,British Grand Prix,Silverstone,5729.156782444218,18.0,0.003141823602237,1.706000000000003,1.161999999999999,-0.10000000000000853,1.3920000000000101,0.05,0.0,0.05,0.033499999999999974,0.01799999999999997,0.0,39.1,53.1,0,2,0.9554129895418016,0.3567172503483611,-0.3511117846537936,140.0,2.0,Permanent-Fast,3,0.32086177027985446,0.40536455487216455,0.27377367484798104,86.009,84.303,SOFT,2.0,Q3
RIC,Alpine,2020,Eifel Grand Prix,Hockenheimring,4317.957322804004,17.0,0.0039370467860392,0.8269999999999982,1.161999999999999,-0.10000000000000853,1.1735000000000042,0.05,0.0,0.05,0.508,0.47000000000000003,0.0,16.5,57.6,0,1,-0.7610357736003405,0.0817929627016799,0.5976833233674174,100.0,2.0,Permanent-Medium,3,0.3253461252555287,0.41715062256086227,0.257503252183609,86.096,85.269,SOFT,2.0,Q3
RIC,Alpine,2020,Emilia Romagna Grand Prix,Imola,4909.0,19.0,0.003870442045223,0.9110000000000014,1.161999999999999,-0.10000000000000853,1.1735000000000042,0.05,0.0,0.05,0.40650000000000003,0.318,0.0,24.1,67.7,0,1,-0.04214769204173995,0.6316415379950423,0.5182160070911476,37.0,1.0,Permanent-Medium,3,0.31937734836285564,0.3459876543209877,0.33463499731615676,74.52,73.609,SOFT,2.0,Q3
RIC,Alpine,2020,Hungarian Grand Prix,Hungaroring,4122.248439558155,14.0,0.0033962048152295,2.2139999999999986,1.161999999999999,-0.10000000000000853,1.4224999999999994,0.45,0.4,0.05,0.37699999999999995,0.25799999999999995,0.0,27.1,73.8,0,0,-0.9990774397082004,-0.7429799002383637,-0.04760497628108983,150.0,1.0,Permanent-Slow,2,0.36760021675632093,0.35242727428926396,0.27997250895441506,75.661,73.447,MEDIUM,2.0,Q2
RIC,Alpine,2020,Italian Grand Prix,Monza,5261.551646812222,11.0,0.0020906380357711,0.9770000000000039,1.161999999999999,-0.10000000000000853,1.3920000000000101,0.05,0.0,0.05,0.0,0.0,0.0,44.6,41.2,0,2,0.38666258986472024,-1.5677527631784072,-1.6053002230701332,120.0,2.0,Permanent-Fast,3,0.33325403185415203,0.33557046979865773,0.33117549834719023,79.864,78.887,SOFT,2.0,Q3
RIC,Alpine,2020,Portuguese Grand Prix,Portimao,4653.0,15.0,0.0032237266279819,1.0150000000000006,1.161999999999999,-0.10000000000000853,1.1735000000000042,0.15000000000000002,0.0,0.15000000000000002,0.09,0.09,0.0,35.5,49.1,0,1,-0.3535217365559127,-0.4680556125916825,-0.25339180900199537,90.0,1.0,Permanent-Medium,2,0.2913488468140577,0.383474658303326,0.3251764948826164,77.481,76.466,SOFT,4.0,Q2
RIC,Alpine,2020,Russian Grand Prix,Sochi Autodrom,5760.2985642132535,18.0,0.0031248380269432,0.9140000000000015,1.161999999999999,-0.10000000000000853,1.1735000000000042,0.05,0.0,0.05,0.19199999999999995,0.15599999999999994,0.0,32.2,57.2,0,1,0.993290890099623,0.3567172503483611,-0.37137758056360215,5.0,2.0,Permanent-Medium,3,0.3646901906352339,0.3444013099394912,0.2909084994252749,92.218,91.304,SOFT,2.0,Q3
RIC,Alpine,2020,Sakhir Grand Prix,Bahrain International,5006.652008539475,15.0,0.0029960140977275,0.4939999999999998,1.161999999999999,-0.10000000000000853,1.1735000000000042,0.05,0.0,0.05,0.40750000000000003,0.27,0.0,26.5,77.5,0,1,0.07662692066868529,-0.4680556125916825,-0.5250797315138804,35.0,2.0,Permanent-Medium,3,0.34716266636966087,0.3484806296523176,0.30435670397802156,53.871,53.377,SOFT,2.0,Q3
RIC,Alpine,2020,Spanish Grand Prix,Barcelona-Catalunya,4348.990357163425,16.0,0.003679014825509,1.61399999999999,1.161999999999999,-0.10000000000000853,1.1735000000000042,0.05,0.0,0.05,0.0035000000000000144,0.0,0.0,49.3,50.7,0,1,-0.7232901430454965,-0.1931313249450013,0.28982074233246696,110.0,1.0,Permanent-Medium,2,0.2813414855307132,0.37348117826886706,0.3451773362004196,77.198,75.584,SOFT,2.0,Q2
RIC,Alpine,2020,Styrian Grand Prix,Red Bull Ring,3999.68196710701,10.0,0.0025001987863632,1.4039999999999964,1.161999999999999,-0.10000000000000853,1.3920000000000101,2.85,2.5,0.35000000000000003,4.1025,0.41000000000000003,3.5,19.5,88.5,0,2,-1.148155635993153,-1.8426770508250885,-1.1166459125389459,700.0,2.0,Permanent-Fast,3,0.24284037410544118,0.44519052367188783,0.311969102222671,79.229,77.825,WET,8.0,Q3
RIC,Alpine,2020,Turkish Grand Prix,Istanbul Park,5338.0,14.0,0.0026227051330086,3.8299999999999983,1.161999999999999,-0.10000000000000853,1.3920000000000101,3.0,2.5,0.5,0.7405,0.54,0.0,13.0,90.1,0,2,0.47964709349177603,-0.7429799002383637,-0.9704813831763092,130.0,1.0,Permanent-Fast,3,0.37205071911824006,0.3574084860432815,0.2705407948384784,111.595,107.765,WET,11.0,Q3
RIC,Alpine,2020,Tuscan Grand Prix,Mugello,5245.0,15.0,0.0028598665395614,1.0989999999999895,1.161999999999999,-0.10000000000000853,1.3920000000000101,0.05,0.0,0.05,0.0,0.0,0.0,44.9,41.0,0,2,0.36653074138311176,-0.4680556125916825,-0.6875198361136977,255.0,1.0,Permanent-Fast,3,0.359364138347127,0.2772582401007306,0.3633776215521425,76.243,75.144,SOFT,2.0,Q3
RIC,McLaren,2021,Abu Dhabi Grand Prix,Yas Marina,5333.449274375974,21.0,0.0039374144047628,1.3000000000000114,0.943750000000005,0.15200000000000102,1.1735000000000042,0.15000000000000002,0.0,0.15000000000000002,0.30650000000000005,0.24600000000000002,0.0,27.7,62.1,0,1,0.4741120237924506,1.1814901132884046,0.59812193588988,10.0,2.0,Permanent-Medium,3,0.2047261086933065,0.4313683175676486,0.363905573739045,83.409,82.109,SOFT,4.0,Q3
RIC,McLaren,2021,Austrian Grand Prix,Red Bull Ring,3999.68196710701,10.0,0.0025001987863632,0.9989999999999952,0.943750000000005,0.15200000000000102,1.3920000000000101,0.05,0.0,0.05,0.0,0.0,0.0,52.1,26.7,0,2,-1.148155635993153,-1.8426770508250885,-1.1166459125389459,700.0,2.0,Permanent-Fast,2,0.2532950138290147,0.44551059194363324,0.3011943942273521,64.719,63.72,SOFT,2.0,Q2
RIC,McLaren,2021,Azerbaijan Grand Prix,Baku City,4978.250124294395,20.0,0.0040174759203837,1.0859999999999985,0.943750000000005,0.15200000000000102,1.5775000000000006,0.15000000000000002,0.0,0.15000000000000002,0.0,0.0,0.0,47.8,47.7,1,2,0.042081570788943895,0.9065658256417235,0.6936447726344993,28.0,2.0,Street-Fast,2,0.3484321238661245,0.40289724741945576,0.24867062871441978,102.304,101.218,SOFT,4.0,Q2
RIC,McLaren,2021,Bahrain Grand Prix,Bahrain International,5006.652008539475,15.0,0.0029960140977275,0.9300000000000068,0.943750000000005,0.15200000000000102,1.1735000000000042,0.05,0.0,0.05,0.14799999999999996,0.14799999999999996,0.0,32.6,43.6,0,1,0.07662692066868529,-0.4680556125916825,-0.5250797315138804,35.0,2.0,Permanent-Medium,3,0.31767989591557594,0.4311497103205933,0.25117039376383066,89.927,88.997,SOFT,2.0,Q3
RIC,McLaren,2021,Belgian Grand Prix,Spa-Francorchamps,6775.131165030146,19.0,0.0028043737511782,1.1019999999999897,0.943750000000005,0.15200000000000102,1.3920000000000101,1.55,1.5,0.05,0.658,0.452,0.0,17.4,91.2,0,2,2.227636715963657,0.6316415379950423,-0.7537292817396346,300.0,2.0,Permanent-Fast,3,0.2777497929597787,0.45694844058159095,0.2653017664586304,117.127,116.025,INTERMEDIATE,2.0,Q3
RIC,McLaren,2021,British Grand Prix,Silverstone,5729.156782444218,18.0,0.003141823602237,0.8760000000000048,0.943750000000005,0.15200000000000102,1.3920000000000101,0.05,0.0,0.05,0.07899999999999999,0.057999999999999975,0.0,37.1,54.2,0,2,0.9554129895418016,0.3567172503483611,-0.3511117846537936,140.0,2.0,Permanent-Fast,3,0.31855372328795495,0.4068401247425172,0.2746061519695278,86.899,86.023,SOFT,2.0,Q3
RIC,McLaren,2021,Dutch Grand Prix,Zandvoort,4259.0,14.0,0.0032871566095327,0.9799999999999898,0.943750000000005,0.15200000000000102,1.1735000000000042,0.05,0.0,0.05,0.15550000000000003,0.09200000000000003,0.0,35.4,62.7,0,1,-0.8327458519410066,-0.7429799002383637,-0.1777123552044761,2.0,2.0,Permanent-Medium,3,0.34884419952766044,0.3410577542403206,0.31009804623201886,69.865,68.885,SOFT,2.0,Q3
RIC,McLaren,2021,Emilia Romagna Grand Prix,Imola,4909.0,19.0,0.003870442045223,0.41499999999999204,0.943750000000005,0.15200000000000102,1.1735000000000042,0.05,0.0,0.05,0.16799999999999998,0.16799999999999998,0.0,31.6,34.9,0,1,-0.04214769204173995,0.6316415379950423,0.5182160070911476,37.0,1.0,Permanent-Medium,3,0.3172560339988774,0.3455483388127122,0.3371956271884105,74.826,74.411,SOFT,2.0,Q3
RIC,McLaren,2021,French Grand Prix,Paul Ricard,5247.8799638259,15.0,0.0028582970844219,1.3920000000000101,0.943750000000005,0.15200000000000102,1.3920000000000101,0.05,0.0,0.05,0.0,0.0,0.0,42.0,44.7,0,2,0.37003365538516214,-0.4680556125916825,-0.6893923813172924,40.0,3.0,Permanent-Fast,3,0.24948020397890172,0.30428311921384954,0.44623667680724866,91.382,89.99,SOFT,2.0,Q3
RIC,McLaren,2021,Hungarian Grand Prix,Hungaroring,4122.248439558155,14.0,0.0033962048152295,1.4519999999999982,0.943750000000005,0.15200000000000102,1.4224999999999994,0.05,0.0,0.05,0.0,0.0,0.0,59.9,45.0,0,0,-0.9990774397082004,-0.7429799002383637,-0.04760497628108983,150.0,1.0,Permanent-Slow,2,0.36107244604597316,0.35560874712180146,0.28331880683222543,76.871,75.419,SOFT,2.0,Q2
RIC,McLaren,2021,Italian Grand Prix,Monza,5261.551646812222,11.0,0.0020906380357711,0.4399999999999977,0.943750000000005,0.15200000000000102,1.3920000000000101,0.05,0.0,0.05,0.19,0.19,0.0,30.5,43.7,0,2,0.38666258986472024,-1.5677527631784072,-1.6053002230701332,120.0,2.0,Permanent-Fast,3,0.3347084192762047,0.3365210325645353,0.32877054815925993,79.995,79.555,SOFT,2.0,Q3
RIC,McLaren,2021,Mexico City Grand Prix,Hermanos Rodriguez,4309.0,17.0,0.0039452309120445,0.8880000000000052,0.943750000000005,0.15200000000000102,1.1735000000000042,0.05,0.0,0.05,0.0,0.0,0.0,44.3,19.6,0,1,-0.7719306088718323,0.0817929627016799,0.6074479515566137,2240.0,2.0,Permanent-Medium,3,0.3523442283391738,0.38450816148404826,0.26314761017677785,76.763,75.875,SOFT,2.0,Q3
RIC,McLaren,2021,Monaco Grand Prix,Monaco,2982.89347053333,19.0,0.0063696542259026,1.2519999999999953,0.943750000000005,0.15200000000000102,1.559999999999988,0.1,0.0,0.1,0.25650000000000006,0.13400000000000006,0.0,33.3,74.5,1,0,-2.3848804273745277,0.6316415379950423,3.5000710878223424,10.0,1.0,Street-Slow,2,0.2641135227240984,0.47128411408139886,0.2646023631945026,71.598,70.346,SOFT,3.0,Q2
RIC,McLaren,2021,Portuguese Grand Prix,Portimao,4653.0,15.0,0.0032237266279819,1.8709999999999951,0.943750000000005,0.15200000000000102,1.1735000000000042,0.1,0.0,0.1,0.024000000000000056,0.024000000000000056,0.0,38.8,38.8,0,1,-0.3535217365559127,-0.4680556125916825,-0.25339180900199537,90.0,1.0,Permanent-Medium,1,0.2869650170969075,0.38459900549856585,0.3284359774045266,79.839,77.968,SOFT,3.0,Q1
RIC,McLaren,2021,Qatar Grand Prix,Losail,5380.0,16.0,0.0029739776951672,1.769999999999996,0.943750000000005,0.15200000000000102,1.1735000000000042,0.05,0.0,0.05,0.30900000000000005,0.22200000000000003,0.0,28.9,67.4,0,1,0.5307318976698825,-0.1931313249450013,-0.5513717604354108,20.0,2.0,Permanent-Medium,2,0.3273726648667627,0.3356659442836907,0.33696139084954657,82.597,80.827,SOFT,2.0,Q2
RIC,McLaren,2021,Russian Grand Prix,Sochi Autodrom,5760.2985642132535,18.0,0.0031248380269432,2.163000000000011,0.943750000000005,0.15200000000000102,1.1735000000000042,0.1,0.0,0.1,0.6255000000000001,0.47600000000000003,0.0,16.2,79.9,0,1,0.993290890099623,0.3567172503483611,-0.37137758056360215,5.0,2.0,Permanent-Medium,3,0.3568685433388379,0.33662967087829787,0.30650178578286413,104.156,101.993,SOFT,3.0,Q3
RIC,McLaren,2021,Saudi Arabian Grand Prix,Jeddah,6174.0,27.0,0.0043731778425655,0.7049999999999983,0.943750000000005,0.15200000000000102,1.5775000000000006,0.1,0.0,0.1,0.281,0.174,0.0,31.3,71.4,1,2,1.4964779576083713,2.8310358391684916,1.1180391446222482,15.0,3.0,Street-Fast,3,0.36485444817266705,0.3198852815815725,0.31526027024576037,88.216,87.511,SOFT,3.0,Q3
RIC,McLaren,2021,Spanish Grand Prix,Barcelona-Catalunya,4348.990357163425,16.0,0.003679014825509,0.8810000000000002,0.943750000000005,0.15200000000000102,1.1735000000000042,0.05,0.0,0.05,0.0,0.0,0.0,44.1,48.5,0,1,-0.7232901430454965,-0.1931313249450013,0.28982074233246696,110.0,1.0,Permanent-Medium,3,0.2805003736054211,0.3744685784957873,0.3450310478987916,77.622,76.741,SOFT,2.0,Q3
RIC,McLaren,2021,Styrian Grand Prix,Red Bull Ring,3999.68196710701,10.0,0.0025001987863632,0.9670000000000059,0.943750000000005,0.15200000000000102,1.3920000000000101,0.05,0.0,0.05,0.0,0.0,0.0,54.1,27.9,0,2,-1.148155635993153,-1.8426770508250885,-1.1166459125389459,700.0,2.0,Permanent-Fast,2,0.25089495124058764,0.443787803974818,0.3053172447845945,64.808,63.841,SOFT,2.0,Q2
RIC,McLaren,2021,São Paulo Grand Prix,Interlagos,4309.0,15.0,0.0034810860988628,1.105000000000004,0.943750000000005,0.15200000000000102,1.1735000000000042,0.05,0.0,0.05,0.48,0.32,0.0,24.0,82.0,0,1,-0.7719306088718323,-0.4680556125916825,0.05366841251622112,800.0,2.0,Permanent-Medium,3,0.2566954909543881,0.5084517446660584,0.23485276437955357,69.039,67.934,SOFT,2.0,Q3
RIC,McLaren,2021,Turkish Grand Prix,Istanbul Park,5338.0,14.0,0.0026227051330086,3.0130000000000052,0.943750000000005,0.15200000000000102,1.3920000000000101,0.05,0.0,0.05,4.016,0.36200000000000004,3.5,21.9,80.8,0,2,0.47964709349177603,-0.7429799002383637,-0.9704813831763092,130.0,1.0,Permanent-Fast,1,0.38070120282716785,0.34784178106915387,0.27145701610367834,85.881,82.868,SOFT,2.0,Q1
RIC,McLaren,2021,United States Grand Prix,COTA,5337.916050454483,20.0,0.0037467805433727,0.8980000000000103,0.943750000000005,0.15200000000000102,1.3920000000000101,0.05,0.0,0.05,0.15400000000000003,0.11200000000000003,0.0,34.4,58.4,0,2,0.4795449852514533,0.9065658256417235,0.37067324124127227,230.0,3.0,Permanent-Fast,3,0.2680475012792086,0.4019166808800956,0.3300358178406959,93.808,92.91,SOFT,2.0,Q3
RIC,McLaren,2022,Abu Dhabi Grand Prix,Yas Marina,5333.449274375974,21.0,0.0039374144047628,1.2210000000000036,1.4997499999999988,0.2117500000000021,1.1735000000000042,0.05,0.0,0.05,0.245,0.14,0.0,33.0,71.0,0,1,0.4741120237924506,1.1814901132884046,0.59812193588988,10.0,2.0,Permanent-Medium,3,0.20559703686283734,0.4311364571697337,0.36326650596742904,85.045,83.824,SOFT,2.0,Q3
RIC,McLaren,2022,Australian Grand Prix,Albert Park,4843.53245567963,14.0,0.0028904523977295,1.1640000000000015,1.4997499999999988,0.2117500000000021,1.5139999999999958,0.2,0.0,0.2,0.304,0.254,0.0,27.3,60.0,1,1,-0.12177618446144439,-0.7429799002383637,-0.6510272976721347,31.0,2.0,Street-Medium,3,0.34344316226338695,0.22859095050106282,0.4279658872355501,79.032,77.868,SOFT,5.0,Q3
RIC,McLaren,2022,Austrian Grand Prix,Red Bull Ring,3999.68196710701,10.0,0.0025001987863632,1.6290000000000049,1.4997499999999988,0.2117500000000021,1.3920000000000101,0.05,0.0,0.05,0.06,0.06,0.0,37.0,33.0,0,2,-1.148155635993153,-1.8426770508250885,-1.1166459125389459,700.0,2.0,Permanent-Fast,1,0.2523531442811463,0.443652139972678,0.30399471574617565,66.613,64.984,SOFT,2.0,Q1
RIC,McLaren,2022,Azerbaijan Grand Prix,Baku City,4978.250124294395,20.0,0.0040174759203837,2.2150000000000034,1.4997499999999988,0.2117500000000021,1.5775000000000006,0.15000000000000002,0.0,0.15000000000000002,0.20700000000000002,0.11200000000000003,0.0,34.4,69.0,1,2,0.042081570788943895,0.9065658256417235,0.6936447726344993,28.0,2.0,Street-Fast,2,0.35052233185934695,0.4029389615154383,0.24653870662521482,103.574,101.359,SOFT,4.0,Q2
RIC,McLaren,2022,Bahrain Grand Prix,Bahrain International,5006.652008539475,15.0,0.0029960140977275,2.3869999999999862,1.4997499999999988,0.2117500000000021,1.1735000000000042,0.05,0.0,0.05,0.31600000000000006,0.28600000000000003,0.0,25.7,56.0,0,1,0.07662692066868529,-0.4680556125916825,-0.5250797315138804,35.0,2.0,Permanent-Medium,1,0.320221636451665,0.42887729302275546,0.25090107052557964,92.945,90.558,SOFT,2.0,Q1
RIC,McLaren,2022,Belgian Grand Prix,Spa-Francorchamps,6775.131165030146,19.0,0.0028043737511782,2.1019999999999897,1.4997499999999988,0.2117500000000021,1.3920000000000101,0.05,0.0,0.05,0.549,0.384,0.0,20.8,83.0,0,2,2.227636715963657,0.6316415379950423,-0.7537292817396346,300.0,2.0,Permanent-Fast,2,0.2924068943999546,0.4297559730350677,0.2778371325649777,105.767,103.665,SOFT,2.0,Q2
RIC,McLaren,2022,British Grand Prix,Silverstone,5729.156782444218,18.0,0.003141823602237,2.804000000000002,1.4997499999999988,0.2117500000000021,1.3920000000000101,1.6,1.5,0.1,0.5800000000000001,0.39,0.0,20.5,88.0,0,2,0.9554129895418016,0.3567172503483611,-0.3511117846537936,140.0,2.0,Permanent-Fast,2,0.3133332679308958,0.40668870728812057,0.2799780247809836,101.933,99.129,INTERMEDIATE,3.0,Q2
RIC,McLaren,2022,Canadian Grand Prix,Gilles Villeneuve,3927.405044134453,14.0,0.0035646947138566,2.4499999999999886,1.4997499999999988,0.2117500000000021,1.1735000000000042,1.55,1.5,0.05,0.499,0.434,0.0,18.3,63.0,0,1,-1.2360664087705144,-0.7429799002383637,0.15342335743024896,22.0,2.0,Permanent-Medium,3,0.28190187345520545,0.32040979593786195,0.3976883306069326,83.749,81.299,INTERMEDIATE,2.0,Q3
RIC,McLaren,2022,Dutch Grand Prix,Zandvoort,4259.0,14.0,0.0032871566095327,1.7390000000000043,1.4997499999999988,0.2117500000000021,1.1735000000000042,0.05,0.0,0.05,0.014000000000000058,0.014000000000000058,0.0,39.3,31.0,0,1,-0.8327458519410066,-0.7429799002383637,-0.1777123552044761,2.0,2.0,Permanent-Medium,1,0.3413382167284028,0.34887140855426535,0.3097903747173319,72.081,70.342,SOFT,2.0,Q1
RIC,McLaren,2022,Emilia Romagna Grand Prix,Imola,4909.0,19.0,0.003870442045223,1.1869999999999976,1.4997499999999988,0.2117500000000021,1.1735000000000042,0.30000000000000004,0.0,0.30000000000000004,0.676,0.506,0.0,14.7,84.0,0,1,-0.04214769204173995,0.6316415379950423,0.5182160070911476,37.0,1.0,Permanent-Medium,3,0.3225181295323831,0.3402350587646912,0.3372468117029257,79.98,78.793,SOFT,7.0,Q3
RIC,McLaren,2022,French Grand Prix,Paul Ricard,5247.8799638259,15.0,0.0028582970844219,2.049999999999997,1.4997499999999988,0.2117500000000021,1.3920000000000101,0.05,0.0,0.05,0.0,0.0,0.0,53.8,45.0,0,2,0.37003365538516214,-0.4680556125916825,-0.6893923813172924,40.0,3.0,Permanent-Fast,2,0.24957491229202988,0.30678418458492074,0.44364090312304943,92.922,90.872,SOFT,2.0,Q2
RIC,McLaren,2022,Hungarian Grand Prix,Hungaroring,4122.248439558155,14.0,0.0033962048152295,0.820999999999998,1.4997499999999988,0.2117500000000021,1.4224999999999994,0.05,0.0,0.05,0.31299999999999994,0.20799999999999996,0.0,29.6,71.0,0,0,-0.9990774397082004,-0.7429799002383637,-0.04760497628108983,150.0,1.0,Permanent-Slow,3,0.3626179697690478,0.3559937594311875,0.2813882707997647,78.198,77.377,SOFT,2.0,Q3
RIC,McLaren,2022,Italian Grand Prix,Monza,5261.551646812222,11.0,0.0020906380357711,1.6940000000000026,1.4997499999999988,0.2117500000000021,1.3920000000000101,0.05,0.0,0.05,0.0,0.0,0.0,40.6,34.0,0,2,0.38666258986472024,-1.5677527631784072,-1.6053002230701332,120.0,2.0,Permanent-Fast,3,0.3315130413536131,0.3382688901105613,0.3302180685358255,81.855,80.161,SOFT,2.0,Q3
RIC,McLaren,2022,Japanese Grand Prix,Suzuka,5650.500064177964,18.0,0.0031855587639248,1.355000000000004,1.4997499999999988,0.2117500000000021,1.3920000000000101,0.05,0.0,0.05,0.30100000000000005,0.266,0.0,26.7,57.0,0,2,0.8597424407340858,0.3567172503483611,-0.29893057527368244,50.0,2.0,Permanent-Fast,2,0.348172823437276,0.4515602422263648,0.20026693433635934,90.659,89.304,SOFT,2.0,Q2
RIC,McLaren,2022,Mexico City Grand Prix,Hermanos Rodriguez,4309.0,17.0,0.0039452309120445,1.5499999999999972,1.4997499999999988,0.2117500000000021,1.1735000000000042,0.05,0.0,0.05,0.0,0.0,0.0,48.2,37.0,0,1,-0.7719306088718323,0.0817929627016799,0.6074479515566137,2240.0,2.0,Permanent-Medium,2,0.3513016073116924,0.3902174598172077,0.2584809328710999,79.325,77.775,SOFT,2.0,Q2
RIC,McLaren,2022,Miami Grand Prix,Miami,5412.0,19.0,0.003510716925351,1.5139999999999958,1.4997499999999988,0.2117500000000021,1.5139999999999958,0.05,0.0,0.05,0.0,0.0,0.0,50.2,40.0,1,1,0.5696536532341541,0.6316415379950423,0.08902148545382091,3.0,3.0,Street-Medium,2,0.33035101317683535,0.3820285682648654,0.2876204185582992,90.31,88.796,SOFT,2.0,Q2
RIC,McLaren,2022,Monaco Grand Prix,Monaco,2982.89347053333,19.0,0.0063696542259026,1.5879999999999939,1.4997499999999988,0.2117500000000021,1.559999999999988,0.15000000000000002,0.0,0.15000000000000002,0.0,0.0,0.0,51.8,43.0,1,0,-2.3848804273745277,0.6316415379950423,3.5000710878223424,10.0,1.0,Street-Slow,2,0.26652869908448,0.47087604846225534,0.26259525245326465,72.964,71.376,SOFT,4.0,Q2
RIC,McLaren,2022,Saudi Arabian Grand Prix,Jeddah,6174.0,27.0,0.0043731778425655,1.5729999999999933,1.4997499999999988,0.2117500000000021,1.5775000000000006,0.15000000000000002,0.0,0.15000000000000002,0.36200000000000004,0.30200000000000005,0.0,24.9,62.0,1,2,1.4964779576083713,2.8310358391684916,1.1180391446222482,15.0,3.0,Street-Fast,2,0.36514319450168764,0.32054181101221974,0.3143149944860927,89.773,88.2,SOFT,4.0,Q2
RIC,McLaren,2022,Singapore Grand Prix,Marina Bay,4956.5492831458605,23.0,0.0046403250903221,6.813999999999993,1.4997499999999988,0.2117500000000021,1.559999999999988,1.65,1.5,0.15000000000000002,0.408,0.24799999999999997,0.0,27.6,82.0,1,0,0.01568673220387009,1.731338688581767,1.436777339075894,10.0,1.0,Street-Slow,1,0.26321132965085264,0.3897320737184451,0.34705659663070226,116.226,109.412,INTERMEDIATE,4.0,Q1
RIC,McLaren,2022,Spanish Grand Prix,Barcelona-Catalunya,4348.990357163425,16.0,0.003679014825509,1.5370000000000061,1.4997499999999988,0.2117500000000021,1.1735000000000042,0.05,0.0,0.05,0.0,0.0,0.0,47.6,17.0,0,1,-0.7232901430454965,-0.1931313249450013,0.28982074233246696,110.0,1.0,Permanent-Medium,3,0.2770436060632481,0.3756274365713005,0.34732895736545144,80.287,78.75,SOFT,2.0,Q3
RIC,McLaren,2022,São Paulo Grand Prix,Interlagos,4309.0,15.0,0.0034810860988628,1.2590000000000003,1.4997499999999988,0.2117500000000021,1.1735000000000042,0.15000000000000002,0.0,0.15000000000000002,0.4670000000000001,0.25200000000000006,0.0,27.4,93.0,0,1,-0.7719306088718323,-0.4680556125916825,0.05366841251622112,800.0,2.0,Permanent-Medium,2,0.2548932630995287,0.5074438591627392,0.23766287773773218,72.14,70.881,SOFT,4.0,Q2
RIC,McLaren,2022,United States Grand Prix,COTA,5337.916050454483,20.0,0.0037467805433727,2.690000000000012,1.4997499999999988,0.2117500000000021,1.3920000000000101,0.05,0.0,0.05,0.06400000000000006,0.06400000000000006,0.0,36.8,36.0,0,2,0.4795449852514533,0.9065658256417235,0.37067324124127227,230.0,3.0,Permanent-Fast,1,0.2699956721554727,0.4040145910186922,0.3259897368258352,97.046,94.356,SOFT,2.0,Q1
RIC,RB,2023,Abu Dhabi Grand Prix,Yas Marina,5333.449274375974,21.0,0.0039374144047628,0.9969999999999999,1.5255000000000045,0.0030000000000001137,1.1735000000000042,0.05,0.0,0.05,0.259,0.174,0.0,31.3,67.0,0,1,0.4741120237924506,1.1814901132884046,0.59812193588988,10.0,2.0,Permanent-Medium,2,0.20493356386632242,0.43105326733142274,0.36401316880225476,84.442,83.445,SOFT,2.0,Q2
RIC,RB,2023,Belgian Grand Prix,Spa-Francorchamps,6775.131165030146,19.0,0.0028043737511782,15.991,1.5255000000000045,0.0030000000000001137,1.3920000000000101,1.65,1.5,0.15000000000000002,0.478,0.26799999999999996,0.0,26.6,92.0,0,2,2.227636715963657,0.6316415379950423,-0.7537292817396346,300.0,2.0,Permanent-Fast,1,0.27753174141897036,0.4608092731603894,0.2616589854206403,122.159,106.168,INTERMEDIATE,4.0,Q1
RIC,RB,2023,Hungarian Grand Prix,Hungaroring,4122.248439558155,14.0,0.0033962048152295,1.3930000000000007,1.5255000000000045,0.0030000000000001137,1.4224999999999994,0.45,0.4,0.05,0.0,0.0,0.0,43.0,35.0,0,0,-0.9990774397082004,-0.7429799002383637,-0.04760497628108983,150.0,1.0,Permanent-Slow,2,0.36105484474757055,0.35718314915002175,0.2817620061024076,78.002,76.609,MEDIUM,2.0,Q2
RIC,RB,2023,Las Vegas Grand Prix,Las Vegas,6353.0,14.0,0.0022036832992287,1.5820000000000078,1.5255000000000045,0.0030000000000001137,1.5775000000000006,0.1,0.0,0.1,0.513,0.45799999999999996,0.0,17.1,61.0,1,2,1.7141965277960156,-0.7429799002383637,-1.4704238825178961,600.0,2.0,Street-Fast,2,0.28787589600033936,0.33085210162446455,0.3812720023751962,94.308,92.726,SOFT,3.0,Q2
RIC,RB,2023,Mexico City Grand Prix,Hermanos Rodriguez,4309.0,17.0,0.0039452309120445,0.21600000000000819,1.5255000000000045,0.0030000000000001137,1.1735000000000042,0.05,0.0,0.05,0.0,0.0,0.0,41.6,26.0,0,1,-0.7719306088718323,0.0817929627016799,0.6074479515566137,2240.0,2.0,Permanent-Medium,3,0.3566591713835259,0.38569693210307304,0.257643896513401,77.382,77.166,SOFT,2.0,Q3
RIC,RB,2023,São Paulo Grand Prix,Interlagos,4309.0,15.0,0.0034810860988628,0.8220000000000027,1.5255000000000045,0.0030000000000001137,1.1735000000000042,0.05,0.0,0.05,0.06,0.03,0.0,38.5,56.0,0,1,-0.7719306088718323,-0.4680556125916825,0.05366841251622112,800.0,2.0,Permanent-Medium,1,0.261663114210296,0.5066414465790551,0.23169543921064892,70.843,70.021,SOFT,2.0,Q1
RIC,RB,2023,United States Grand Prix,COTA,5337.916050454483,20.0,0.0037467805433727,1.2510000000000048,1.5255000000000045,0.0030000000000001137,1.3920000000000101,0.05,0.0,0.05,0.0,0.0,0.0,41.2,13.0,0,2,0.4795449852514533,0.9065658256417235,0.37067324124127227,230.0,3.0,Permanent-Fast,2,0.26899993748306833,0.40308833642444825,0.32791172609248337,95.974,94.723,SOFT,2.0,Q2
RIC,RB,2024,Australian Grand Prix,Albert Park,4843.53245567963,14.0,0.0028904523977295,2.1699999999999875,1.2225000000000001,0.11625000000000085,1.5139999999999958,0.05,0.0,0.05,0.115,0.1,0.0,35.0,53.0,1,1,-0.12177618446144439,-0.7429799002383637,-0.6510272976721347,31.0,2.0,Street-Medium,1,0.3464685919190625,0.22732919254658385,0.42620221553435356,78.085,75.915,SOFT,2.0,Q1
RIC,RB,2024,Austrian Grand Prix,Red Bull Ring,3999.68196710701,10.0,0.0025001987863632,0.9750000000000085,1.2225000000000001,0.11625000000000085,1.3920000000000101,0.05,0.0,0.05,0.0,0.0,0.0,45.7,37.0,0,2,-1.148155635993153,-1.8426770508250885,-1.1166459125389459,700.0,2.0,Permanent-Fast,2,0.2512674416823661,0.4471350457197997,0.30159751259783424,65.289,64.314,SOFT,2.0,Q2
RIC,RB,2024,Azerbaijan Grand Prix,Baku City,4978.250124294395,20.0,0.0040174759203837,2.182000000000002,1.2225000000000001,0.11625000000000085,1.5775000000000006,0.05,0.0,0.05,0.045999999999999944,0.045999999999999944,0.0,37.7,38.0,1,2,0.042081570788943895,0.9065658256417235,0.6936447726344993,28.0,2.0,Street-Fast,1,0.357026277922103,0.40191410663756555,0.24105961544033144,103.547,101.365,SOFT,2.0,Q1
RIC,RB,2024,Bahrain Grand Prix,Bahrain International,5006.652008539475,15.0,0.0029960140977275,1.1129999999999995,1.2225000000000001,0.11625000000000085,1.1735000000000042,0.05,0.0,0.05,0.376,0.376,0.0,21.2,46.0,0,1,0.07662692066868529,-0.4680556125916825,-0.5250797315138804,35.0,2.0,Permanent-Medium,2,0.3199450585967788,0.42980571124747996,0.25024923015574113,90.278,89.165,SOFT,2.0,Q2
RIC,RB,2024,Belgian Grand Prix,Spa-Francorchamps,6775.131165030146,19.0,0.0028043737511782,1.5229999999999961,1.2225000000000001,0.11625000000000085,1.3920000000000101,1.55,1.5,0.05,4.087,0.37200000000000005,3.5,21.4,93.0,0,2,2.227636715963657,0.6316415379950423,-0.7537292817396346,300.0,2.0,Permanent-Fast,2,0.28058457299314626,0.4541950785650757,0.26522034844177816,114.682,113.159,INTERMEDIATE,2.0,Q2
RIC,RB,2024,British Grand Prix,Silverstone,5729.156782444218,18.0,0.003141823602237,2.1299999999999955,1.2225000000000001,0.11625000000000085,1.3920000000000101,0.15000000000000002,0.0,0.15000000000000002,0.496,0.376,0.0,21.2,74.0,0,2,0.9554129895418016,0.3567172503483611,-0.3511117846537936,140.0,2.0,Permanent-Fast,2,0.3231190803761271,0.4047118216238957,0.2721690979999773,87.949,85.819,SOFT,4.0,Q2
RIC,RB,2024,Canadian Grand Prix,Gilles Villeneuve,3927.405044134453,14.0,0.0035646947138566,0.43599999999999284,1.2225000000000001,0.11625000000000085,1.1735000000000042,0.05,0.0,0.05,3.729,0.174,3.5,31.3,61.0,0,1,-1.2360664087705144,-0.7429799002383637,0.15342335743024896,22.0,2.0,Permanent-Medium,3,0.27868602621297345,0.3177145390562221,0.4035994347308044,72.178,71.742,SOFT,2.0,Q3
RIC,RB,2024,Chinese Grand Prix,Shanghai International,5161.238099433068,16.0,0.0031000313668453,1.274000000000001,1.2225000000000001,0.11625000000000085,1.3920000000000101,0.05,0.0,0.05,0.16099999999999995,0.13599999999999995,0.0,33.2,55.0,0,2,0.2646507345248319,-0.1931313249450013,-0.4009748536645922,5.0,3.0,Permanent-Fast,2,0.2645416815893147,0.302894642593802,0.4325636758168833,94.934,93.66,SOFT,2.0,Q2
RIC,RB,2024,Dutch Grand Prix,Zandvoort,4259.0,14.0,0.0032871566095327,2.269999999999996,1.2225000000000001,0.11625000000000085,1.1735000000000042,0.05,0.0,0.05,0.23399999999999999,0.16399999999999998,0.0,31.8,64.0,0,1,-0.8327458519410066,-0.7429799002383637,-0.1777123552044761,2.0,2.0,Permanent-Medium,1,0.34338295595123913,0.3548920673310815,0.3017249767176792,71.943,69.673,SOFT,2.0,Q1
RIC,RB,2024,Emilia Romagna Grand Prix,Imola,4909.0,19.0,0.003870442045223,0.9280000000000115,1.2225000000000001,0.11625000000000085,1.1735000000000042,0.05,0.0,0.05,0.004000000000000057,0.004000000000000057,0.0,39.8,46.0,0,1,-0.04214769204173995,0.6316415379950423,0.5182160070911476,37.0,1.0,Permanent-Medium,3,0.3177973940851547,0.34640695615402906,0.3357956497608161,75.674,74.746,SOFT,2.0,Q3
RIC,RB,2024,Hungarian Grand Prix,Hungaroring,4122.248439558155,14.0,0.0033962048152295,0.9749999999999943,1.2225000000000001,0.11625000000000085,1.4224999999999994,0.05,0.0,0.05,0.22200000000000003,0.18200000000000002,0.0,30.9,58.0,0,0,-0.9990774397082004,-0.7429799002383637,-0.04760497628108983,150.0,1.0,Permanent-Slow,3,0.3636912416996929,0.3527072780241988,0.28360148027610826,76.202,75.227,SOFT,2.0,Q3
RIC,RB,2024,Italian Grand Prix,Monza,5261.551646812222,11.0,0.0020906380357711,1.152000000000001,1.2225000000000001,0.11625000000000085,1.3920000000000101,0.05,0.0,0.05,0.0,0.0,0.0,47.9,36.0,0,2,0.38666258986472024,-1.5677527631784072,-1.6053002230701332,120.0,2.0,Permanent-Fast,2,0.3275761378744766,0.33724325600467203,0.33518060612085143,80.479,79.327,SOFT,2.0,Q2
RIC,RB,2024,Japanese Grand Prix,Suzuka,5650.500064177964,18.0,0.0031855587639248,1.2749999999999915,1.2225000000000001,0.11625000000000085,1.3920000000000101,0.05,0.0,0.05,0.304,0.264,0.0,26.8,58.0,0,2,0.8597424407340858,0.3567172503483611,-0.29893057527368244,50.0,2.0,Permanent-Fast,2,0.3504113018597997,0.4515602646638054,0.19802843347639484,89.472,88.197,SOFT,2.0,Q2
RIC,RB,2024,Miami Grand Prix,Miami,5412.0,19.0,0.003510716925351,1.3760000000000048,1.2225000000000001,0.11625000000000085,1.5139999999999958,0.05,0.0,0.05,0.025,0.0,0.0,49.5,55.0,1,1,0.5696536532341541,0.6316415379950423,0.08902148545382091,3.0,3.0,Street-Medium,1,0.33335590236636314,0.3812135369060113,0.2854305607276257,88.617,87.241,SOFT,2.0,Q1
RIC,RB,2024,Monaco Grand Prix,Monaco,2982.89347053333,19.0,0.0063696542259026,1.2120000000000033,1.2225000000000001,0.11625000000000085,1.559999999999988,0.05,0.0,0.05,0.055,0.0,0.0,43.1,61.0,1,0,-2.3848804273745277,0.6316415379950423,3.5000710878223424,10.0,1.0,Street-Slow,2,0.2625835874765675,0.47151730505581824,0.26589910746761425,71.482,70.27,SOFT,2.0,Q2
RIC,RB,2024,Saudi Arabian Grand Prix,Jeddah,6174.0,27.0,0.0043731778425655,1.5530000000000115,1.2225000000000001,0.11625000000000085,1.5775000000000006,0.05,0.0,0.05,0.22299999999999998,0.18799999999999997,0.0,30.6,57.0,1,2,1.4964779576083713,2.8310358391684916,1.1180391446222482,15.0,3.0,Street-Fast,2,0.3661331086773378,0.3166750912664982,0.317191800056164,89.025,87.472,SOFT,2.0,Q2
RIC,RB,2024,Singapore Grand Prix,Marina Bay,4956.5492831458605,23.0,0.0046403250903221,1.559999999999988,1.2225000000000001,0.11625000000000085,1.559999999999988,0.05,0.0,0.05,0.30099999999999993,0.15599999999999994,0.0,32.2,79.0,1,0,0.01568673220387009,1.731338688581767,1.436777339075894,10.0,1.0,Street-Slow,1,0.297293736619641,0.4205741889443926,0.2821320744359664,91.085,89.525,SOFT,2.0,Q1
RIC,RB,2024,Spanish Grand Prix,Barcelona-Catalunya,4348.990357163425,16.0,0.003679014825509,1.6920000000000073,1.2225000000000001,0.11625000000000085,1.1735000000000042,0.05,0.0,0.05,0.15599999999999994,0.06599999999999995,0.0,36.7,68.0,0,1,-0.7232901430454965,-0.1931313249450013,0.28982074233246696,110.0,1.0,Permanent-Medium,1,0.29729729729729737,0.39963051659254195,0.30307218611016085,73.075,71.383,SOFT,2.0,Q1
RUS,Mercedes,2020,Sakhir Grand Prix,Bahrain International,5006.652008539475,15.0,0.0029960140977275,0.02599999999999625,0.0555000000000021,-0.33200000000000784,1.1409999999999911,0.05,0.0,0.05,0.4015,0.264,0.0,26.8,77.5,0,1,0.07662692066868529,-0.4680556125916825,-0.5250797315138804,35.0,2.0,Permanent-Medium,3,0.3499054360241934,0.3463288579293298,0.30376570604647685,53.403,53.377,SOFT,2.0,Q3
RUS,Mercedes,2022,Abu Dhabi Grand Prix,Yas Marina,5333.449274375974,21.0,0.0039374144047628,0.6869999999999976,1.0160000000000018,0.005249999999996646,1.1409999999999911,0.05,0.0,0.05,0.25,0.14,0.0,33.0,72.0,0,1,0.4741120237924506,1.1814901132884046,0.59812193588988,10.0,2.0,Permanent-Medium,3,0.20577202967661015,0.4320147673083977,0.36221320301499216,84.511,83.824,SOFT,2.0,Q3
RUS,Mercedes,2022,Australian Grand Prix,Albert Park,4843.53245567963,14.0,0.0028904523977295,1.065000000000012,1.0160000000000018,0.005249999999996646,0.929000000000002,0.2,0.0,0.2,0.322,0.262,0.0,26.9,62.0,1,1,-0.12177618446144439,-0.7429799002383637,-0.6510272976721347,31.0,2.0,Street-Medium,3,0.3425310073099971,0.22867495217462916,0.4287940405153738,78.933,77.868,SOFT,5.0,Q3
RUS,Mercedes,2022,Austrian Grand Prix,Red Bull Ring,3999.68196710701,10.0,0.0025001987863632,0.44700000000000273,1.0160000000000018,0.005249999999996646,1.5090000000000003,0.15000000000000002,0.0,0.15000000000000002,0.09200000000000003,0.09200000000000003,0.0,35.4,34.0,0,2,-1.148155635993153,-1.8426770508250885,-1.1166459125389459,700.0,2.0,Permanent-Fast,3,0.25293820971710657,0.44625636166343174,0.3008054286194617,65.431,64.984,SOFT,4.0,Q3
RUS,Mercedes,2022,Azerbaijan Grand Prix,Baku City,4978.250124294395,20.0,0.0040174759203837,1.3530000000000086,1.0160000000000018,0.005249999999996646,0.9039999999999964,0.05,0.0,0.05,0.23599999999999996,0.13599999999999995,0.0,33.2,70.0,1,2,0.042081570788943895,0.9065658256417235,0.6936447726344993,28.0,2.0,Street-Fast,3,0.3514487109587974,0.4027085442791494,0.24584274476205312,102.712,101.359,SOFT,2.0,Q3
RUS,Mercedes,2022,Bahrain Grand Prix,Bahrain International,5006.652008539475,15.0,0.0029960140977275,0.6939999999999884,1.0160000000000018,0.005249999999996646,1.1409999999999911,0.05,0.0,0.05,0.32999999999999996,0.3,0.0,25.0,56.0,0,1,0.07662692066868529,-0.4680556125916825,-0.5250797315138804,35.0,2.0,Permanent-Medium,3,0.3199601104633323,0.42852759391574974,0.25151229562091787,91.252,90.558,SOFT,2.0,Q3
RUS,Mercedes,2022,Belgian Grand Prix,Spa-Francorchamps,6775.131165030146,19.0,0.0028043737511782,1.7959999999999923,1.0160000000000018,0.005249999999996646,1.5090000000000003,0.05,0.0,0.05,0.549,0.384,0.0,20.8,83.0,0,2,2.227636715963657,0.6316415379950423,-0.7537292817396346,300.0,2.0,Permanent-Fast,3,0.29603360483970376,0.42551274878865175,0.2784536463716445,105.461,103.665,SOFT,2.0,Q3
RUS,Mercedes,2022,British Grand Prix,Silverstone,5729.156782444218,18.0,0.003141823602237,0.8990000000000009,1.0160000000000018,0.005249999999996646,1.5090000000000003,1.95,1.5,0.45,0.5820000000000001,0.392,0.0,20.4,88.0,0,2,0.9554129895418016,0.3567172503483611,-0.3511117846537936,140.0,2.0,Permanent-Fast,3,0.3135622025832767,0.40643619786459795,0.28000159955212545,100.028,99.129,INTERMEDIATE,10.0,Q3
RUS,Mercedes,2022,Canadian Grand Prix,Gilles Villeneuve,3927.405044134453,14.0,0.0035646947138566,2.2579999999999956,1.0160000000000018,0.005249999999996646,1.1409999999999911,1.6,1.5,0.1,0.504,0.434,0.0,18.3,64.0,0,1,-1.2360664087705144,-0.7429799002383637,0.15342335743024896,22.0,2.0,Permanent-Medium,3,0.2870495589836878,0.319757770144931,0.3931926708713812,83.557,81.299,INTERMEDIATE,3.0,Q3
RUS,Mercedes,2022,Dutch Grand Prix,Zandvoort,4259.0,14.0,0.0032871566095327,0.4819999999999993,1.0160000000000018,0.005249999999996646,1.1409999999999911,0.05,0.0,0.05,0.004000000000000057,0.004000000000000057,0.0,39.8,30.0,0,1,-0.8327458519410066,-0.7429799002383637,-0.1777123552044761,2.0,2.0,Permanent-Medium,3,0.3445159832825031,0.34958488647915964,0.30589913023833726,70.824,70.342,SOFT,2.0,Q3
RUS,Mercedes,2022,Emilia Romagna Grand Prix,Imola,4909.0,19.0,0.003870442045223,1.5899999999999892,1.0160000000000018,0.005249999999996646,1.1409999999999911,0.15000000000000002,0.0,0.15000000000000002,0.671,0.506,0.0,14.7,83.0,0,1,-0.04214769204173995,0.6316415379950423,0.5182160070911476,37.0,1.0,Permanent-Medium,2,0.3236878444447209,0.3418882101936977,0.3344239453615815,80.383,78.793,SOFT,4.0,Q2
RUS,Mercedes,2022,French Grand Prix,Paul Ricard,5247.8799638259,15.0,0.0028582970844219,1.2590000000000003,1.0160000000000018,0.005249999999996646,1.5090000000000003,0.05,0.0,0.05,0.0,0.0,0.0,53.6,46.0,0,2,0.37003365538516214,-0.4680556125916825,-0.6893923813172924,40.0,3.0,Permanent-Fast,3,0.24884132376724444,0.3063463980636268,0.44481227816912877,92.131,90.872,SOFT,2.0,Q3
RUS,Mercedes,2022,Hungarian Grand Prix,Hungaroring,4122.248439558155,14.0,0.0033962048152295,0.0,1.0160000000000018,0.005249999999996646,2.4385000000000048,0.05,0.0,0.05,0.269,0.174,0.0,31.3,69.0,0,0,-0.9990774397082004,-0.7429799002383637,-0.04760497628108983,150.0,1.0,Permanent-Slow,3,0.36235573878542715,0.3544722591984698,0.283172002016103,77.377,77.377,SOFT,2.0,Q3
RUS,Mercedes,2022,Italian Grand Prix,Monza,5261.551646812222,11.0,0.0020906380357711,1.3810000000000002,1.0160000000000018,0.005249999999996646,1.5090000000000003,0.05,0.0,0.05,0.0,0.0,0.0,40.4,35.0,0,2,0.38666258986472024,-1.5677527631784072,-1.6053002230701332,120.0,2.0,Permanent-Fast,3,0.3331166760687744,0.3375806332932722,0.3293026906379534,81.542,80.161,SOFT,2.0,Q3
RUS,Mercedes,2022,Japanese Grand Prix,Suzuka,5650.500064177964,18.0,0.0031855587639248,1.0849999999999937,1.0160000000000018,0.005249999999996646,1.5090000000000003,0.05,0.0,0.05,0.32399999999999995,0.284,0.0,25.8,58.0,0,2,0.8597424407340858,0.3567172503483611,-0.29893057527368244,50.0,2.0,Permanent-Fast,3,0.3482060870238635,0.4506079279558353,0.20118598502030113,90.389,89.304,SOFT,2.0,Q3
RUS,Mercedes,2022,Mexico City Grand Prix,Hermanos Rodriguez,4309.0,17.0,0.0039452309120445,0.30399999999998784,1.0160000000000018,0.005249999999996646,1.1409999999999911,0.05,0.0,0.05,0.0,0.0,0.0,47.5,35.0,0,1,-0.7719306088718323,0.0817929627016799,0.6074479515566137,2240.0,2.0,Permanent-Medium,3,0.35499942366065135,0.3859936730747064,0.2590069032646422,78.079,77.775,SOFT,2.0,Q3
RUS,Mercedes,2022,Miami Grand Prix,Miami,5412.0,19.0,0.003510716925351,1.3769999999999953,1.0160000000000018,0.005249999999996646,0.929000000000002,0.1,0.0,0.1,0.0,0.0,0.0,51.1,41.0,1,1,0.5696536532341541,0.6316415379950423,0.08902148545382091,3.0,3.0,Street-Medium,2,0.3304647732691604,0.3832521930067758,0.2862830337240638,90.173,88.796,SOFT,3.0,Q2
RUS,Mercedes,2022,Monaco Grand Prix,Monaco,2982.89347053333,19.0,0.0063696542259026,0.73599999999999,1.0160000000000018,0.005249999999996646,0.73599999999999,0.05,0.0,0.05,0.0,0.0,0.0,45.6,42.0,1,0,-2.3848804273745277,0.6316415379950423,3.5000710878223424,10.0,1.0,Street-Slow,3,0.2632155535833149,0.4717106722875527,0.26507377412913247,72.112,71.376,SOFT,2.0,Q3
RUS,Mercedes,2022,Saudi Arabian Grand Prix,Jeddah,6174.0,27.0,0.0043731778425655,0.9039999999999964,1.0160000000000018,0.005249999999996646,0.9039999999999964,0.1,0.0,0.1,0.366,0.306,0.0,24.7,62.0,1,2,1.4964779576083713,2.8310358391684916,1.1180391446222482,15.0,3.0,Street-Fast,3,0.36475354641766927,0.32038965702998745,0.3148567965523434,89.104,88.2,SOFT,3.0,Q3
RUS,Mercedes,2022,Singapore Grand Prix,Marina Bay,4956.5492831458605,23.0,0.0046403250903221,4.599999999999994,1.0160000000000018,0.005249999999996646,0.73599999999999,1.55,1.5,0.05,0.406,0.24600000000000002,0.0,27.7,82.0,1,0,0.01568673220387009,1.731338688581767,1.436777339075894,10.0,1.0,Street-Slow,2,0.2641651755955513,0.3855734484089394,0.3502613759955092,114.012,109.412,INTERMEDIATE,2.0,Q2
RUS,Mercedes,2022,Spanish Grand Prix,Barcelona-Catalunya,4348.990357163425,16.0,0.003679014825509,0.6430000000000007,1.0160000000000018,0.005249999999996646,1.1409999999999911,0.05,0.0,0.05,0.0,0.0,0.0,46.5,18.0,0,1,-0.7232901430454965,-0.1931313249450013,0.28982074233246696,110.0,1.0,Permanent-Medium,3,0.27629639892685753,0.3745292406131523,0.3491743604599902,79.393,78.75,SOFT,2.0,Q3
RUS,Mercedes,2022,São Paulo Grand Prix,Interlagos,4309.0,15.0,0.0034810860988628,0.4369999999999976,1.0160000000000018,0.005249999999996646,1.1409999999999911,0.2,0.0,0.2,0.469,0.254,0.0,27.3,93.0,0,1,-0.7719306088718323,-0.4680556125916825,0.05366841251622112,800.0,2.0,Permanent-Medium,3,0.2564990605457248,0.5060713985249166,0.23742954092935864,71.318,70.881,SOFT,5.0,Q3
RUS,Mercedes,2022,United States Grand Prix,COTA,5337.916050454483,20.0,0.0037467805433727,0.632000000000005,1.0160000000000018,0.005249999999996646,1.5090000000000003,0.05,0.0,0.05,0.13200000000000003,0.13200000000000003,0.0,33.4,38.0,0,2,0.4795449852514533,0.9065658256417235,0.37067324124127227,230.0,3.0,Permanent-Fast,3,0.2713184823346107,0.4018823430328041,0.3267991746325852,94.988,94.356,SOFT,2.0,Q3
RUS,Mercedes,2023,Abu Dhabi Grand Prix,Yas Marina,5333.449274375974,21.0,0.0039374144047628,0.3430000000000035,0.693249999999999,-0.024999999999991473,1.1409999999999911,0.05,0.0,0.05,0.272,0.18200000000000002,0.0,30.9,68.0,0,1,0.4741120237924506,1.1814901132884046,0.59812193588988,10.0,2.0,Permanent-Medium,3,0.20405069938416004,0.43354656991454626,0.36240273070129375,83.788,83.445,SOFT,2.0,Q3
RUS,Mercedes,2023,Australian Grand Prix,Albert Park,4843.53245567963,14.0,0.0028904523977295,0.2360000000000042,0.693249999999999,-0.024999999999991473,0.929000000000002,0.1,0.0,0.1,0.36000000000000004,0.35000000000000003,0.0,22.5,52.0,1,1,-0.12177618446144439,-0.7429799002383637,-0.6510272976721347,31.0,2.0,Street-Medium,3,0.3460918823407131,0.2268864982850016,0.42702161937428545,76.968,76.732,SOFT,3.0,Q3
RUS,Mercedes,2023,Austrian Grand Prix,Red Bull Ring,3999.68196710701,10.0,0.0025001987863632,1.036999999999992,0.693249999999999,-0.024999999999991473,1.5090000000000003,0.05,0.0,0.05,0.045999999999999944,0.045999999999999944,0.0,37.7,45.0,0,2,-1.148155635993153,-1.8426770508250885,-1.1166459125389459,700.0,2.0,Permanent-Fast,2,0.2537140062358624,0.44513052515742496,0.3011554686067127,65.428,64.391,SOFT,2.0,Q2
RUS,Mercedes,2023,Azerbaijan Grand Prix,Baku City,4978.250124294395,20.0,0.0040174759203837,1.4509999999999934,0.693249999999999,-0.024999999999991473,0.9039999999999964,0.05,0.0,0.05,0.351,0.196,0.0,30.2,81.0,1,2,0.042081570788943895,0.9065658256417235,0.6936447726344993,28.0,2.0,Street-Fast,2,0.3521160013378716,0.40266984083262836,0.24521415782950007,101.654,100.203,SOFT,2.0,Q2
RUS,Mercedes,2023,Bahrain Grand Prix,Bahrain International,5006.652008539475,15.0,0.0029960140977275,0.632000000000005,0.693249999999999,-0.024999999999991473,1.1409999999999911,0.05,0.0,0.05,0.264,0.264,0.0,26.8,32.0,0,1,0.07662692066868529,-0.4680556125916825,-0.5250797315138804,35.0,2.0,Permanent-Medium,3,0.32002435244631394,0.4302634491919415,0.24971219836174452,90.34,89.708,SOFT,2.0,Q3
RUS,Mercedes,2023,Belgian Grand Prix,Spa-Francorchamps,6775.131165030146,19.0,0.0028043737511782,1.6370000000000005,0.693249999999999,-0.024999999999991473,1.5090000000000003,0.05,0.0,0.05,0.521,0.34600000000000003,0.0,22.7,85.0,0,2,2.227636715963657,0.6316415379950423,-0.7537292817396346,300.0,2.0,Permanent-Fast,3,0.29340012058809883,0.43353276749686936,0.27306711191503175,107.805,106.168,SOFT,2.0,Q3
RUS,Mercedes,2023,British Grand Prix,Silverstone,5729.156782444218,18.0,0.003141823602237,0.4350000000000023,0.693249999999999,-0.024999999999991473,1.5090000000000003,0.05,0.0,0.05,0.38,0.27,0.0,26.5,72.0,0,2,0.9554129895418016,0.3567172503483611,-0.3511117846537936,140.0,2.0,Permanent-Fast,3,0.31636739142906317,0.4062876484424301,0.2773449601285067,87.155,86.72,SOFT,2.0,Q3
RUS,Mercedes,2023,Canadian Grand Prix,Gilles Villeneuve,3927.405044134453,14.0,0.0035646947138566,1.3730000000000047,0.693249999999999,-0.024999999999991473,1.1409999999999911,1.55,1.5,0.05,0.6020000000000001,0.42200000000000004,0.0,18.9,86.0,0,1,-1.2360664087705144,-0.7429799002383637,0.15342335743024896,22.0,2.0,Permanent-Medium,3,0.28889610227471346,0.3156383430297885,0.395465554695498,80.098,78.725,INTERMEDIATE,2.0,Q3
RUS,Mercedes,2023,Dutch Grand Prix,Zandvoort,4259.0,14.0,0.0032871566095327,0.7270000000000039,0.693249999999999,-0.024999999999991473,1.1409999999999911,0.05,0.0,0.05,0.429,0.324,0.0,23.8,71.0,0,1,-0.8327458519410066,-0.7429799002383637,-0.1777123552044761,2.0,2.0,Permanent-Medium,3,0.34573736920357956,0.3454007349847112,0.30886189581170925,71.294,70.567,SOFT,2.0,Q3
RUS,Mercedes,2023,Hungarian Grand Prix,Hungaroring,4122.248439558155,14.0,0.0033962048152295,2.4180000000000064,0.693249999999999,-0.024999999999991473,2.4385000000000048,0.8500000000000001,0.8,0.05,0.0,0.0,0.0,44.6,35.0,0,0,-0.9990774397082004,-0.7429799002383637,-0.04760497628108983,150.0,1.0,Permanent-Slow,1,0.3634200969288977,0.3554228301719666,0.2811570728991358,79.027,76.609,HARD,2.0,Q1
RUS,Mercedes,2023,Italian Grand Prix,Monza,5261.551646812222,11.0,0.0020906380357711,0.37700000000000955,0.693249999999999,-0.024999999999991473,1.5090000000000003,0.05,0.0,0.05,0.025999999999999943,0.025999999999999943,0.0,38.7,40.0,0,2,0.38666258986472024,-1.5677527631784072,-1.6053002230701332,120.0,2.0,Permanent-Fast,3,0.3333168052955833,0.336663732939966,0.3300194617644507,80.671,80.294,SOFT,2.0,Q3
RUS,Mercedes,2023,Japanese Grand Prix,Suzuka,5650.500064177964,18.0,0.0031855587639248,1.3419999999999987,0.693249999999999,-0.024999999999991473,1.5090000000000003,0.05,0.0,0.05,0.11,0.11,0.0,34.5,47.0,0,2,0.8597424407340858,0.3567172503483611,-0.29893057527368244,50.0,2.0,Permanent-Fast,3,0.34967135525776166,0.4502820913554794,0.20004655338675884,90.219,88.877,SOFT,2.0,Q3
RUS,Mercedes,2023,Las Vegas Grand Prix,Las Vegas,6353.0,14.0,0.0022036832992287,0.3859999999999957,0.693249999999999,-0.024999999999991473,0.9039999999999964,0.25,0.0,0.25,0.521,0.466,0.0,16.7,61.0,1,2,1.7141965277960156,-0.7429799002383637,-1.4704238825178961,600.0,2.0,Street-Fast,3,0.28314288169086693,0.33282498496434404,0.38403213334478914,93.112,92.726,SOFT,6.0,Q3
RUS,Mercedes,2023,Mexico City Grand Prix,Hermanos Rodriguez,4309.0,17.0,0.0039452309120445,0.507000000000005,0.693249999999999,-0.024999999999991473,1.1409999999999911,0.05,0.0,0.05,0.0,0.0,0.0,44.2,27.0,0,1,-0.7719306088718323,0.0817929627016799,0.6074479515566137,2240.0,2.0,Permanent-Medium,3,0.35573494006926476,0.3852046399649814,0.25906041996575385,77.673,77.166,SOFT,2.0,Q3
RUS,Mercedes,2023,Miami Grand Prix,Miami,5412.0,19.0,0.003510716925351,0.929000000000002,0.693249999999999,-0.024999999999991473,0.929000000000002,0.05,0.0,0.05,0.055,0.0,0.0,42.7,61.0,1,1,0.5696536532341541,0.6316415379950423,0.08902148545382091,3.0,3.0,Street-Medium,3,0.33551394413229546,0.3779788701092965,0.2865071857584081,87.743,86.814,SOFT,2.0,Q3
RUS,Mercedes,2023,Monaco Grand Prix,Monaco,2982.89347053333,19.0,0.0063696542259026,0.5990000000000038,0.693249999999999,-0.024999999999991473,0.73599999999999,0.1,0.0,0.1,0.0,0.0,0.0,45.6,31.0,1,0,-2.3848804273745277,0.6316415379950423,3.5000710878223424,10.0,1.0,Street-Slow,3,0.2596992940914902,0.47386193096548274,0.2664387749430271,71.964,71.365,SOFT,3.0,Q3
RUS,Mercedes,2023,Qatar Grand Prix,Losail,5380.0,16.0,0.0029739776951672,0.4409999999999883,0.693249999999999,-0.024999999999991473,1.1409999999999911,0.05,0.0,0.05,0.155,0.12,0.0,34.0,57.0,0,1,0.5307318976698825,-0.1931313249450013,-0.5513717604354108,20.0,2.0,Permanent-Medium,3,0.36808796114890935,0.33791662213989715,0.29399541671119345,84.219,83.778,SOFT,2.0,Q3
RUS,Mercedes,2023,Saudi Arabian Grand Prix,Jeddah,6174.0,27.0,0.0043731778425655,0.5919999999999987,0.693249999999999,-0.024999999999991473,0.9039999999999964,0.05,0.0,0.05,0.184,0.184,0.0,30.8,45.0,1,2,1.4964779576083713,2.8310358391684916,1.1180391446222482,15.0,3.0,Street-Fast,3,0.362728878985336,0.31692494682467337,0.3203461741899907,88.857,88.265,SOFT,2.0,Q3
RUS,Mercedes,2023,Singapore Grand Prix,Marina Bay,4956.5492831458605,23.0,0.0046403250903221,0.07200000000000273,0.693249999999999,-0.024999999999991473,0.73599999999999,0.05,0.0,0.05,0.26400000000000007,0.12400000000000005,0.0,33.8,78.0,1,0,0.01568673220387009,1.731338688581767,1.436777339075894,10.0,1.0,Street-Slow,3,0.2941596380249517,0.4217843964153927,0.28405596555965557,91.056,90.984,SOFT,2.0,Q3
RUS,Mercedes,2023,Spanish Grand Prix,Barcelona-Catalunya,4348.990357163425,16.0,0.003679014825509,1.0539999999999878,0.693249999999999,-0.024999999999991473,1.1409999999999911,0.05,0.0,0.05,0.426,0.306,0.0,24.7,74.0,0,1,-0.7232901430454965,-0.1931313249450013,0.28982074233246696,110.0,1.0,Permanent-Medium,2,0.2952158852248861,0.40375855767394925,0.3010255571011647,73.326,72.272,SOFT,2.0,Q2
RUS,Mercedes,2023,São Paulo Grand Prix,Interlagos,4309.0,15.0,0.0034810860988628,0.2950000000000017,0.693249999999999,-0.024999999999991473,1.1409999999999911,0.05,0.0,0.05,0.14200000000000002,0.08200000000000003,0.0,35.9,62.0,0,1,-0.7719306088718323,-0.4680556125916825,0.05366841251622112,800.0,2.0,Permanent-Medium,3,0.2620882871608169,0.5031002901188919,0.2348114227202913,70.316,70.021,SOFT,2.0,Q3
RUS,Mercedes,2023,United States Grand Prix,COTA,5337.916050454483,20.0,0.0037467805433727,0.35599999999999454,0.693249999999999,-0.024999999999991473,1.5090000000000003,0.05,0.0,0.05,0.004000000000000057,0.004000000000000057,0.0,39.8,13.0,0,2,0.4795449852514533,0.9065658256417235,0.37067324124127227,230.0,3.0,Permanent-Fast,3,0.26964944940523145,0.40101389370944157,0.3293366568853269,95.079,94.723,SOFT,2.0,Q3
RUS,Mercedes,2024,Abu Dhabi Grand Prix,Yas Marina,5333.449274375974,21.0,0.0039374144047628,0.5370000000000061,0.6320000000000014,-0.11524999999999608,1.1409999999999911,0.05,0.0,0.05,0.289,0.22399999999999998,0.0,28.8,63.0,0,1,0.4741120237924506,1.1814901132884046,0.59812193588988,10.0,2.0,Permanent-Medium,3,0.2055526151181254,0.43310638502622334,0.36134099985565127,83.132,82.595,SOFT,2.0,Q3
RUS,Mercedes,2024,Australian Grand Prix,Albert Park,4843.53245567963,14.0,0.0028904523977295,0.8089999999999975,0.6320000000000014,-0.11524999999999608,0.929000000000002,0.1,0.0,0.1,0.16400000000000006,0.14400000000000007,0.0,32.8,54.0,1,1,-0.12177618446144439,-0.7429799002383637,-0.6510272976721347,31.0,2.0,Street-Medium,3,0.3454069130910798,0.22811636515301603,0.4264767217559043,76.724,75.915,SOFT,3.0,Q3
RUS,Mercedes,2024,Austrian Grand Prix,Red Bull Ring,3999.68196710701,10.0,0.0025001987863632,0.5260000000000105,0.6320000000000014,-0.11524999999999608,1.5090000000000003,0.05,0.0,0.05,0.0,0.0,0.0,44.6,38.0,0,2,-1.148155635993153,-1.8426770508250885,-1.1166459125389459,700.0,2.0,Permanent-Fast,3,0.25297655768044414,0.4454349167180753,0.30158852560148053,64.84,64.314,SOFT,2.0,Q3
RUS,Mercedes,2024,Azerbaijan Grand Prix,Baku City,4978.250124294395,20.0,0.0040174759203837,0.5090000000000003,0.6320000000000014,-0.11524999999999608,0.9039999999999964,0.05,0.0,0.05,0.11,0.11,0.0,34.5,33.0,1,2,0.042081570788943895,0.9065658256417235,0.6936447726344993,28.0,2.0,Street-Fast,3,0.3541040893652943,0.40296837269568286,0.2429275379390227,101.874,101.365,SOFT,2.0,Q3
RUS,Mercedes,2024,Bahrain Grand Prix,Bahrain International,5006.652008539475,15.0,0.0029960140977275,0.3199999999999932,0.6320000000000014,-0.11524999999999608,1.1409999999999911,0.05,0.0,0.05,0.38,0.38,0.0,21.0,46.0,0,1,0.07662692066868529,-0.4680556125916825,-0.5250797315138804,35.0,2.0,Permanent-Medium,3,0.3218416494384534,0.4293568754539867,0.24880147510755993,89.485,89.165,SOFT,2.0,Q3
RUS,Mercedes,2024,Belgian Grand Prix,Spa-Francorchamps,6775.131165030146,19.0,0.0028043737511782,0.9359999999999928,0.6320000000000014,-0.11524999999999608,1.5090000000000003,1.65,1.5,0.15000000000000002,4.081,0.36600000000000005,3.5,21.7,93.0,0,2,2.227636715963657,0.6316415379950423,-0.7537292817396346,300.0,2.0,Permanent-Fast,3,0.281335728997765,0.44992330952276616,0.26874096147946885,114.095,113.159,INTERMEDIATE,4.0,Q3
RUS,Mercedes,2024,British Grand Prix,Silverstone,5729.156782444218,18.0,0.003141823602237,0.0,0.6320000000000014,-0.11524999999999608,1.5090000000000003,0.05,0.0,0.05,0.4660000000000001,0.36600000000000005,0.0,21.7,70.0,0,2,0.9554129895418016,0.3567172503483611,-0.3511117846537936,140.0,2.0,Permanent-Fast,3,0.3264545147344993,0.4021020986028735,0.2714433866626272,85.819,85.819,SOFT,2.0,Q3
RUS,Mercedes,2024,Canadian Grand Prix,Gilles Villeneuve,3927.405044134453,14.0,0.0035646947138566,0.0,0.6320000000000014,-0.11524999999999608,1.1409999999999911,0.05,0.0,0.05,0.251,0.18600000000000003,0.0,30.7,63.0,0,1,-1.2360664087705144,-0.7429799002383637,0.15342335743024896,22.0,2.0,Permanent-Medium,3,0.2795712413927685,0.3166067296702071,0.4038220289370243,71.742,71.742,SOFT,2.0,Q3
RUS,Mercedes,2024,Chinese Grand Prix,Shanghai International,5161.238099433068,16.0,0.0031000313668453,0.7730000000000103,0.6320000000000014,-0.11524999999999608,1.5090000000000003,0.05,0.0,0.05,0.17799999999999996,0.15799999999999997,0.0,32.1,54.0,0,2,0.2646507345248319,-0.1931313249450013,-0.4009748536645922,5.0,3.0,Permanent-Fast,3,0.266675844249362,0.3014306439486197,0.43189351180201835,94.433,93.66,SOFT,2.0,Q3
RUS,Mercedes,2024,Dutch Grand Prix,Zandvoort,4259.0,14.0,0.0032871566095327,0.570999999999998,0.6320000000000014,-0.11524999999999608,1.1409999999999911,0.05,0.0,0.05,0.319,0.23399999999999999,0.0,28.3,67.0,0,1,-0.8327458519410066,-0.7429799002383637,-0.1777123552044761,2.0,2.0,Permanent-Medium,3,0.3422925801491942,0.3564432549399237,0.30126416491088204,70.244,69.673,SOFT,2.0,Q3
RUS,Mercedes,2024,Emilia Romagna Grand Prix,Imola,4909.0,19.0,0.003870442045223,0.48799999999999955,0.6320000000000014,-0.11524999999999608,1.1409999999999911,0.05,0.0,0.05,0.004000000000000057,0.004000000000000057,0.0,39.8,46.0,0,1,-0.04214769204173995,0.6316415379950423,0.5182160070911476,37.0,1.0,Permanent-Medium,3,0.31411329983783925,0.3470638275247893,0.3388228726373714,75.234,74.746,SOFT,2.0,Q3
RUS,Mercedes,2024,Hungarian Grand Prix,Hungaroring,4122.248439558155,14.0,0.0033962048152295,2.7409999999999997,0.6320000000000014,-0.11524999999999608,2.4385000000000048,0.1,0.0,0.1,3.7960000000000003,0.21600000000000003,3.5,29.2,66.0,0,0,-0.9990774397082004,-0.7429799002383637,-0.04760497628108983,150.0,1.0,Permanent-Slow,1,0.3671762774471578,0.3547481017853478,0.27807562076749437,77.968,75.227,SOFT,3.0,Q1
RUS,Mercedes,2024,Italian Grand Prix,Monza,5261.551646812222,11.0,0.0020906380357711,0.11299999999999955,0.6320000000000014,-0.11524999999999608,1.5090000000000003,0.05,0.0,0.05,0.0,0.0,0.0,46.9,39.0,0,2,0.38666258986472024,-1.5677527631784072,-1.6053002230701332,120.0,2.0,Permanent-Fast,3,0.3310171198388721,0.3379154078549849,0.33106747230614303,79.44,79.327,SOFT,2.0,Q3
RUS,Mercedes,2024,Japanese Grand Prix,Suzuka,5650.500064177964,18.0,0.0031855587639248,0.8109999999999928,0.6320000000000014,-0.11524999999999608,1.5090000000000003,0.05,0.0,0.05,0.33799999999999997,0.288,0.0,25.6,60.0,0,2,0.8597424407340858,0.3567172503483611,-0.29893057527368244,50.0,2.0,Permanent-Fast,3,0.35031682545389176,0.45077970519503857,0.19890346935106956,89.008,88.197,SOFT,2.0,Q3
RUS,Mercedes,2024,Las Vegas Grand Prix,Las Vegas,6353.0,14.0,0.0022036832992287,0.0,0.6320000000000014,-0.11524999999999608,0.9039999999999964,0.05,0.0,0.05,0.528,0.528,0.0,13.6,26.0,1,2,1.7141965277960156,-0.7429799002383637,-1.4704238825178961,600.0,2.0,Street-Fast,3,0.2787936562960395,0.33490770430713235,0.3862986393968281,92.312,92.312,SOFT,2.0,Q3
RUS,Mercedes,2024,Mexico City Grand Prix,Hermanos Rodriguez,4309.0,17.0,0.0039452309120445,0.4099999999999966,0.6320000000000014,-0.11524999999999608,1.1409999999999911,0.05,0.0,0.05,0.1,0.1,0.0,35.0,42.0,0,1,-0.7719306088718323,0.0817929627016799,0.6074479515566137,2240.0,2.0,Permanent-Medium,3,0.3585834773953586,0.38324427680863327,0.2581722457960082,76.356,75.946,SOFT,2.0,Q3
RUS,Mercedes,2024,Miami Grand Prix,Miami,5412.0,19.0,0.003510716925351,0.8259999999999934,0.6320000000000014,-0.11524999999999608,0.929000000000002,0.05,0.0,0.05,0.035,0.0,0.0,45.7,57.0,1,1,0.5696536532341541,0.6316415379950423,0.08902148545382091,3.0,3.0,Street-Medium,3,0.3307141153894194,0.3844459332099424,0.2848399514006381,88.067,87.241,SOFT,2.0,Q3
RUS,Mercedes,2024,Monaco Grand Prix,Monaco,2982.89347053333,19.0,0.0063696542259026,0.27300000000001035,0.6320000000000014,-0.11524999999999608,0.73599999999999,0.05,0.0,0.05,0.06,0.0,0.0,43.8,62.0,1,0,-2.3848804273745277,0.6316415379950423,3.5000710878223424,10.0,1.0,Street-Slow,3,0.25862240052166763,0.4743489786371433,0.26702862084118906,70.543,70.27,SOFT,2.0,Q3
RUS,Mercedes,2024,Qatar Grand Prix,Losail,5380.0,16.0,0.0029739776951672,0.05500000000000682,0.6320000000000014,-0.11524999999999608,1.1409999999999911,0.1,0.0,0.1,0.415,0.37,0.0,21.5,59.0,0,1,0.5307318976698825,-0.1931313249450013,-0.5513717604354108,20.0,2.0,Permanent-Medium,3,0.3691219360843934,0.3384176233322991,0.2924604405833075,80.575,80.52,SOFT,3.0,Q3
RUS,Mercedes,2024,Saudi Arabian Grand Prix,Jeddah,6174.0,27.0,0.0043731778425655,0.8440000000000083,0.6320000000000014,-0.11524999999999608,0.9039999999999964,0.2,0.0,0.2,0.22799999999999998,0.19799999999999998,0.0,30.1,56.0,1,2,1.4964779576083713,2.8310358391684916,1.1180391446222482,15.0,3.0,Street-Fast,3,0.36565288282983827,0.31572987907061006,0.3186172380995516,88.316,87.472,SOFT,5.0,Q3
RUS,Mercedes,2024,Singapore Grand Prix,Marina Bay,4956.5492831458605,23.0,0.0046403250903221,0.34199999999999875,0.6320000000000014,-0.11524999999999608,0.73599999999999,0.05,0.0,0.05,0.32799999999999996,0.17799999999999996,0.0,31.1,80.0,1,0,0.01568673220387009,1.731338688581767,1.436777339075894,10.0,1.0,Street-Slow,3,0.29740616689107235,0.4218789989651373,0.2807148341437903,89.867,89.525,SOFT,2.0,Q3
RUS,Mercedes,2024,Spanish Grand Prix,Barcelona-Catalunya,4348.990357163425,16.0,0.003679014825509,0.3200000000000074,0.6320000000000014,-0.11524999999999608,1.1409999999999911,0.05,0.0,0.05,0.175,0.08,0.0,36.0,69.0,0,1,-0.7232901430454965,-0.1931313249450013,0.28982074233246696,110.0,1.0,Permanent-Medium,3,0.2978954855445379,0.3996903895234509,0.3024141249320112,71.703,71.383,SOFT,2.0,Q3
RUS,Mercedes,2024,São Paulo Grand Prix,Interlagos,4309.0,15.0,0.0034810860988628,0.17300000000000182,0.6320000000000014,-0.11524999999999608,1.1409999999999911,1.55,1.5,0.05,4.0280000000000005,0.318,3.5,24.1,92.0,0,1,-0.7719306088718323,-0.4680556125916825,0.05366841251622112,800.0,2.0,Permanent-Medium,3,0.25680202924214507,0.5267534518653234,0.21644451889253152,83.578,83.405,INTERMEDIATE,2.0,Q3
RUS,Mercedes,2024,United States Grand Prix,COTA,5337.916050454483,20.0,0.0037467805433727,0.6440000000000055,0.6320000000000014,-0.11524999999999608,1.5090000000000003,0.1,0.0,0.1,0.07400000000000005,0.07400000000000005,0.0,36.3,39.0,0,2,0.4795449852514533,0.9065658256417235,0.37067324124127227,230.0,3.0,Permanent-Fast,3,0.27167810355583283,0.39826187966528276,0.3300600167788844,92.974,92.33,SOFT,3.0,Q3
RUS,Williams,2019,Abu Dhabi Grand Prix,Yas Marina,5333.449274375974,21.0,0.0039374144047628,3.9380000000000024,3.7650000000000077,-0.23399999999999466,1.1409999999999911,0.05,0.0,0.05,0.24400000000000002,0.17600000000000002,0.0,31.2,63.6,0,1,0.4741120237924506,1.1814901132884046,0.59812193588988,10.0,2.0,Permanent-Medium,1,0.1764235136805211,0.42359472026094797,0.399981766058531,98.717,94.779,SOFT,2.0,Q1
RUS,Williams,2019,Australian Grand Prix,Albert Park,4843.53245567963,14.0,0.0028904523977295,3.8739999999999952,3.7650000000000077,-0.23399999999999466,0.929000000000002,0.05,0.0,0.05,0.13400000000000006,0.03200000000000003,0.0,38.4,70.4,1,1,-0.12177618446144439,-0.7429799002383637,-0.6510272976721347,31.0,2.0,Street-Medium,1,0.33188715030820287,0.2711237553342816,0.3969890943575154,84.36,80.486,SOFT,2.0,Q1
RUS,Williams,2019,Austrian Grand Prix,Red Bull Ring,3999.68196710701,10.0,0.0025001987863632,2.9009999999999962,3.7650000000000077,-0.23399999999999466,1.5090000000000003,0.15000000000000002,0.0,0.15000000000000002,0.0,0.0,0.0,50.9,25.7,0,2,-1.148155635993153,-1.8426770508250885,-1.1166459125389459,700.0,2.0,Permanent-Fast,1,0.2486950716193251,0.4446771060937121,0.30662782228696284,65.904,63.003,SOFT,4.0,Q1
RUS,Williams,2019,Azerbaijan Grand Prix,Baku City,4978.250124294395,20.0,0.0040174759203837,4.566999999999993,3.7650000000000077,-0.23399999999999466,0.9039999999999964,0.05,0.0,0.05,0.17150000000000007,0.08400000000000006,0.0,35.8,67.5,1,2,0.042081570788943895,0.9065658256417235,0.6936447726344993,28.0,2.0,Street-Fast,1,0.3510593744646019,0.4039900249376559,0.2449506005977423,105.062,100.495,SOFT,2.0,Q1
RUS,Williams,2019,Bahrain Grand Prix,Bahrain International,5006.652008539475,15.0,0.0029960140977275,3.8930000000000007,3.7650000000000077,-0.23399999999999466,1.1409999999999911,0.05,0.0,0.05,0.221,0.214,0.0,29.3,51.4,0,1,0.07662692066868529,-0.4680556125916825,-0.5250797315138804,35.0,2.0,Permanent-Medium,1,0.3145413528918144,0.433734020641027,0.25172462646715854,91.759,87.866,SOFT,2.0,Q1
RUS,Williams,2019,Belgian Grand Prix,Spa-Francorchamps,6775.131165030146,19.0,0.0028043737511782,5.028999999999996,3.7650000000000077,-0.23399999999999466,1.5090000000000003,0.05,0.0,0.05,0.0,0.0,0.0,41.3,36.9,0,2,2.227636715963657,0.6316415379950423,-0.7537292817396346,300.0,2.0,Permanent-Fast,1,0.29256703983337673,0.4332949008814669,0.2741380592851564,107.548,102.519,SOFT,2.0,Q1
RUS,Williams,2019,Brazilian Grand Prix,Interlagos,4309.0,15.0,0.0034810860988628,2.6230000000000047,3.7650000000000077,-0.23399999999999466,1.1409999999999911,0.05,0.0,0.05,0.18699999999999994,0.09599999999999995,0.0,35.2,68.2,0,1,-0.7719306088718323,-0.4680556125916825,0.05366841251622112,800.0,2.0,Permanent-Medium,1,0.2599321221800759,0.508641587998745,0.231426289821179,70.126,67.503,SOFT,2.0,Q1
RUS,Williams,2019,British Grand Prix,Silverstone,5729.156782444218,18.0,0.003141823602237,2.695999999999998,3.7650000000000077,-0.23399999999999466,1.5090000000000003,0.15000000000000002,0.0,0.15000000000000002,0.26299999999999996,0.17799999999999996,0.0,31.1,67.0,0,2,0.9554129895418016,0.3567172503483611,-0.3511117846537936,140.0,2.0,Permanent-Fast,1,0.32097415393728146,0.40694164416954287,0.27208420189317567,87.789,85.093,SOFT,4.0,Q1
RUS,Williams,2019,Canadian Grand Prix,Gilles Villeneuve,3927.405044134453,14.0,0.0035646947138566,3.3770000000000095,3.7650000000000077,-0.23399999999999466,1.1409999999999911,0.05,0.0,0.05,0.0,0.0,0.0,47.7,22.1,0,1,-1.2360664087705144,-0.7429799002383637,0.15342335743024896,22.0,2.0,Permanent-Medium,1,0.27992175720282003,0.3176711900783787,0.4024070527188014,73.617,70.24,SOFT,2.0,Q1
RUS,Williams,2019,Chinese Grand Prix,Shanghai International,5161.238099433068,16.0,0.0031000313668453,3.706000000000003,3.7650000000000077,-0.23399999999999466,1.5090000000000003,0.05,0.0,0.05,0.11599999999999995,0.11599999999999995,0.0,34.2,47.7,0,2,0.2646507345248319,-0.1931313249450013,-0.4009748536645922,5.0,3.0,Permanent-Fast,1,0.26086317491312605,0.2979328735052964,0.44120395158157744,95.253,91.547,SOFT,2.0,Q1
RUS,Williams,2019,French Grand Prix,Paul Ricard,5247.8799638259,15.0,0.0028582970844219,4.469999999999999,3.7650000000000077,-0.23399999999999466,1.5090000000000003,0.05,0.0,0.05,0.0,0.0,0.0,54.4,48.4,0,2,0.37003365538516214,-0.4680556125916825,-0.6893923813172924,40.0,3.0,Permanent-Fast,1,0.2502451799243445,0.3070514823955426,0.442703337680113,92.789,88.319,SOFT,2.0,Q1
RUS,Williams,2019,German Grand Prix,Hockenheimring,4317.957322804004,17.0,0.0039370467860392,2.9540000000000077,3.7650000000000077,-0.23399999999999466,1.1409999999999911,0.05,0.0,0.05,0.008000000000000007,0.0,0.0,43.6,51.6,0,1,-0.7610357736003405,0.0817929627016799,0.5976833233674174,100.0,2.0,Permanent-Medium,1,0.21648532541052712,0.4782457408225264,0.30526893376694636,74.721,71.767,SOFT,2.0,Q1
RUS,Williams,2019,Hungarian Grand Prix,Hungaroring,4122.248439558155,14.0,0.0033962048152295,2.459000000000003,3.7650000000000077,-0.23399999999999466,2.4385000000000048,0.05,0.0,0.05,0.01800000000000001,0.0,0.0,41.5,53.6,0,0,-0.9990774397082004,-0.7429799002383637,-0.04760497628108983,150.0,1.0,Permanent-Slow,1,0.3612441744232841,0.3524165595669276,0.2863392660097882,77.031,74.572,SOFT,2.0,Q1
RUS,Williams,2019,Italian Grand Prix,Monza,5261.551646812222,11.0,0.0020906380357711,2.492999999999995,3.7650000000000077,-0.23399999999999466,1.5090000000000003,0.15000000000000002,0.0,0.15000000000000002,0.06600000000000004,0.054000000000000055,0.0,37.3,52.4,0,2,0.38666258986472024,-1.5677527631784072,-1.6053002230701332,120.0,2.0,Permanent-Fast,1,0.33435207823960883,0.33249388753056236,0.33315403422982887,81.8,79.307,SOFT,4.0,Q1
RUS,Williams,2019,Japanese Grand Prix,Suzuka,5650.500064177964,18.0,0.0031855587639248,3.3000000000000114,3.7650000000000077,-0.23399999999999466,1.5090000000000003,0.2,0.0,0.2,0.15250000000000008,0.09400000000000006,0.0,35.3,61.7,0,2,0.8597424407340858,0.3567172503483611,-0.29893057527368244,50.0,2.0,Permanent-Fast,1,0.34859014651852505,0.45037846930193437,0.20103138417954053,90.364,87.064,SOFT,5.0,Q1
RUS,Williams,2019,Mexican Grand Prix,Hermanos Rodriguez,4309.0,17.0,0.0039452309120445,4.064999999999998,3.7650000000000077,-0.23399999999999466,1.1409999999999911,0.05,0.0,0.05,0.07450000000000007,0.03400000000000006,0.0,38.3,58.1,0,1,-0.7719306088718323,0.0817929627016799,0.6074479515566137,2240.0,2.0,Permanent-Medium,1,0.3522322164850361,0.3861563249305406,0.2616114585844233,78.823,74.758,SOFT,2.0,Q1
RUS,Williams,2019,Monaco Grand Prix,Monaco,2982.89347053333,19.0,0.0063696542259026,3.311000000000007,3.7650000000000077,-0.23399999999999466,0.73599999999999,0.05,0.0,0.05,0.07350000000000001,0.0,0.0,42.2,64.7,1,0,-2.3848804273745277,0.6316415379950423,3.5000710878223424,10.0,1.0,Street-Slow,1,0.2620820120581951,0.4713719939572927,0.2665459939845122,73.477,70.166,SOFT,2.0,Q1
RUS,Williams,2019,Russian Grand Prix,Sochi Autodrom,5760.2985642132535,18.0,0.0031248380269432,3.7279999999999944,3.7650000000000077,-0.23399999999999466,1.1409999999999911,0.05,0.0,0.05,0.234,0.18200000000000002,0.0,30.9,60.4,0,1,0.993290890099623,0.3567172503483611,-0.37137758056360215,5.0,2.0,Permanent-Medium,1,0.36099458869919043,0.34272620495826167,0.29627920634254795,95.356,91.628,SOFT,2.0,Q1
RUS,Williams,2019,Singapore Grand Prix,Marina Bay,4956.5492831458605,23.0,0.0046403250903221,4.650000000000006,3.7650000000000077,-0.23399999999999466,0.73599999999999,0.15000000000000002,0.0,0.15000000000000002,0.1525,0.1,0.0,35.0,60.5,1,0,0.01568673220387009,1.731338688581767,1.436777339075894,10.0,1.0,Street-Slow,1,0.2728741808520131,0.3862214599423003,0.34090435920568674,100.867,96.217,SOFT,4.0,Q1
RUS,Williams,2019,Spanish Grand Prix,Barcelona-Catalunya,4348.990357163425,16.0,0.003679014825509,3.665999999999997,3.7650000000000077,-0.23399999999999466,1.1409999999999911,0.05,0.0,0.05,0.20849999999999996,0.16399999999999998,0.0,31.8,58.9,0,1,-0.7232901430454965,-0.1931313249450013,0.28982074233246696,110.0,1.0,Permanent-Medium,1,0.2796565155807365,0.3718130311614731,0.34853045325779036,79.072,75.406,SOFT,2.0,Q1
RUS,Williams,2019,United States Grand Prix,COTA,5337.916050454483,20.0,0.0037467805433727,3.3430000000000035,3.7650000000000077,-0.23399999999999466,1.5090000000000003,0.05,0.0,0.05,0.272,0.272,0.0,26.4,25.1,0,2,0.4795449852514533,0.9065658256417235,0.37067324124127227,230.0,3.0,Permanent-Fast,1,0.2658956507150946,0.3993624963301598,0.3347418529547456,95.372,92.029,SOFT,2.0,Q1
RUS,Williams,2020,70th Anniversary Grand Prix,Silverstone,5729.156782444218,18.0,0.003141823602237,2.301000000000002,2.551000000000009,-0.33200000000000784,1.5090000000000003,0.05,0.0,0.05,0.024499999999999994,0.0,0.0,40.4,54.9,0,2,0.9554129895418016,0.3567172503483611,-0.3511117846537936,140.0,2.0,Permanent-Fast,2,0.3194557200846149,0.40594591504202165,0.2745983648733635,87.455,85.154,SOFT,2.0,Q2
RUS,Williams,2020,Abu Dhabi Grand Prix,Yas Marina,5333.449274375974,21.0,0.0039374144047628,2.7990000000000066,2.551000000000009,-0.33200000000000784,1.1409999999999911,0.05,0.0,0.05,0.266,0.21200000000000002,0.0,29.4,60.8,0,1,0.4741120237924506,1.1814901132884046,0.59812193588988,10.0,2.0,Permanent-Medium,1,0.1771533479524708,0.4250293232699271,0.3978173287776022,98.045,95.246,SOFT,2.0,Q1
RUS,Williams,2020,Austrian Grand Prix,Red Bull Ring,3999.68196710701,10.0,0.0025001987863632,2.2280000000000015,2.551000000000009,-0.33200000000000784,1.5090000000000003,0.05,0.0,0.05,0.0,0.0,0.0,50.7,33.8,0,2,-1.148155635993153,-1.8426770508250885,-1.1166459125389459,700.0,2.0,Permanent-Fast,1,0.25262786379609314,0.4441665260024245,0.30320561020148235,65.167,62.939,SOFT,2.0,Q1
RUS,Williams,2020,Bahrain Grand Prix,Bahrain International,5006.652008539475,15.0,0.0029960140977275,2.030000000000001,2.551000000000009,-0.33200000000000784,1.1409999999999911,0.05,0.0,0.05,0.26749999999999996,0.238,0.0,28.1,55.9,0,1,0.07662692066868529,-0.4680556125916825,-0.5250797315138804,35.0,2.0,Permanent-Medium,2,0.3166842117051537,0.4317199363899029,0.2515958519049432,89.294,87.264,SOFT,2.0,Q2
RUS,Williams,2020,Belgian Grand Prix,Spa-Francorchamps,6775.131165030146,19.0,0.0028043737511782,2.216000000000008,2.551000000000009,-0.33200000000000784,1.5090000000000003,0.05,0.0,0.05,0.37,0.306,0.0,24.7,62.8,0,2,2.227636715963657,0.6316415379950423,-0.7537292817396346,300.0,2.0,Permanent-Fast,2,0.2962558472184637,0.426238063942475,0.2775060888390614,103.468,101.252,SOFT,2.0,Q2
RUS,Williams,2020,British Grand Prix,Silverstone,5729.156782444218,18.0,0.003141823602237,2.429000000000002,2.551000000000009,-0.33200000000000784,1.5090000000000003,0.05,0.0,0.05,0.02,0.0,0.0,40.2,54.0,0,2,0.9554129895418016,0.3567172503483611,-0.3511117846537936,140.0,2.0,Permanent-Fast,2,0.3221071807406724,0.4042913803440483,0.27360143891527927,86.732,84.303,SOFT,2.0,Q2
RUS,Williams,2020,Eifel Grand Prix,Hockenheimring,4317.957322804004,17.0,0.0039370467860392,2.2949999999999875,2.551000000000009,-0.33200000000000784,1.1409999999999911,0.05,0.0,0.05,0.45300000000000007,0.42200000000000004,0.0,18.9,56.2,0,1,-0.7610357736003405,0.0817929627016799,0.5976833233674174,100.0,2.0,Permanent-Medium,1,0.32493947284272073,0.41619843771412907,0.25886208944315015,87.564,85.269,SOFT,2.0,Q1
RUS,Williams,2020,Emilia Romagna Grand Prix,Imola,4909.0,19.0,0.003870442045223,1.7139999999999986,2.551000000000009,-0.33200000000000784,1.1409999999999911,0.05,0.0,0.05,0.402,0.318,0.0,24.1,66.8,0,1,-0.04214769204173995,0.6316415379950423,0.5182160070911476,37.0,1.0,Permanent-Medium,2,0.31613185879479044,0.34484818714071397,0.33901995406449553,75.323,73.609,SOFT,2.0,Q2
RUS,Williams,2020,Hungarian Grand Prix,Hungaroring,4122.248439558155,14.0,0.0033962048152295,2.137999999999991,2.551000000000009,-0.33200000000000784,2.4385000000000048,0.05,0.0,0.05,0.369,0.26,0.0,27.0,71.8,0,0,-0.9990774397082004,-0.7429799002383637,-0.04760497628108983,150.0,1.0,Permanent-Slow,2,0.3652841172190249,0.35238473242045376,0.28233115036052125,75.585,73.447,SOFT,2.0,Q2
RUS,Williams,2020,Italian Grand Prix,Monza,5261.551646812222,11.0,0.0020906380357711,2.700000000000003,2.551000000000009,-0.33200000000000784,1.5090000000000003,0.05,0.0,0.05,0.0,0.0,0.0,45.2,44.8,0,2,0.38666258986472024,-1.5677527631784072,-1.6053002230701332,120.0,2.0,Permanent-Fast,1,0.3338767205559709,0.3354333410960079,0.33068993834802113,81.587,78.887,SOFT,2.0,Q1
RUS,Williams,2020,Portuguese Grand Prix,Portimao,4653.0,15.0,0.0032237266279819,1.3220000000000027,2.551000000000009,-0.33200000000000784,1.1409999999999911,0.05,0.0,0.05,0.08200000000000003,0.08200000000000003,0.0,35.9,48.6,0,1,-0.3535217365559127,-0.4680556125916825,-0.25339180900199537,90.0,1.0,Permanent-Medium,2,0.2885663598498483,0.38568930940504964,0.32574433074510206,77.788,76.466,SOFT,2.0,Q2
RUS,Williams,2020,Russian Grand Prix,Sochi Autodrom,5760.2985642132535,18.0,0.0031248380269432,2.2789999999999964,2.551000000000009,-0.33200000000000784,1.1409999999999911,0.05,0.0,0.05,0.19449999999999995,0.15799999999999997,0.0,32.1,57.3,0,1,0.993290890099623,0.3567172503483611,-0.37137758056360215,5.0,2.0,Permanent-Medium,2,0.3619247085474926,0.3457679279356293,0.2923073635168781,93.583,91.304,SOFT,2.0,Q2
RUS,Williams,2020,Spanish Grand Prix,Barcelona-Catalunya,4348.990357163425,16.0,0.003679014825509,2.5150000000000006,2.551000000000009,-0.33200000000000784,1.1409999999999911,0.05,0.0,0.05,0.05550000000000001,0.0,0.0,47.8,61.1,0,1,-0.7232901430454965,-0.1931313249450013,0.28982074233246696,110.0,1.0,Permanent-Medium,1,0.279196916733889,0.3709394486485102,0.3498636346176007,78.099,75.584,SOFT,2.0,Q1
RUS,Williams,2020,Styrian Grand Prix,Red Bull Ring,3999.68196710701,10.0,0.0025001987863632,1.8109999999999928,2.551000000000009,-0.33200000000000784,1.5090000000000003,2.75,2.5,0.25,4.098,0.40399999999999997,3.5,19.8,88.8,0,2,-1.148155635993153,-1.8426770508250885,-1.1166459125389459,700.0,2.0,Permanent-Fast,2,0.24493947460947313,0.4447234918880908,0.3103370335024361,79.636,77.825,WET,6.0,Q2
RUS,Williams,2020,Turkish Grand Prix,Istanbul Park,5338.0,14.0,0.0026227051330086,22.251999999999995,2.551000000000009,-0.33200000000000784,1.5090000000000003,2.6,2.5,0.1,0.7210000000000001,0.524,0.0,13.8,89.4,0,2,0.47964709349177603,-0.7429799002383637,-0.9704813831763092,130.0,1.0,Permanent-Fast,1,0.3758431589715191,0.36431389741341513,0.2598429436150657,130.017,107.765,WET,3.0,Q1
RUS,Williams,2020,Tuscan Grand Prix,Mugello,5245.0,15.0,0.0028598665395614,2.087999999999994,2.551000000000009,-0.33200000000000784,1.5090000000000003,0.05,0.0,0.05,0.0,0.0,0.0,44.9,41.1,0,2,0.36653074138311176,-0.4680556125916825,-0.6875198361136977,255.0,1.0,Permanent-Fast,1,0.35724829086389065,0.2777216697741869,0.3650300393619225,77.232,75.144,SOFT,2.0,Q1
RUS,Williams,2021,Abu Dhabi Grand Prix,Yas Marina,5333.449274375974,21.0,0.0039374144047628,2.314000000000007,2.0410000000000004,-0.2672500000000042,1.1409999999999911,0.15000000000000002,0.0,0.15000000000000002,0.22200000000000003,0.20200000000000004,0.0,29.9,54.0,0,1,0.4741120237924506,1.1814901132884046,0.59812193588988,10.0,2.0,Permanent-Medium,1,0.20290679080345403,0.4326664534546273,0.36442675574191863,84.423,82.109,SOFT,4.0,Q1
RUS,Williams,2021,Austrian Grand Prix,Red Bull Ring,3999.68196710701,10.0,0.0025001987863632,0.8329999999999984,2.0410000000000004,-0.2672500000000042,1.5090000000000003,0.45,0.4,0.05,0.0,0.0,0.0,52.1,26.7,0,2,-1.148155635993153,-1.8426770508250885,-1.1166459125389459,700.0,2.0,Permanent-Fast,2,0.25345065295183805,0.44550989109723793,0.3010394559509241,64.553,63.72,MEDIUM,2.0,Q2
RUS,Williams,2021,Azerbaijan Grand Prix,Baku City,4978.250124294395,20.0,0.0040174759203837,1.509999999999991,2.0410000000000004,-0.2672500000000042,0.9039999999999964,0.15000000000000002,0.0,0.15000000000000002,0.0,0.0,0.0,46.6,49.4,1,2,0.042081570788943895,0.9065658256417235,0.6936447726344993,28.0,2.0,Street-Fast,2,0.35173467798458063,0.40223697531344904,0.24602834670197024,102.728,101.218,SOFT,4.0,Q2
RUS,Williams,2021,Bahrain Grand Prix,Bahrain International,5006.652008539475,15.0,0.0029960140977275,2.3190000000000026,2.0410000000000004,-0.2672500000000042,1.1409999999999911,0.05,0.0,0.05,0.11400000000000006,0.11400000000000006,0.0,34.3,42.5,0,1,0.07662692066868529,-0.4680556125916825,-0.5250797315138804,35.0,2.0,Permanent-Medium,2,0.3160563318586009,0.4302750887029655,0.2536685794384336,91.316,88.997,SOFT,2.0,Q2
RUS,Williams,2021,Belgian Grand Prix,Spa-Francorchamps,6775.131165030146,19.0,0.0028043737511782,0.9249999999999972,2.0410000000000004,-0.2672500000000042,1.5090000000000003,1.8,1.5,0.30000000000000004,0.6575,0.452,0.0,17.4,91.1,0,2,2.227636715963657,0.6316415379950423,-0.7537292817396346,300.0,2.0,Permanent-Fast,3,0.2772039333048311,0.45497221034630186,0.267823856348867,116.95,116.025,INTERMEDIATE,7.0,Q3
RUS,Williams,2021,British Grand Prix,Silverstone,5729.156782444218,18.0,0.003141823602237,0.9480000000000075,2.0410000000000004,-0.2672500000000042,1.5090000000000003,0.05,0.0,0.05,0.08849999999999994,0.06599999999999995,0.0,36.7,54.5,0,2,0.9554129895418016,0.3567172503483611,-0.3511117846537936,140.0,2.0,Permanent-Fast,3,0.31876142622253395,0.4059054167481114,0.2753331570293546,86.971,86.023,SOFT,2.0,Q3
RUS,Williams,2021,Dutch Grand Prix,Zandvoort,4259.0,14.0,0.0032871566095327,1.4469999999999885,2.0410000000000004,-0.2672500000000042,1.1409999999999911,0.05,0.0,0.05,0.18200000000000005,0.11,0.0,34.5,64.4,0,1,-0.8327458519410066,-0.7429799002383637,-0.1777123552044761,2.0,2.0,Permanent-Medium,2,0.34584541887049997,0.3429022351134619,0.31125234601603824,70.332,68.885,SOFT,2.0,Q2
RUS,Williams,2021,Emilia Romagna Grand Prix,Imola,4909.0,19.0,0.003870442045223,0.8499999999999943,2.0410000000000004,-0.2672500000000042,1.1409999999999911,0.05,0.0,0.05,0.22799999999999998,0.22799999999999998,0.0,28.6,35.4,0,1,-0.04214769204173995,0.6316415379950423,0.5182160070911476,37.0,1.0,Permanent-Medium,2,0.31805317495116997,0.34432176027424566,0.3376250647745845,75.261,74.411,SOFT,2.0,Q2
RUS,Williams,2021,French Grand Prix,Paul Ricard,5247.8799638259,15.0,0.0028582970844219,2.075000000000003,2.0410000000000004,-0.2672500000000042,1.5090000000000003,0.45,0.4,0.05,0.0,0.0,0.0,44.5,41.8,0,2,0.37003365538516214,-0.4680556125916825,-0.6893923813172924,40.0,3.0,Permanent-Fast,2,0.2500407320914571,0.3029598653125509,0.44699940259599197,92.065,89.99,MEDIUM,2.0,Q2
RUS,Williams,2021,Hungarian Grand Prix,Hungaroring,4122.248439558155,14.0,0.0033962048152295,2.5250000000000057,2.0410000000000004,-0.2672500000000042,2.4385000000000048,0.05,0.0,0.05,0.0,0.0,0.0,57.4,48.1,0,0,-0.9990774397082004,-0.7429799002383637,-0.04760497628108983,150.0,1.0,Permanent-Slow,1,0.3608231550857026,0.35503694960484455,0.28413989530945294,77.944,75.419,SOFT,2.0,Q1
RUS,Williams,2021,Italian Grand Prix,Monza,5261.551646812222,11.0,0.0020906380357711,1.836999999999989,2.0410000000000004,-0.2672500000000042,1.5090000000000003,0.05,0.0,0.05,0.17600000000000002,0.17600000000000002,0.0,31.2,42.7,0,2,0.38666258986472024,-1.5677527631784072,-1.6053002230701332,120.0,2.0,Permanent-Fast,2,0.33267397287202677,0.33504521328877535,0.332280813839198,81.392,79.555,SOFT,2.0,Q2
RUS,Williams,2021,Mexico City Grand Prix,Hermanos Rodriguez,4309.0,17.0,0.0039452309120445,2.0829999999999984,2.0410000000000004,-0.2672500000000042,1.1409999999999911,0.05,0.0,0.05,0.0,0.0,0.0,45.6,19.9,0,1,-0.7719306088718323,0.0817929627016799,0.6074479515566137,2240.0,2.0,Permanent-Medium,2,0.35602503912363065,0.38548962261730674,0.25848533825906256,77.958,75.875,SOFT,2.0,Q2
RUS,Williams,2021,Monaco Grand Prix,Monaco,2982.89347053333,19.0,0.0063696542259026,1.4839999999999947,2.0410000000000004,-0.2672500000000042,0.73599999999999,0.15000000000000002,0.0,0.15000000000000002,0.252,0.13200000000000003,0.0,33.4,74.0,1,0,-2.3848804273745277,0.6316415379950423,3.5000710878223424,10.0,1.0,Street-Slow,2,0.26186830015313933,0.47041626061534175,0.26771543923151886,71.83,70.346,SOFT,4.0,Q2
RUS,Williams,2021,Portuguese Grand Prix,Portimao,4653.0,15.0,0.0032237266279819,1.1409999999999911,2.0410000000000004,-0.2672500000000042,1.1409999999999911,0.05,0.0,0.05,0.08599999999999995,0.08599999999999995,0.0,35.7,43.4,0,1,-0.3535217365559127,-0.4680556125916825,-0.25339180900199537,90.0,1.0,Permanent-Medium,2,0.2876663843557623,0.38422935443502,0.3281042612092176,79.109,77.968,SOFT,2.0,Q2
RUS,Williams,2021,Qatar Grand Prix,Losail,5380.0,16.0,0.0029739776951672,1.929000000000002,2.0410000000000004,-0.2672500000000042,1.1409999999999911,0.05,0.0,0.05,0.3055,0.22,0.0,29.0,67.1,0,1,0.5307318976698825,-0.1931313249450013,-0.5513717604354108,20.0,2.0,Permanent-Medium,2,0.3269128522403209,0.335528541737155,0.337558606022524,82.756,80.827,SOFT,2.0,Q2
RUS,Williams,2021,Russian Grand Prix,Sochi Autodrom,5760.2985642132535,18.0,0.0031248380269432,0.9900000000000091,2.0410000000000004,-0.2672500000000042,1.1409999999999911,0.15000000000000002,0.0,0.15000000000000002,0.63,0.48,0.0,16.0,80.0,0,1,0.993290890099623,0.3567172503483611,-0.37137758056360215,5.0,2.0,Permanent-Medium,3,0.3525630443859666,0.3385024712816678,0.30893448433236553,102.983,101.993,SOFT,4.0,Q3
RUS,Williams,2021,Saudi Arabian Grand Prix,Jeddah,6174.0,27.0,0.0043731778425655,1.4150000000000063,2.0410000000000004,-0.2672500000000042,0.9039999999999964,0.15000000000000002,0.0,0.15000000000000002,0.29100000000000004,0.18600000000000003,0.0,30.7,71.0,1,2,1.4964779576083713,2.8310358391684916,1.1180391446222482,15.0,3.0,Street-Fast,2,0.3635157321818141,0.3201875716888199,0.31629669612936595,88.926,87.511,SOFT,4.0,Q2
RUS,Williams,2021,Spanish Grand Prix,Barcelona-Catalunya,4348.990357163425,16.0,0.003679014825509,1.7039999999999935,2.0410000000000004,-0.2672500000000042,1.1409999999999911,0.05,0.0,0.05,0.0,0.0,0.0,44.5,48.7,0,1,-0.7232901430454965,-0.1931313249450013,0.28982074233246696,110.0,1.0,Permanent-Medium,2,0.2793422142902671,0.3747976289119766,0.34586015679775645,78.445,76.741,SOFT,2.0,Q2
RUS,Williams,2021,Styrian Grand Prix,Red Bull Ring,3999.68196710701,10.0,0.0025001987863632,0.8300000000000054,2.0410000000000004,-0.2672500000000042,1.5090000000000003,0.05,0.0,0.05,0.0,0.0,0.0,54.2,27.9,0,2,-1.148155635993153,-1.8426770508250885,-1.1166459125389459,700.0,2.0,Permanent-Fast,2,0.25216866910980196,0.44608866416167997,0.30174266672851824,64.671,63.841,SOFT,2.0,Q2
RUS,Williams,2021,São Paulo Grand Prix,Interlagos,4309.0,15.0,0.0034810860988628,2.0190000000000055,2.0410000000000004,-0.2672500000000042,1.1409999999999911,0.05,0.0,0.05,0.4525,0.3,0.0,25.0,80.5,0,1,-0.7719306088718323,-0.4680556125916825,0.05366841251622112,800.0,2.0,Permanent-Medium,1,0.2578445527711463,0.5080411133189427,0.2341143339099109,69.953,67.934,SOFT,2.0,Q1
RUS,Williams,2021,Turkish Grand Prix,Istanbul Park,5338.0,14.0,0.0026227051330086,2.13900000000001,2.0410000000000004,-0.2672500000000042,1.5090000000000003,0.45,0.4,0.05,0.499,0.348,0.0,22.6,80.2,0,2,0.47964709349177603,-0.7429799002383637,-0.9704813831763092,130.0,1.0,Permanent-Fast,2,0.3738986201136377,0.35232392626489584,0.2737774536214665,85.007,82.868,MEDIUM,2.0,Q2
RUS,Williams,2021,United States Grand Prix,COTA,5337.916050454483,20.0,0.0037467805433727,2.8359999999999985,2.0410000000000004,-0.2672500000000042,1.5090000000000003,0.05,0.0,0.05,0.07899999999999996,0.055999999999999946,0.0,37.2,54.6,0,2,0.4795449852514533,0.9065658256417235,0.37067324124127227,230.0,3.0,Permanent-Fast,2,0.2678127545798258,0.4006120360119483,0.33157520940822593,95.746,92.91,SOFT,2.0,Q2
SAI,Ferrari,2021,Abu Dhabi Grand Prix,Yas Marina,5333.449274375974,21.0,0.0039374144047628,0.8830000000000098,0.852999999999998,0.052500000000009095,0.855000000000004,0.05,0.0,0.05,0.30650000000000005,0.24600000000000002,0.0,27.7,62.1,0,1,0.4741120237924506,1.1814901132884046,0.59812193588988,10.0,2.0,Permanent-Medium,3,0.20620059764796608,0.4318368035473299,0.3619625988047041,82.992,82.109,SOFT,2.0,Q3
SAI,Ferrari,2021,Austrian Grand Prix,Red Bull Ring,3999.68196710701,10.0,0.0025001987863632,0.8389999999999986,0.852999999999998,0.052500000000009095,0.8660000000000068,0.45,0.4,0.05,0.0,0.0,0.0,52.1,26.7,0,2,-1.148155635993153,-1.8426770508250885,-1.1166459125389459,700.0,2.0,Permanent-Fast,2,0.25567310522158027,0.4428197462785979,0.30150714849982185,64.559,63.72,MEDIUM,2.0,Q2
SAI,Ferrari,2021,Azerbaijan Grand Prix,Baku City,4978.250124294395,20.0,0.0040174759203837,0.3579999999999899,0.852999999999998,0.052500000000009095,0.4475000000000051,0.05,0.0,0.05,0.0,0.0,0.0,44.4,49.9,1,2,0.042081570788943895,0.9065658256417235,0.6936447726344993,28.0,2.0,Street-Fast,3,0.3493443333070804,0.40040954556194375,0.25024612113097583,101.576,101.218,SOFT,2.0,Q3
SAI,Ferrari,2021,Bahrain Grand Prix,Bahrain International,5006.652008539475,15.0,0.0029960140977275,1.0120000000000005,0.852999999999998,0.052500000000009095,0.855000000000004,0.05,0.0,0.05,0.16700000000000004,0.14200000000000004,0.0,32.9,55.0,0,1,0.07662692066868529,-0.4680556125916825,-0.5250797315138804,35.0,2.0,Permanent-Medium,3,0.31805708318057085,0.42972369429723695,0.25221922252219225,90.009,88.997,SOFT,2.0,Q3
SAI,Ferrari,2021,Belgian Grand Prix,Spa-Francorchamps,6775.131165030146,19.0,0.0028043737511782,2.1119999999999948,0.852999999999998,0.052500000000009095,0.8660000000000068,1.55,1.5,0.05,0.637,0.436,0.0,18.2,90.2,0,2,2.227636715963657,0.6316415379950423,-0.7537292817396346,300.0,2.0,Permanent-Fast,2,0.2753667352311299,0.45853542920507545,0.26609783556379457,118.137,116.025,INTERMEDIATE,2.0,Q2
SAI,Ferrari,2021,British Grand Prix,Silverstone,5729.156782444218,18.0,0.003141823602237,0.8250000000000028,0.852999999999998,0.052500000000009095,0.8660000000000068,0.05,0.0,0.05,0.06899999999999999,0.04,0.0,38.0,55.8,0,2,0.9554129895418016,0.3567172503483611,-0.3511117846537936,140.0,2.0,Permanent-Fast,3,0.31667971628592484,0.4071366064848932,0.276183677229182,86.848,86.023,SOFT,2.0,Q3
SAI,Ferrari,2021,Dutch Grand Prix,Zandvoort,4259.0,14.0,0.0032871566095327,0.652000000000001,0.852999999999998,0.052500000000009095,0.855000000000004,0.05,0.0,0.05,0.15050000000000002,0.1,0.0,35.0,60.1,0,1,-0.8327458519410066,-0.7429799002383637,-0.1777123552044761,2.0,2.0,Permanent-Medium,3,0.3485482548858881,0.3411565066079929,0.3102952385061191,69.537,68.885,SOFT,2.0,Q3
SAI,Ferrari,2021,Emilia Romagna Grand Prix,Imola,4909.0,19.0,0.003870442045223,0.7879999999999967,0.852999999999998,0.052500000000009095,0.855000000000004,0.05,0.0,0.05,0.22799999999999998,0.22799999999999998,0.0,28.6,35.4,0,1,-0.04214769204173995,0.6316415379950423,0.5182160070911476,37.0,1.0,Permanent-Medium,2,0.31795635580260373,0.3468796127608079,0.3351640314365882,75.199,74.411,SOFT,2.0,Q2
SAI,Ferrari,2021,French Grand Prix,Paul Ricard,5247.8799638259,15.0,0.0028582970844219,0.8500000000000085,0.852999999999998,0.052500000000009095,0.8660000000000068,0.05,0.0,0.05,0.0,0.0,0.0,42.0,44.7,0,2,0.37003365538516214,-0.4680556125916825,-0.6893923813172924,40.0,3.0,Permanent-Fast,3,0.24688463232056362,0.3061977102597975,0.4469176574196389,90.84,89.99,SOFT,2.0,Q3
SAI,Ferrari,2021,Hungarian Grand Prix,Hungaroring,4122.248439558155,14.0,0.0033962048152295,1.230000000000004,0.852999999999998,0.052500000000009095,1.1620000000000061,0.05,0.0,0.05,0.0,0.0,0.0,60.8,47.1,0,0,-0.9990774397082004,-0.7429799002383637,-0.04760497628108983,150.0,1.0,Permanent-Slow,3,0.3611788803506895,0.3532988036373599,0.2855223160119506,76.649,75.419,SOFT,2.0,Q3
SAI,Ferrari,2021,Italian Grand Prix,Monza,5261.551646812222,11.0,0.0020906380357711,0.9069999999999965,0.852999999999998,0.052500000000009095,0.8660000000000068,0.05,0.0,0.05,0.19,0.19,0.0,30.5,43.7,0,2,0.38666258986472024,-1.5677527631784072,-1.6053002230701332,120.0,2.0,Permanent-Fast,3,0.33563669806865354,0.33393403097114166,0.3304292709602048,80.462,79.555,SOFT,2.0,Q3
SAI,Ferrari,2021,Mexico City Grand Prix,Hermanos Rodriguez,4309.0,17.0,0.0039452309120445,0.8859999999999957,0.852999999999998,0.052500000000009095,0.855000000000004,0.05,0.0,0.05,0.0,0.0,0.0,44.3,19.6,0,1,-0.7719306088718323,0.0817929627016799,0.6074479515566137,2240.0,2.0,Permanent-Medium,3,0.35544091400581024,0.3839189171584529,0.26064016883573693,76.761,75.875,SOFT,2.0,Q3
SAI,Ferrari,2021,Monaco Grand Prix,Monaco,2982.89347053333,19.0,0.0063696542259026,0.26500000000000057,0.852999999999998,0.052500000000009095,0.26500000000000057,0.1,0.0,0.1,0.31799999999999995,0.19,0.0,30.5,75.6,1,0,-2.3848804273745277,0.6316415379950423,3.5000710878223424,10.0,1.0,Street-Slow,3,0.2611915990426421,0.4685388962059736,0.27026950475138434,70.611,70.346,SOFT,3.0,Q3
SAI,Ferrari,2021,Portuguese Grand Prix,Portimao,4653.0,15.0,0.0032237266279819,0.8449999999999989,0.852999999999998,0.052500000000009095,0.855000000000004,0.15000000000000002,0.0,0.15000000000000002,0.08599999999999995,0.08599999999999995,0.0,35.7,43.4,0,1,-0.3535217365559127,-0.4680556125916825,-0.25339180900199537,90.0,1.0,Permanent-Medium,3,0.28888635123647116,0.3830078794107571,0.32810576935277175,78.813,77.968,SOFT,4.0,Q3
SAI,Ferrari,2021,Qatar Grand Prix,Losail,5380.0,16.0,0.0029739776951672,1.0130000000000052,0.852999999999998,0.052500000000009095,0.855000000000004,0.05,0.0,0.05,0.3175,0.22799999999999998,0.0,28.6,67.9,0,1,0.5307318976698825,-0.1931313249450013,-0.5513717604354108,20.0,2.0,Permanent-Medium,3,0.3283357771260997,0.3347140762463343,0.33695014662756595,81.84,80.827,SOFT,2.0,Q3
SAI,Ferrari,2021,Russian Grand Prix,Sochi Autodrom,5760.2985642132535,18.0,0.0031248380269432,0.5170000000000101,0.852999999999998,0.052500000000009095,0.855000000000004,0.1,0.0,0.1,0.6255000000000001,0.47600000000000003,0.0,16.2,79.9,0,1,0.993290890099623,0.3567172503483611,-0.37137758056360215,5.0,2.0,Permanent-Medium,3,0.35654082528533804,0.3394107891912984,0.3040483855233636,102.51,101.993,SOFT,3.0,Q3
SAI,Ferrari,2021,Saudi Arabian Grand Prix,Jeddah,6174.0,27.0,0.0043731778425655,0.7259999999999991,0.852999999999998,0.052500000000009095,0.4475000000000051,0.1,0.0,0.1,0.281,0.174,0.0,31.3,71.4,1,2,1.4964779576083713,2.8310358391684916,1.1180391446222482,15.0,3.0,Street-Fast,3,0.3639516302684815,0.3209197955506194,0.3151285741808992,88.237,87.511,SOFT,3.0,Q3
SAI,Ferrari,2021,Spanish Grand Prix,Barcelona-Catalunya,4348.990357163425,16.0,0.003679014825509,0.8790000000000049,0.852999999999998,0.052500000000009095,0.855000000000004,0.05,0.0,0.05,0.0,0.0,0.0,44.1,48.5,0,1,-0.7232901430454965,-0.1931313249450013,0.28982074233246696,110.0,1.0,Permanent-Medium,3,0.2826848750322082,0.3724297861375934,0.3448853388301984,77.62,76.741,SOFT,2.0,Q3
SAI,Ferrari,2021,Styrian Grand Prix,Red Bull Ring,3999.68196710701,10.0,0.0025001987863632,0.9589999999999961,0.852999999999998,0.052500000000009095,0.8660000000000068,0.05,0.0,0.05,0.0,0.0,0.0,53.9,28.8,0,2,-1.148155635993153,-1.8426770508250885,-1.1166459125389459,700.0,2.0,Permanent-Fast,2,0.2551851851851852,0.443287037037037,0.30152777777777773,64.8,63.841,SOFT,2.0,Q2
SAI,Ferrari,2021,São Paulo Grand Prix,Interlagos,4309.0,15.0,0.0034810860988628,0.8919999999999959,0.852999999999998,0.052500000000009095,0.855000000000004,0.05,0.0,0.05,0.48,0.32,0.0,24.0,82.0,0,1,-0.7719306088718323,-0.4680556125916825,0.05366841251622112,800.0,2.0,Permanent-Medium,3,0.25610960974050506,0.5080492837009271,0.235841106558568,68.826,67.934,SOFT,2.0,Q3
SAI,Ferrari,2021,Turkish Grand Prix,Istanbul Park,5338.0,14.0,0.0026227051330086,2.3090000000000117,0.852999999999998,0.052500000000009095,0.8660000000000068,0.1,0.0,0.1,4.0125,0.36,3.5,22.0,80.5,0,2,0.47964709349177603,-0.7429799002383637,-0.9704813831763092,130.0,1.0,Permanent-Fast,2,0.3757821947239278,0.34866219754158984,0.2755556077344823,85.177,82.868,SOFT,3.0,Q2
SAI,Ferrari,2021,United States Grand Prix,COTA,5337.916050454483,20.0,0.0037467805433727,0.882000000000005,0.852999999999998,0.052500000000009095,0.8660000000000068,0.05,0.0,0.05,0.15400000000000003,0.11200000000000003,0.0,34.4,58.4,0,2,0.4795449852514533,0.9065658256417235,0.37067324124127227,230.0,3.0,Permanent-Fast,3,0.26881823609689526,0.40003411804844763,0.3311476458546571,93.792,92.91,SOFT,2.0,Q3
SAI,Ferrari,2022,Abu Dhabi Grand Prix,Yas Marina,5333.449274375974,21.0,0.0039374144047628,0.41800000000000637,0.11299999999999599,0.08024999999999949,0.855000000000004,0.05,0.0,0.05,0.245,0.14,0.0,33.0,71.0,0,1,0.4741120237924506,1.1814901132884046,0.59812193588988,10.0,2.0,Permanent-Medium,3,0.20544384036466368,0.43077087438569833,0.36378528524963794,84.242,83.824,SOFT,2.0,Q3
SAI,Ferrari,2022,Australian Grand Prix,Albert Park,4843.53245567963,14.0,0.0028904523977295,0.6009999999999991,0.11299999999999599,0.08024999999999949,0.3340000000000032,0.2,0.0,0.2,0.29100000000000004,0.23600000000000002,0.0,28.2,61.0,1,1,-0.12177618446144439,-0.7429799002383637,-0.6510272976721347,31.0,2.0,Street-Medium,3,0.3442123641183143,0.2264843441359008,0.42930329174578497,78.469,77.868,SOFT,5.0,Q3
SAI,Ferrari,2022,Austrian Grand Prix,Red Bull Ring,3999.68196710701,10.0,0.0025001987863632,0.08200000000000784,0.11299999999999599,0.08024999999999949,0.8660000000000068,0.1,0.0,0.1,0.13799999999999998,0.13799999999999998,0.0,33.1,35.0,0,2,-1.148155635993153,-1.8426770508250885,-1.1166459125389459,700.0,2.0,Permanent-Fast,3,0.253880675006916,0.4440260658408385,0.3020932591522454,65.066,64.984,SOFT,3.0,Q3
SAI,Ferrari,2022,Azerbaijan Grand Prix,Baku City,4978.250124294395,20.0,0.0040174759203837,0.4549999999999983,0.11299999999999599,0.08024999999999949,0.4475000000000051,0.05,0.0,0.05,0.22599999999999995,0.12599999999999995,0.0,33.7,70.0,1,2,0.042081570788943895,0.9065658256417235,0.6936447726344993,28.0,2.0,Street-Fast,3,0.3509242343881981,0.40325495511422793,0.245820810497574,101.814,101.359,SOFT,2.0,Q3
SAI,Ferrari,2022,Bahrain Grand Prix,Bahrain International,5006.652008539475,15.0,0.0029960140977275,0.12899999999999068,0.11299999999999599,0.08024999999999949,0.855000000000004,0.05,0.0,0.05,0.33,0.31,0.0,24.5,54.0,0,1,0.07662692066868529,-0.4680556125916825,-0.5250797315138804,35.0,2.0,Permanent-Medium,3,0.3201781953311941,0.42830835731692524,0.25151344735188064,90.687,90.558,SOFT,2.0,Q3
SAI,Ferrari,2022,Belgian Grand Prix,Spa-Francorchamps,6775.131165030146,19.0,0.0028043737511782,0.6319999999999908,0.11299999999999599,0.08024999999999949,0.8660000000000068,0.05,0.0,0.05,0.545,0.38,0.0,21.0,83.0,0,2,2.227636715963657,0.6316415379950423,-0.7537292817396346,300.0,2.0,Permanent-Fast,3,0.29329702676011776,0.4274044315752131,0.27929854166466916,104.297,103.665,SOFT,2.0,Q3
SAI,Ferrari,2022,British Grand Prix,Silverstone,5729.156782444218,18.0,0.003141823602237,1.0609999999999928,0.11299999999999599,0.08024999999999949,0.8660000000000068,1.95,1.5,0.45,0.5820000000000001,0.392,0.0,20.4,88.0,0,2,0.9554129895418016,0.3567172503483611,-0.3511117846537936,140.0,2.0,Permanent-Fast,3,0.31412316598462925,0.40467112486276074,0.28120570915261006,100.19,99.129,INTERMEDIATE,10.0,Q3
SAI,Ferrari,2022,Canadian Grand Prix,Gilles Villeneuve,3927.405044134453,14.0,0.0035646947138566,0.796999999999997,0.11299999999999599,0.08024999999999949,0.855000000000004,1.65,1.5,0.15000000000000002,0.498,0.438,0.0,18.1,62.0,0,1,-1.2360664087705144,-0.7429799002383637,0.15342335743024896,22.0,2.0,Permanent-Medium,3,0.28197476125511595,0.3178230364451374,0.40020220229974657,82.096,81.299,INTERMEDIATE,4.0,Q3
SAI,Ferrari,2022,Dutch Grand Prix,Zandvoort,4259.0,14.0,0.0032871566095327,0.09199999999999875,0.11299999999999599,0.08024999999999949,0.855000000000004,0.05,0.0,0.05,0.025999999999999943,0.025999999999999943,0.0,38.7,32.0,0,1,-0.8327458519410066,-0.7429799002383637,-0.1777123552044761,2.0,2.0,Permanent-Medium,3,0.343243319987506,0.3496464775534543,0.3071102024590397,70.434,70.342,SOFT,2.0,Q3
SAI,Ferrari,2022,Emilia Romagna Grand Prix,Imola,4909.0,19.0,0.003870442045223,0.19699999999998852,0.11299999999999599,0.08024999999999949,0.855000000000004,0.05,0.0,0.05,0.675,0.51,0.0,14.5,83.0,0,1,-0.04214769204173995,0.6316415379950423,0.5182160070911476,37.0,1.0,Permanent-Medium,3,0.3265476642612989,0.3409292315482972,0.33252310419040376,78.99,78.793,SOFT,2.0,Q3
SAI,Ferrari,2022,French Grand Prix,Paul Ricard,5247.8799638259,15.0,0.0028582970844219,0.20900000000000318,0.11299999999999599,0.08024999999999949,0.8660000000000068,0.05,0.0,0.05,0.0,0.0,0.0,55.1,44.0,0,2,0.37003365538516214,-0.4680556125916825,-0.6893923813172924,40.0,3.0,Permanent-Fast,3,0.24921772927394298,0.3070124394769491,0.4437698312491079,91.081,90.872,SOFT,2.0,Q3
SAI,Ferrari,2022,Hungarian Grand Prix,Hungaroring,4122.248439558155,14.0,0.0033962048152295,0.04400000000001114,0.11299999999999599,0.08024999999999949,1.1620000000000061,0.05,0.0,0.05,0.269,0.174,0.0,31.3,69.0,0,0,-0.9990774397082004,-0.7429799002383637,-0.04760497628108983,150.0,1.0,Permanent-Slow,3,0.3618139781196317,0.35638909339843194,0.28179692848193644,77.421,77.377,SOFT,2.0,Q3
SAI,Ferrari,2022,Italian Grand Prix,Monza,5261.551646812222,11.0,0.0020906380357711,0.2680000000000007,0.11299999999999599,0.08024999999999949,0.8660000000000068,0.05,0.0,0.05,0.0,0.0,0.0,40.1,34.0,0,2,0.38666258986472024,-1.5677527631784072,-1.6053002230701332,120.0,2.0,Permanent-Fast,3,0.33383481082694055,0.3363836427159358,0.32978154645712365,80.429,80.161,SOFT,2.0,Q3
SAI,Ferrari,2022,Japanese Grand Prix,Suzuka,5650.500064177964,18.0,0.0031855587639248,0.05700000000000216,0.11299999999999599,0.08024999999999949,0.8660000000000068,0.05,0.0,0.05,0.32399999999999995,0.284,0.0,25.8,58.0,0,2,0.8597424407340858,0.3567172503483611,-0.29893057527368244,50.0,2.0,Permanent-Fast,3,0.348328689249225,0.45069996978547683,0.20097134096529803,89.361,89.304,SOFT,2.0,Q3
SAI,Ferrari,2022,Mexico City Grand Prix,Hermanos Rodriguez,4309.0,17.0,0.0039452309120445,0.5759999999999934,0.11299999999999599,0.08024999999999949,0.855000000000004,0.05,0.0,0.05,0.0,0.0,0.0,47.4,35.0,0,1,-0.7719306088718323,0.0817929627016799,0.6074479515566137,2240.0,2.0,Permanent-Medium,3,0.3530522903345203,0.38900588377940293,0.2579418258860768,78.351,77.775,SOFT,2.0,Q3
SAI,Ferrari,2022,Miami Grand Prix,Miami,5412.0,19.0,0.003510716925351,0.18999999999999773,0.11299999999999599,0.08024999999999949,0.3340000000000032,0.05,0.0,0.05,0.0,0.0,0.0,49.4,41.0,1,1,0.5696536532341541,0.6316415379950423,0.08902148545382091,3.0,3.0,Street-Medium,3,0.32901804778279725,0.3822736160744387,0.288708336142764,88.986,88.796,SOFT,2.0,Q3
SAI,Ferrari,2022,Monaco Grand Prix,Monaco,2982.89347053333,19.0,0.0063696542259026,0.22499999999999432,0.11299999999999599,0.08024999999999949,0.26500000000000057,0.05,0.0,0.05,0.0,0.0,0.0,47.5,41.0,1,0,-2.3848804273745277,0.6316415379950423,3.5000710878223424,10.0,1.0,Street-Slow,3,0.26485663608050164,0.4711945363891566,0.26394882753034177,71.601,71.376,SOFT,2.0,Q3
SAI,Ferrari,2022,Saudi Arabian Grand Prix,Jeddah,6174.0,27.0,0.0043731778425655,0.20199999999999818,0.11299999999999599,0.08024999999999949,0.4475000000000051,0.30000000000000004,0.0,0.30000000000000004,0.364,0.304,0.0,24.8,62.0,1,2,1.4964779576083713,2.8310358391684916,1.1180391446222482,15.0,3.0,Street-Fast,3,0.3652519173774349,0.32218728083075043,0.31256080179181467,88.402,88.2,SOFT,7.0,Q3
SAI,Ferrari,2022,Singapore Grand Prix,Marina Bay,4956.5492831458605,23.0,0.0046403250903221,0.17099999999999227,0.11299999999999599,0.08024999999999949,0.26500000000000057,0.25,0.0,0.25,0.382,0.23200000000000004,0.0,28.4,80.0,1,0,0.01568673220387009,1.731338688581767,1.436777339075894,10.0,1.0,Street-Slow,3,0.2642836936386118,0.37837073268663934,0.35734557367474884,109.583,109.412,SOFT,6.0,Q3
SAI,Ferrari,2022,Spanish Grand Prix,Barcelona-Catalunya,4348.990357163425,16.0,0.003679014825509,0.4159999999999968,0.11299999999999599,0.08024999999999949,0.855000000000004,0.05,0.0,0.05,0.0,0.0,0.0,46.5,18.0,0,1,-0.7232901430454965,-0.1931313249450013,0.28982074233246696,110.0,1.0,Permanent-Medium,3,0.28028446555339415,0.3736831468054468,0.34603238764115907,79.166,78.75,SOFT,2.0,Q3
SAI,Ferrari,2022,São Paulo Grand Prix,Interlagos,4309.0,15.0,0.0034810860988628,0.009000000000000341,0.11299999999999599,0.08024999999999949,0.855000000000004,0.1,0.0,0.1,0.469,0.254,0.0,27.3,93.0,0,1,-0.7719306088718323,-0.4680556125916825,0.05366841251622112,800.0,2.0,Permanent-Medium,3,0.255141768937791,0.5048243757934829,0.24003385526872623,70.89,70.881,SOFT,3.0,Q3
SAI,Ferrari,2022,United States Grand Prix,COTA,5337.916050454483,20.0,0.0037467805433727,0.0,0.11299999999999599,0.08024999999999949,0.8660000000000068,0.05,0.0,0.05,0.13200000000000003,0.13200000000000003,0.0,33.4,38.0,0,2,0.4795449852514533,0.9065658256417235,0.37067324124127227,230.0,3.0,Permanent-Fast,3,0.2705180380685913,0.40375810759252195,0.3257238543388868,94.356,94.356,SOFT,2.0,Q3
SAI,Ferrari,2023,Abu Dhabi Grand Prix,Yas Marina,5333.449274375974,21.0,0.0039374144047628,1.2930000000000064,0.4085000000000001,0.07400000000000517,0.855000000000004,0.05,0.0,0.05,0.23099999999999993,0.15599999999999994,0.0,32.2,65.0,0,1,0.4741120237924506,1.1814901132884046,0.59812193588988,10.0,2.0,Permanent-Medium,1,0.2048077603908518,0.4316953432934457,0.36349689631570253,84.738,83.445,SOFT,2.0,Q1
SAI,Ferrari,2023,Australian Grand Prix,Albert Park,4843.53245567963,14.0,0.0028904523977295,0.5379999999999967,0.4085000000000001,0.07400000000000517,0.3340000000000032,0.1,0.0,0.1,0.36000000000000004,0.35000000000000003,0.0,22.5,52.0,1,1,-0.12177618446144439,-0.7429799002383637,-0.6510272976721347,31.0,2.0,Street-Medium,3,0.3488934903584832,0.22716448815840556,0.42394202148311116,77.27,76.732,SOFT,3.0,Q3
SAI,Ferrari,2023,Austrian Grand Prix,Red Bull Ring,3999.68196710701,10.0,0.0025001987863632,0.18999999999999773,0.4085000000000001,0.07400000000000517,0.8660000000000068,0.05,0.0,0.05,0.06200000000000003,0.06200000000000003,0.0,36.9,46.0,0,2,-1.148155635993153,-1.8426770508250885,-1.1166459125389459,700.0,2.0,Permanent-Fast,3,0.25245815332682986,0.4457193292144748,0.30182251745869526,64.581,64.391,SOFT,2.0,Q3
SAI,Ferrari,2023,Azerbaijan Grand Prix,Baku City,4978.250124294395,20.0,0.0040174759203837,0.8130000000000024,0.4085000000000001,0.07400000000000517,0.4475000000000051,0.05,0.0,0.05,0.385,0.22,0.0,29.0,83.0,1,2,0.042081570788943895,0.9065658256417235,0.6936447726344993,28.0,2.0,Street-Fast,3,0.3515482695810565,0.4027975766215253,0.24565415379741826,101.016,100.203,SOFT,2.0,Q3
SAI,Ferrari,2023,Bahrain Grand Prix,Bahrain International,5006.652008539475,15.0,0.0029960140977275,0.44599999999999795,0.4085000000000001,0.07400000000000517,0.855000000000004,0.05,0.0,0.05,0.266,0.266,0.0,26.7,33.0,0,1,0.07662692066868529,-0.4680556125916825,-0.5250797315138804,35.0,2.0,Permanent-Medium,3,0.3187767597666215,0.4292654790691483,0.2519577611642301,90.154,89.708,SOFT,2.0,Q3
SAI,Ferrari,2023,Belgian Grand Prix,Spa-Francorchamps,6775.131165030146,19.0,0.0028043737511782,0.9839999999999947,0.4085000000000001,0.07400000000000517,0.8660000000000068,0.05,0.0,0.05,0.511,0.336,0.0,23.2,85.0,0,2,2.227636715963657,0.6316415379950423,-0.7537292817396346,300.0,2.0,Permanent-Fast,3,0.29226705987755713,0.434102956547708,0.273629983574735,107.152,106.168,SOFT,2.0,Q3
SAI,Ferrari,2023,British Grand Prix,Silverstone,5729.156782444218,18.0,0.003141823602237,0.42799999999999727,0.4085000000000001,0.07400000000000517,0.8660000000000068,0.05,0.0,0.05,0.38,0.27,0.0,26.5,72.0,0,2,0.9554129895418016,0.3567172503483611,-0.3511117846537936,140.0,2.0,Permanent-Fast,3,0.31661082296782483,0.4059760407582504,0.27741313627392483,87.148,86.72,SOFT,2.0,Q3
SAI,Ferrari,2023,Canadian Grand Prix,Gilles Villeneuve,3927.405044134453,14.0,0.0035646947138566,1.1310000000000002,0.4085000000000001,0.07400000000000517,0.855000000000004,0.1,0.0,0.1,0.61,0.43,0.0,18.5,86.0,0,1,-1.2360664087705144,-0.7429799002383637,0.15342335743024896,22.0,2.0,Permanent-Medium,3,0.28924564215588056,0.31475405730314565,0.39600030054097374,79.856,78.725,SOFT,3.0,Q3
SAI,Ferrari,2023,Dutch Grand Prix,Zandvoort,4259.0,14.0,0.0032871566095327,1.1870000000000118,0.4085000000000001,0.07400000000000517,0.855000000000004,0.05,0.0,0.05,0.429,0.324,0.0,23.8,71.0,0,1,-0.8327458519410066,-0.7429799002383637,-0.1777123552044761,2.0,2.0,Permanent-Medium,3,0.3441341249268333,0.34890040973325526,0.3069654653399113,71.754,70.567,SOFT,2.0,Q3
SAI,Ferrari,2023,Hungarian Grand Prix,Hungaroring,4122.248439558155,14.0,0.0033962048152295,1.0940000000000083,0.4085000000000001,0.07400000000000517,1.1620000000000061,0.45,0.4,0.05,0.0,0.0,0.0,43.0,35.0,0,0,-0.9990774397082004,-0.7429799002383637,-0.04760497628108983,150.0,1.0,Permanent-Slow,2,0.36142748671222474,0.35644698402893066,0.2821255292588446,77.703,76.609,MEDIUM,2.0,Q2
SAI,Ferrari,2023,Italian Grand Prix,Monza,5261.551646812222,11.0,0.0020906380357711,0.0,0.4085000000000001,0.07400000000000517,0.8660000000000068,0.05,0.0,0.05,0.025999999999999943,0.025999999999999943,0.0,38.7,40.0,0,2,0.38666258986472024,-1.5677527631784072,-1.6053002230701332,120.0,2.0,Permanent-Fast,3,0.33254041397862855,0.3361147781901512,0.3313448078312203,80.294,80.294,SOFT,2.0,Q3
SAI,Ferrari,2023,Japanese Grand Prix,Suzuka,5650.500064177964,18.0,0.0031855587639248,0.972999999999999,0.4085000000000001,0.07400000000000517,0.8660000000000068,0.05,0.0,0.05,0.11799999999999998,0.11799999999999998,0.0,34.1,47.0,0,2,0.8597424407340858,0.3567172503483611,-0.29893057527368244,50.0,2.0,Permanent-Fast,3,0.3487145242070117,0.451463550361714,0.19982192543127436,89.85,88.877,SOFT,2.0,Q3
SAI,Ferrari,2023,Las Vegas Grand Prix,Las Vegas,6353.0,14.0,0.0022036832992287,0.04399999999999693,0.4085000000000001,0.07400000000000517,0.4475000000000051,0.1,0.0,0.1,0.521,0.466,0.0,16.7,61.0,1,2,1.7141965277960156,-0.7429799002383637,-1.4704238825178961,600.0,2.0,Street-Fast,3,0.2819553735043656,0.3317020588552333,0.386342567640401,92.77,92.726,SOFT,3.0,Q3
SAI,Ferrari,2023,Mexico City Grand Prix,Hermanos Rodriguez,4309.0,17.0,0.0039452309120445,0.06700000000000728,0.4085000000000001,0.07400000000000517,0.855000000000004,0.05,0.0,0.05,0.0,0.0,0.0,41.6,26.0,0,1,-0.7719306088718323,0.0817929627016799,0.6074479515566137,2240.0,2.0,Permanent-Medium,3,0.35404555047712766,0.3871402120855075,0.25881423743736487,77.233,77.166,SOFT,2.0,Q3
SAI,Ferrari,2023,Miami Grand Prix,Miami,5412.0,19.0,0.003510716925351,0.3340000000000032,0.4085000000000001,0.07400000000000517,0.3340000000000032,0.05,0.0,0.05,0.06,0.0,0.0,41.0,62.0,1,1,0.5696536532341541,0.6316415379950423,0.08902148545382091,3.0,3.0,Street-Medium,3,0.3341786386377198,0.3799628218662505,0.28585853949602974,87.148,86.814,SOFT,2.0,Q3
SAI,Ferrari,2023,Monaco Grand Prix,Monaco,2982.89347053333,19.0,0.0063696542259026,0.26500000000000057,0.4085000000000001,0.07400000000000517,0.26500000000000057,0.05,0.0,0.05,0.0,0.0,0.0,43.9,34.0,1,0,-2.3848804273745277,0.6316415379950423,3.5000710878223424,10.0,1.0,Street-Slow,3,0.26300432779561633,0.4726511238307972,0.2643445483735865,71.63,71.365,SOFT,2.0,Q3
SAI,Ferrari,2023,Qatar Grand Prix,Losail,5380.0,16.0,0.0029739776951672,1.5499999999999972,0.4085000000000001,0.07400000000000517,0.855000000000004,0.15000000000000002,0.0,0.15000000000000002,0.15099999999999997,0.11599999999999995,0.0,34.2,57.0,0,1,0.5307318976698825,-0.1931313249450013,-0.5513717604354108,20.0,2.0,Permanent-Medium,2,0.3688824301518845,0.33784924057753607,0.2932683292705794,85.328,83.778,SOFT,4.0,Q2
SAI,Ferrari,2023,Saudi Arabian Grand Prix,Jeddah,6174.0,27.0,0.0043731778425655,0.6659999999999968,0.4085000000000001,0.07400000000000517,0.4475000000000051,0.1,0.0,0.1,0.184,0.184,0.0,30.8,45.0,1,2,1.4964779576083713,2.8310358391684916,1.1180391446222482,15.0,3.0,Street-Fast,3,0.3660365901654091,0.31625642351935773,0.3177069863152332,88.931,88.265,SOFT,3.0,Q3
SAI,Ferrari,2023,Singapore Grand Prix,Marina Bay,4956.5492831458605,23.0,0.0046403250903221,0.0,0.4085000000000001,0.07400000000000517,0.26500000000000057,0.05,0.0,0.05,0.26,0.12,0.0,34.0,78.0,1,0,0.01568673220387009,1.731338688581767,1.436777339075894,10.0,1.0,Street-Slow,3,0.29364503648993223,0.4231403323661303,0.28321463114393736,90.984,90.984,SOFT,2.0,Q3
SAI,Ferrari,2023,Spanish Grand Prix,Barcelona-Catalunya,4348.990357163425,16.0,0.003679014825509,0.4619999999999891,0.4085000000000001,0.07400000000000517,0.855000000000004,0.05,0.0,0.05,0.374,0.284,0.0,25.8,68.0,0,1,-0.7232901430454965,-0.1931313249450013,0.28982074233246696,110.0,1.0,Permanent-Medium,3,0.2982924079522644,0.40224654219484696,0.2994610498528886,72.734,72.272,SOFT,2.0,Q3
SAI,Ferrari,2023,São Paulo Grand Prix,Interlagos,4309.0,15.0,0.0034810860988628,0.2330000000000041,0.4085000000000001,0.07400000000000517,0.855000000000004,0.05,0.0,0.05,0.13700000000000004,0.08200000000000003,0.0,35.9,61.0,0,1,-0.7719306088718323,-0.4680556125916825,0.05366841251622112,800.0,2.0,Permanent-Medium,3,0.2610100492498648,0.5055512853360664,0.23343866541406896,70.254,70.021,SOFT,2.0,Q3
SAI,Ferrari,2023,United States Grand Prix,COTA,5337.916050454483,20.0,0.0037467805433727,0.2219999999999942,0.4085000000000001,0.07400000000000517,0.8660000000000068,0.05,0.0,0.05,0.0,0.0,0.0,40.0,13.0,0,2,0.4795449852514533,0.9065658256417235,0.37067324124127227,230.0,3.0,Permanent-Fast,3,0.2682605719100532,0.4021064827005108,0.329632945389436,94.945,94.723,SOFT,2.0,Q3
SAI,Ferrari,2024,Abu Dhabi Grand Prix,Yas Marina,5333.449274375974,21.0,0.0039374144047628,0.2289999999999992,0.4145000000000003,0.003999999999990678,0.855000000000004,0.05,0.0,0.05,0.289,0.22399999999999998,0.0,28.8,63.0,0,1,0.4741120237924506,1.1814901132884046,0.59812193588988,10.0,2.0,Permanent-Medium,3,0.20501303969863807,0.43208490292668794,0.362902057374674,82.824,82.595,SOFT,2.0,Q3
SAI,Ferrari,2024,Australian Grand Prix,Albert Park,4843.53245567963,14.0,0.0028904523977295,0.269999999999996,0.4145000000000003,0.003999999999990678,0.3340000000000032,0.05,0.0,0.05,0.16400000000000006,0.14400000000000007,0.0,32.8,54.0,1,1,-0.12177618446144439,-0.7429799002383637,-0.6510272976721347,31.0,2.0,Street-Medium,3,0.34418848854761436,0.2288376977095229,0.4269738137428628,76.185,75.915,SOFT,2.0,Q3
SAI,Ferrari,2024,Austrian Grand Prix,Red Bull Ring,3999.68196710701,10.0,0.0025001987863632,0.5370000000000061,0.4145000000000003,0.003999999999990678,0.8660000000000068,0.05,0.0,0.05,0.0,0.0,0.0,44.2,39.0,0,2,-1.148155635993153,-1.8426770508250885,-1.1166459125389459,700.0,2.0,Permanent-Fast,3,0.2526560885722657,0.44548272193181293,0.30186118949592144,64.851,64.314,SOFT,2.0,Q3
SAI,Ferrari,2024,Azerbaijan Grand Prix,Baku City,4978.250124294395,20.0,0.0040174759203837,0.44000000000001194,0.4145000000000003,0.003999999999990678,0.4475000000000051,0.05,0.0,0.05,0.12,0.12,0.0,34.0,32.0,1,2,0.042081570788943895,0.9065658256417235,0.6936447726344993,28.0,2.0,Street-Fast,3,0.3508275624969304,0.4045086194194784,0.24466381808359122,101.805,101.365,SOFT,2.0,Q3
SAI,Ferrari,2024,Bahrain Grand Prix,Bahrain International,5006.652008539475,15.0,0.0029960140977275,0.34199999999999875,0.4145000000000003,0.003999999999990678,0.855000000000004,0.05,0.0,0.05,0.38200000000000006,0.38200000000000006,0.0,20.9,46.0,0,1,0.07662692066868529,-0.4680556125916825,-0.5250797315138804,35.0,2.0,Permanent-Medium,3,0.3223211592389422,0.4278771492732412,0.2498016914878166,89.507,89.165,SOFT,2.0,Q3
SAI,Ferrari,2024,Belgian Grand Prix,Spa-Francorchamps,6775.131165030146,19.0,0.0028043737511782,0.9529999999999887,0.4145000000000003,0.003999999999990678,0.8660000000000068,1.65,1.5,0.15000000000000002,4.083,0.368,3.5,21.6,93.0,0,2,2.227636715963657,0.6316415379950423,-0.7537292817396346,300.0,2.0,Permanent-Fast,3,0.2816618760515984,0.45142491587212563,0.26691320807627594,114.112,113.159,INTERMEDIATE,4.0,Q3
SAI,Ferrari,2024,British Grand Prix,Silverstone,5729.156782444218,18.0,0.003141823602237,0.6899999999999977,0.4145000000000003,0.003999999999990678,0.8660000000000068,0.05,0.0,0.05,0.49,0.38,0.0,21.0,72.0,0,2,0.9554129895418016,0.3567172503483611,-0.3511117846537936,140.0,2.0,Permanent-Fast,3,0.32376978117883687,0.4033221976904137,0.2729080211307494,86.509,85.819,SOFT,2.0,Q3
SAI,Ferrari,2024,Canadian Grand Prix,Gilles Villeneuve,3927.405044134453,14.0,0.0035646947138566,0.98599999999999,0.4145000000000003,0.003999999999990678,0.855000000000004,0.25,0.0,0.25,0.251,0.18600000000000003,0.0,30.7,63.0,0,1,-1.2360664087705144,-0.7429799002383637,0.15342335743024896,22.0,2.0,Permanent-Medium,2,0.2801809481905181,0.3157655923440766,0.4040534594654054,72.728,71.742,SOFT,6.0,Q2
SAI,Ferrari,2024,Chinese Grand Prix,Shanghai International,5161.238099433068,16.0,0.0031000313668453,0.6370000000000005,0.4145000000000003,0.003999999999990678,0.8660000000000068,0.05,0.0,0.05,0.17799999999999996,0.15799999999999997,0.0,32.1,54.0,0,2,0.2646507345248319,-0.1931313249450013,-0.4009748536645922,5.0,3.0,Permanent-Fast,3,0.2671983202010669,0.3007624844904928,0.43203919530844037,94.297,93.66,SOFT,2.0,Q3
SAI,Ferrari,2024,Dutch Grand Prix,Zandvoort,4259.0,14.0,0.0032871566095327,1.2409999999999997,0.4145000000000003,0.003999999999990678,0.855000000000004,0.05,0.0,0.05,0.31,0.22,0.0,29.0,68.0,0,1,-0.8327458519410066,-0.7429799002383637,-0.1777123552044761,2.0,2.0,Permanent-Medium,2,0.3433595622867135,0.3573483374227938,0.2992921002904927,70.914,69.673,SOFT,2.0,Q2
SAI,Ferrari,2024,Emilia Romagna Grand Prix,Imola,4909.0,19.0,0.003870442045223,0.487000000000009,0.4145000000000003,0.003999999999990678,0.855000000000004,0.05,0.0,0.05,0.004000000000000057,0.004000000000000057,0.0,39.8,46.0,0,1,-0.04214769204173995,0.6316415379950423,0.5182160070911476,37.0,1.0,Permanent-Medium,3,0.3162574933872104,0.34744061781399116,0.33630188879879835,75.233,74.746,SOFT,2.0,Q3
SAI,Ferrari,2024,Hungarian Grand Prix,Hungaroring,4122.248439558155,14.0,0.0033962048152295,0.4689999999999941,0.4145000000000003,0.003999999999990678,1.1620000000000061,0.05,0.0,0.05,3.714,0.174,3.5,31.3,58.0,0,0,-0.9990774397082004,-0.7429799002383637,-0.04760497628108983,150.0,1.0,Permanent-Slow,3,0.36283291058972733,0.3549857324032974,0.2821813570069753,75.696,75.227,SOFT,2.0,Q3
SAI,Ferrari,2024,Italian Grand Prix,Monza,5261.551646812222,11.0,0.0020906380357711,0.14000000000000057,0.4145000000000003,0.003999999999990678,0.8660000000000068,0.05,0.0,0.05,0.0,0.0,0.0,47.1,39.0,0,2,0.38666258986472024,-1.5677527631784072,-1.6053002230701332,120.0,2.0,Permanent-Fast,3,0.3299860319377855,0.33753633583751746,0.33247763222469706,79.467,79.327,SOFT,2.0,Q3
SAI,Ferrari,2024,Japanese Grand Prix,Suzuka,5650.500064177964,18.0,0.0031855587639248,0.48499999999999943,0.4145000000000003,0.003999999999990678,0.8660000000000068,0.05,0.0,0.05,0.33799999999999997,0.288,0.0,25.6,60.0,0,2,0.8597424407340858,0.3567172503483611,-0.29893057527368244,50.0,2.0,Permanent-Fast,3,0.34920276944588535,0.4509257797523737,0.1998714508017411,88.682,88.197,SOFT,2.0,Q3
SAI,Ferrari,2024,Las Vegas Grand Prix,Las Vegas,6353.0,14.0,0.0022036832992287,0.09799999999999898,0.4145000000000003,0.003999999999990678,0.4475000000000051,0.1,0.0,0.1,0.528,0.528,0.0,13.6,26.0,1,2,1.7141965277960156,-0.7429799002383637,-1.4704238825178961,600.0,2.0,Street-Fast,3,0.28190672005194245,0.33449843090574616,0.38359484904231145,92.41,92.312,SOFT,3.0,Q3
SAI,Ferrari,2024,Mexico City Grand Prix,Hermanos Rodriguez,4309.0,17.0,0.0039452309120445,0.0,0.4145000000000003,0.003999999999990678,0.855000000000004,0.05,0.0,0.05,0.1,0.1,0.0,35.0,42.0,0,1,-0.7719306088718323,0.0817929627016799,0.6074479515566137,2240.0,2.0,Permanent-Medium,3,0.3560029494640929,0.3857477681510547,0.2582492823848524,75.946,75.946,SOFT,2.0,Q3
SAI,Ferrari,2024,Miami Grand Prix,Miami,5412.0,19.0,0.003510716925351,0.21399999999999864,0.4145000000000003,0.003999999999990678,0.3340000000000032,0.05,0.0,0.05,0.035,0.0,0.0,45.6,57.0,1,1,0.5696536532341541,0.6316415379950423,0.08902148545382091,3.0,3.0,Street-Medium,3,0.33015836716025376,0.3847121376708021,0.285129495168944,87.455,87.241,SOFT,2.0,Q3
SAI,Ferrari,2024,Monaco Grand Prix,Monaco,2982.89347053333,19.0,0.0063696542259026,0.24800000000000466,0.4145000000000003,0.003999999999990678,0.26500000000000057,0.1,0.0,0.1,0.06,0.0,0.0,43.8,62.0,1,0,-2.3848804273745277,0.6316415379950423,3.5000710878223424,10.0,1.0,Street-Slow,3,0.262259281318245,0.47138319294364556,0.26635752573810945,70.518,70.27,SOFT,3.0,Q3
SAI,Ferrari,2024,Qatar Grand Prix,Losail,5380.0,16.0,0.0029739776951672,0.5210000000000008,0.4145000000000003,0.003999999999990678,0.855000000000004,0.05,0.0,0.05,0.415,0.37,0.0,21.5,59.0,0,1,0.5307318976698825,-0.1931313249450013,-0.5513717604354108,20.0,2.0,Permanent-Medium,3,0.36913414197751754,0.3381251465307684,0.2927407114917141,81.041,80.52,SOFT,2.0,Q3
SAI,Ferrari,2024,Singapore Grand Prix,Marina Bay,4956.5492831458605,23.0,0.0046403250903221,0.5829999999999984,0.4145000000000003,0.003999999999990678,0.26500000000000057,0.05,0.0,0.05,0.30899999999999994,0.16399999999999998,0.0,31.8,79.0,1,0,0.01568673220387009,1.731338688581767,1.436777339075894,10.0,1.0,Street-Slow,3,0.2968659830425711,0.4202290584631775,0.28290495849425135,90.108,89.525,SOFT,2.0,Q3
SAI,Ferrari,2024,Spanish Grand Prix,Barcelona-Catalunya,4348.990357163425,16.0,0.003679014825509,0.35300000000000864,0.4145000000000003,0.003999999999990678,0.855000000000004,0.05,0.0,0.05,0.175,0.08,0.0,36.0,69.0,0,1,-0.7232901430454965,-0.1931313249450013,0.28982074233246696,110.0,1.0,Permanent-Medium,3,0.298608787777406,0.3990325638452102,0.30235864837738374,71.736,71.383,SOFT,2.0,Q3
SAI,Ferrari,2024,São Paulo Grand Prix,Interlagos,4309.0,15.0,0.0034810860988628,6.001000000000005,0.4145000000000003,0.003999999999990678,0.855000000000004,2.55,2.5,0.05,4.0520000000000005,0.342,3.5,22.9,92.0,0,1,-0.7719306088718323,-0.4680556125916825,0.05366841251622112,800.0,2.0,Permanent-Medium,2,0.2540769075900946,0.5317540209829318,0.21416907142697356,89.406,83.405,WET,2.0,Q2
SAI,Ferrari,2024,United States Grand Prix,COTA,5337.916050454483,20.0,0.0037467805433727,0.32200000000000273,0.4145000000000003,0.003999999999990678,0.8660000000000068,0.05,0.0,0.05,0.07200000000000004,0.07200000000000004,0.0,36.4,38.0,0,2,0.4795449852514533,0.9065658256417235,0.37067324124127227,230.0,3.0,Permanent-Fast,3,0.27079825583905365,0.4000021586150326,0.3291995855459138,92.652,92.33,SOFT,2.0,Q3
SAI,McLaren,2019,Abu Dhabi Grand Prix,Yas Marina,5333.449274375974,21.0,0.0039374144047628,1.5290000000000106,1.4045000000000059,-0.051750000000005514,0.855000000000004,0.05,0.0,0.05,0.308,0.22799999999999998,0.0,28.6,66.0,0,1,0.4741120237924506,1.1814901132884046,0.59812193588988,10.0,2.0,Permanent-Medium,3,0.17770071022137313,0.4241496033558998,0.3981496864227271,96.308,94.779,SOFT,2.0,Q3
SAI,McLaren,2019,Australian Grand Prix,Albert Park,4843.53245567963,14.0,0.0028904523977295,2.597999999999999,1.4045000000000059,-0.051750000000005514,0.3340000000000032,0.05,0.0,0.05,0.13450000000000004,0.03200000000000003,0.0,38.4,70.5,1,1,-0.12177618446144439,-0.7429799002383637,-0.6510272976721347,31.0,2.0,Street-Medium,1,0.33176062779837273,0.2715203890038997,0.3967189831977276,83.084,80.486,SOFT,2.0,Q1
SAI,McLaren,2019,Austrian Grand Prix,Red Bull Ring,3999.68196710701,10.0,0.0025001987863632,1.4500000000000028,1.4045000000000059,-0.051750000000005514,0.8660000000000068,0.05,0.0,0.05,0.0,0.0,0.0,51.3,25.6,0,2,-1.148155635993153,-1.8426770508250885,-1.1166459125389459,700.0,2.0,Permanent-Fast,2,0.25162521527314474,0.4436411028191085,0.3047336819077467,64.453,63.003,SOFT,2.0,Q2
SAI,McLaren,2019,Azerbaijan Grand Prix,Baku City,4978.250124294395,20.0,0.0040174759203837,1.4410000000000025,1.4045000000000059,-0.051750000000005514,0.4475000000000051,0.05,0.0,0.05,0.17150000000000007,0.08400000000000006,0.0,35.8,67.5,1,2,0.042081570788943895,0.9065658256417235,0.6936447726344993,28.0,2.0,Street-Fast,3,0.351907078951499,0.40393972688745877,0.24415319416104223,101.936,100.495,SOFT,2.0,Q3
SAI,McLaren,2019,Bahrain Grand Prix,Bahrain International,5006.652008539475,15.0,0.0029960140977275,0.9470000000000027,1.4045000000000059,-0.051750000000005514,0.855000000000004,0.05,0.0,0.05,0.27799999999999997,0.244,0.0,27.8,56.8,0,1,0.07662692066868529,-0.4680556125916825,-0.5250797315138804,35.0,2.0,Permanent-Medium,3,0.31568576672334003,0.43250425050386765,0.25180998277279226,88.813,87.866,SOFT,2.0,Q3
SAI,McLaren,2019,Belgian Grand Prix,Spa-Francorchamps,6775.131165030146,19.0,0.0028043737511782,3.9879999999999995,1.4045000000000059,-0.051750000000005514,0.8660000000000068,0.1,0.0,0.1,0.0,0.0,0.0,41.4,36.4,0,2,2.227636715963657,0.6316415379950423,-0.7537292817396346,300.0,2.0,Permanent-Fast,1,0.29288215798022665,0.4351920531044908,0.2719257889152826,106.507,102.519,SOFT,3.0,Q1
SAI,McLaren,2019,British Grand Prix,Silverstone,5729.156782444218,18.0,0.003141823602237,1.1099999999999994,1.4045000000000059,-0.051750000000005514,0.8660000000000068,0.15000000000000002,0.0,0.15000000000000002,0.26299999999999996,0.17799999999999996,0.0,31.1,67.0,0,2,0.9554129895418016,0.3567172503483611,-0.3511117846537936,140.0,2.0,Permanent-Fast,3,0.3227265872417433,0.4055543310557637,0.2717190817024929,86.203,85.093,SOFT,4.0,Q3
SAI,McLaren,2019,Canadian Grand Prix,Gilles Villeneuve,3927.405044134453,14.0,0.0035646947138566,1.3320000000000078,1.4045000000000059,-0.051750000000005514,0.855000000000004,0.05,0.0,0.05,0.0,0.0,0.0,48.5,24.2,0,1,-1.2360664087705144,-0.7429799002383637,0.15342335743024896,22.0,2.0,Permanent-Medium,3,0.2773151511764377,0.3205722908399933,0.402112557983569,71.572,70.24,SOFT,2.0,Q3
SAI,McLaren,2019,Chinese Grand Prix,Shanghai International,5161.238099433068,16.0,0.0031000313668453,1.975999999999999,1.4045000000000059,-0.051750000000005514,0.8660000000000068,0.05,0.0,0.05,0.14400000000000007,0.14400000000000007,0.0,32.8,48.4,0,2,0.2646507345248319,-0.1931313249450013,-0.4009748536645922,5.0,3.0,Permanent-Fast,2,0.26150786437560813,0.29494348983672464,0.44354864578766723,93.523,91.547,SOFT,2.0,Q2
SAI,McLaren,2019,French Grand Prix,Paul Ricard,5247.8799638259,15.0,0.0028582970844219,1.203000000000003,1.4045000000000059,-0.051750000000005514,0.8660000000000068,0.05,0.0,0.05,0.0,0.0,0.0,52.4,43.2,0,2,0.37003365538516214,-0.4680556125916825,-0.6893923813172924,40.0,3.0,Permanent-Fast,3,0.24858693952324573,0.3089408190165546,0.44247224146019976,89.522,88.319,SOFT,2.0,Q3
SAI,McLaren,2019,German Grand Prix,Hockenheimring,4317.957322804004,17.0,0.0039370467860392,0.8650000000000091,1.4045000000000059,-0.051750000000005514,0.855000000000004,0.05,0.0,0.05,0.008500000000000014,0.0,0.0,43.8,51.7,0,1,-0.7610357736003405,0.0817929627016799,0.5976833233674174,100.0,2.0,Permanent-Medium,3,0.21557990968168297,0.48057330102434187,0.3038467892939751,72.632,71.767,SOFT,2.0,Q3
SAI,McLaren,2019,Hungarian Grand Prix,Hungaroring,4122.248439558155,14.0,0.0033962048152295,1.2800000000000011,1.4045000000000059,-0.051750000000005514,1.1620000000000061,0.05,0.0,0.05,0.0,0.0,0.0,40.1,48.4,0,0,-0.9990774397082004,-0.7429799002383637,-0.04760497628108983,150.0,1.0,Permanent-Slow,3,0.3596345514950166,0.3561277224067922,0.2842377260981912,75.852,74.572,SOFT,2.0,Q3
SAI,McLaren,2019,Italian Grand Prix,Monza,5261.551646812222,11.0,0.0020906380357711,0.894999999999996,1.4045000000000059,-0.051750000000005514,0.8660000000000068,0.05,0.0,0.05,0.049500000000000065,0.03400000000000006,0.0,38.3,53.1,0,2,0.38666258986472024,-1.5677527631784072,-1.6053002230701332,120.0,2.0,Permanent-Fast,3,0.3345178424478193,0.3340689758360141,0.3314131817161667,80.202,79.307,SOFT,2.0,Q3
SAI,McLaren,2019,Japanese Grand Prix,Suzuka,5650.500064177964,18.0,0.0031855587639248,1.240000000000009,1.4045000000000059,-0.051750000000005514,0.8660000000000068,0.05,0.0,0.05,0.08699999999999997,0.03599999999999994,0.0,38.2,60.2,0,2,0.8597424407340858,0.3567172503483611,-0.29893057527368244,50.0,2.0,Permanent-Fast,3,0.3475946729479978,0.4538073020474724,0.19859802500452978,88.304,87.064,SOFT,2.0,Q3
SAI,McLaren,2019,Mexican Grand Prix,Hermanos Rodriguez,4309.0,17.0,0.0039452309120445,1.2560000000000002,1.4045000000000059,-0.051750000000005514,0.855000000000004,0.05,0.0,0.05,0.11850000000000006,0.10400000000000006,0.0,34.8,52.9,0,1,-0.7719306088718323,0.0817929627016799,0.6074479515566137,2240.0,2.0,Permanent-Medium,3,0.35632909727155526,0.3822453758518168,0.261425526876628,76.014,74.758,SOFT,2.0,Q3
SAI,McLaren,2019,Monaco Grand Prix,Monaco,2982.89347053333,19.0,0.0063696542259026,1.2510000000000048,1.4045000000000059,-0.051750000000005514,0.26500000000000057,0.15000000000000002,0.0,0.15000000000000002,0.07100000000000002,0.0,0.0,41.1,64.2,1,0,-2.3848804273745277,0.6316415379950423,3.5000710878223424,10.0,1.0,Street-Slow,3,0.2614363526891356,0.472100480277805,0.2664631670330594,71.417,70.166,SOFT,4.0,Q3
SAI,McLaren,2019,Russian Grand Prix,Sochi Autodrom,5760.2985642132535,18.0,0.0031248380269432,1.593999999999994,1.4045000000000059,-0.051750000000005514,0.855000000000004,0.05,0.0,0.05,0.24650000000000002,0.20200000000000004,0.0,29.9,58.9,0,1,0.993290890099623,0.3567172503483611,-0.37137758056360215,5.0,2.0,Permanent-Medium,3,0.3662011113256527,0.3412821007916586,0.2925167878826886,93.222,91.628,SOFT,2.0,Q3
SAI,McLaren,2019,Singapore Grand Prix,Marina Bay,4956.5492831458605,23.0,0.0046403250903221,1.600999999999999,1.4045000000000059,-0.051750000000005514,0.26500000000000057,0.05,0.0,0.05,0.17699999999999996,0.12599999999999995,0.0,33.7,60.2,1,0,0.01568673220387009,1.731338688581767,1.436777339075894,10.0,1.0,Street-Slow,3,0.27372262773722633,0.3839477396798136,0.34232963258296023,97.818,96.217,SOFT,2.0,Q3
SAI,McLaren,2019,Spanish Grand Prix,Barcelona-Catalunya,4348.990357163425,16.0,0.003679014825509,2.192999999999998,1.4045000000000059,-0.051750000000005514,0.855000000000004,0.05,0.0,0.05,0.13199999999999995,0.09599999999999995,0.0,35.2,57.2,0,1,-0.7232901430454965,-0.1931313249450013,0.28982074233246696,110.0,1.0,Permanent-Medium,2,0.27938504362169614,0.37102282245905227,0.34959213391925154,77.599,75.406,SOFT,2.0,Q2
SAI,McLaren,2019,United States Grand Prix,COTA,5337.916050454483,20.0,0.0037467805433727,0.8179999999999978,1.4045000000000059,-0.051750000000005514,0.8660000000000068,0.05,0.0,0.05,0.28200000000000003,0.28200000000000003,0.0,25.9,24.7,0,2,0.4795449852514533,0.9065658256417235,0.37067324124127227,230.0,3.0,Permanent-Fast,3,0.2692386399129751,0.3996251898284274,0.3311361702585975,92.847,92.029,SOFT,2.0,Q3
SAI,McLaren,2020,70th Anniversary Grand Prix,Silverstone,5729.156782444218,18.0,0.003141823602237,1.929000000000002,1.295500000000004,0.030500000000003524,0.8660000000000068,0.45,0.4,0.05,0.023500000000000017,0.0020000000000000287,0.0,39.9,54.3,0,2,0.9554129895418016,0.3567172503483611,-0.3511117846537936,140.0,2.0,Permanent-Fast,2,0.3191093554425089,0.4068532319740937,0.2740374125833975,87.083,85.154,MEDIUM,2.0,Q2
SAI,McLaren,2020,Abu Dhabi Grand Prix,Yas Marina,5333.449274375974,21.0,0.0039374144047628,0.5690000000000026,1.295500000000004,0.030500000000003524,0.855000000000004,0.05,0.0,0.05,0.3125,0.25,0.0,27.5,62.5,0,1,0.4741120237924506,1.1814901132884046,0.59812193588988,10.0,2.0,Permanent-Medium,3,0.17872984397015082,0.4270416949329437,0.3942284610969055,95.815,95.246,SOFT,2.0,Q3
SAI,McLaren,2020,Austrian Grand Prix,Red Bull Ring,3999.68196710701,10.0,0.0025001987863632,1.0319999999999965,1.295500000000004,0.030500000000003524,0.8660000000000068,0.05,0.0,0.05,0.0,0.0,0.0,49.4,33.0,0,2,-1.148155635993153,-1.8426770508250885,-1.1166459125389459,700.0,2.0,Permanent-Fast,3,0.2534273342608369,0.4425911741257757,0.30398149161338733,63.971,62.939,SOFT,2.0,Q3
SAI,McLaren,2020,Bahrain Grand Prix,Bahrain International,5006.652008539475,15.0,0.0029960140977275,1.7109999999999985,1.295500000000004,0.030500000000003524,0.855000000000004,0.05,0.0,0.05,0.265,0.23600000000000002,0.0,28.2,55.8,0,1,0.07662692066868529,-0.4680556125916825,-0.5250797315138804,35.0,2.0,Permanent-Medium,2,0.31687552683338016,0.4310199494239956,0.2521045237426244,88.975,87.264,SOFT,2.0,Q2
SAI,McLaren,2020,Belgian Grand Prix,Spa-Francorchamps,6775.131165030146,19.0,0.0028043737511782,1.186000000000007,1.295500000000004,0.030500000000003524,0.8660000000000068,0.05,0.0,0.05,0.388,0.322,0.0,23.9,63.2,0,2,2.227636715963657,0.6316415379950423,-0.7537292817396346,300.0,2.0,Permanent-Fast,3,0.2946367558913684,0.4267752201331537,0.2785880239754778,102.438,101.252,SOFT,2.0,Q3
SAI,McLaren,2020,British Grand Prix,Silverstone,5729.156782444218,18.0,0.003141823602237,1.6620000000000061,1.295500000000004,0.030500000000003524,0.8660000000000068,0.05,0.0,0.05,0.021499999999999988,0.0,0.0,40.6,54.3,0,2,0.9554129895418016,0.3567172503483611,-0.3511117846537936,140.0,2.0,Permanent-Fast,3,0.3217937532716803,0.4040946896992962,0.27411155702902346,85.965,84.303,SOFT,2.0,Q3
SAI,McLaren,2020,Eifel Grand Prix,Hockenheimring,4317.957322804004,17.0,0.0039370467860392,1.0919999999999987,1.295500000000004,0.030500000000003524,0.855000000000004,0.05,0.0,0.05,0.512,0.47200000000000003,0.0,16.4,58.0,0,1,-0.7610357736003405,0.0817929627016799,0.5976833233674174,100.0,2.0,Permanent-Medium,3,0.326026794502148,0.41665798219103534,0.2573152233068168,86.361,85.269,SOFT,2.0,Q3
SAI,McLaren,2020,Emilia Romagna Grand Prix,Imola,4909.0,19.0,0.003870442045223,1.3020000000000067,1.295500000000004,0.030500000000003524,0.855000000000004,0.05,0.0,0.05,0.40650000000000003,0.318,0.0,24.1,67.7,0,1,-0.04214769204173995,0.6316415379950423,0.5182160070911476,37.0,1.0,Permanent-Medium,3,0.31860474429656527,0.3439548263939875,0.3374404293094472,74.911,73.609,SOFT,2.0,Q3
SAI,McLaren,2020,Hungarian Grand Prix,Hungaroring,4122.248439558155,14.0,0.0033962048152295,1.5799999999999983,1.295500000000004,0.030500000000003524,1.1620000000000061,0.05,0.0,0.05,0.3785,0.272,0.0,26.4,71.3,0,0,-0.9990774397082004,-0.7429799002383637,-0.04760497628108983,150.0,1.0,Permanent-Slow,3,0.3652818318738587,0.3495941461074013,0.28512402201873993,75.027,73.447,SOFT,2.0,Q3
SAI,McLaren,2020,Italian Grand Prix,Monza,5261.551646812222,11.0,0.0020906380357711,0.8079999999999927,1.295500000000004,0.030500000000003524,0.8660000000000068,0.05,0.0,0.05,0.0,0.0,0.0,44.6,41.2,0,2,0.38666258986472024,-1.5677527631784072,-1.6053002230701332,120.0,2.0,Permanent-Fast,3,0.3356044921262313,0.3351653177740134,0.32923019009975535,79.695,78.887,SOFT,2.0,Q3
SAI,McLaren,2020,Portuguese Grand Prix,Portimao,4653.0,15.0,0.0032237266279819,0.717000000000013,1.295500000000004,0.030500000000003524,0.855000000000004,0.15000000000000002,0.0,0.15000000000000002,0.08599999999999995,0.08599999999999995,0.0,35.7,49.0,0,1,-0.3535217365559127,-0.4680556125916825,-0.25339180900199537,90.0,1.0,Permanent-Medium,3,0.2890403327157535,0.3827138100358888,0.32824585724835786,77.183,76.466,SOFT,4.0,Q3
SAI,McLaren,2020,Russian Grand Prix,Sochi Autodrom,5760.2985642132535,18.0,0.0031248380269432,1.2459999999999951,1.295500000000004,0.030500000000003524,0.855000000000004,0.05,0.0,0.05,0.18650000000000003,0.166,0.0,31.7,54.1,0,1,0.993290890099623,0.3567172503483611,-0.37137758056360215,5.0,2.0,Permanent-Medium,3,0.3670664505672609,0.3424095083738519,0.2905240410588871,92.55,91.304,SOFT,2.0,Q3
SAI,McLaren,2020,Sakhir Grand Prix,Bahrain International,5006.652008539475,15.0,0.0029960140977275,0.4409999999999954,1.295500000000004,0.030500000000003524,0.855000000000004,0.05,0.0,0.05,0.397,0.26,0.0,27.0,77.4,0,1,0.07662692066868529,-0.4680556125916825,-0.5250797315138804,35.0,2.0,Permanent-Medium,3,0.3449775168159352,0.34815489241517705,0.30686759076888775,53.818,53.377,SOFT,2.0,Q3
SAI,McLaren,2020,Spanish Grand Prix,Barcelona-Catalunya,4348.990357163425,16.0,0.003679014825509,1.2920000000000016,1.295500000000004,0.030500000000003524,0.855000000000004,0.05,0.0,0.05,0.0125,0.0,0.0,48.8,52.5,0,1,-0.7232901430454965,-0.1931313249450013,0.28982074233246696,110.0,1.0,Permanent-Medium,3,0.27942400749258545,0.37123419532754043,0.34934179717987407,76.876,75.584,SOFT,2.0,Q3
SAI,McLaren,2020,Styrian Grand Prix,Red Bull Ring,3999.68196710701,10.0,0.0025001987863632,0.7650000000000006,1.295500000000004,0.030500000000003524,0.8660000000000068,2.95,2.5,0.45,4.1075,0.402,3.5,19.9,91.1,0,2,-1.148155635993153,-1.8426770508250885,-1.1166459125389459,700.0,2.0,Permanent-Fast,3,0.24382236925817533,0.4477159944013233,0.30846163634050133,78.59,77.825,WET,10.0,Q3
SAI,McLaren,2020,Turkish Grand Prix,Istanbul Park,5338.0,14.0,0.0026227051330086,7.644999999999996,1.295500000000004,0.030500000000003524,0.8660000000000068,2.7,2.5,0.2,0.724,0.526,0.0,13.7,89.6,0,2,0.47964709349177603,-0.7429799002383637,-0.9704813831763092,130.0,1.0,Permanent-Fast,2,0.37461225197123305,0.3527164023914739,0.27267134563729317,115.41,107.765,WET,5.0,Q2
SAI,McLaren,2020,Tuscan Grand Prix,Mugello,5245.0,15.0,0.0028598665395614,1.3780000000000001,1.295500000000004,0.030500000000003524,0.8660000000000068,0.05,0.0,0.05,0.0,0.0,0.0,44.9,40.7,0,2,0.36653074138311176,-0.4680556125916825,-0.6875198361136977,255.0,1.0,Permanent-Fast,3,0.3580930974098952,0.27444395075925876,0.367462951830846,76.522,75.144,SOFT,2.0,Q3
SAR,Williams,2023,Australian Grand Prix,Albert Park,4843.53245567963,14.0,0.0028904523977295,1.8250000000000028,1.7445000000000022,0.29300000000000637,1.7630000000000052,0.2,0.0,0.2,0.326,0.326,0.0,23.7,49.0,1,1,-0.12177618446144439,-0.7429799002383637,-0.6510272976721347,31.0,2.0,Street-Medium,1,0.3478875211629772,0.22343012080400218,0.4286823580330206,78.557,76.732,SOFT,5.0,Q1
SAR,Williams,2023,Austrian Grand Prix,Red Bull Ring,3999.68196710701,10.0,0.0025001987863632,1.556999999999988,1.7445000000000022,0.29300000000000637,2.022999999999996,0.05,0.0,0.05,0.015999999999999945,0.015999999999999945,0.0,39.2,41.0,0,2,-1.148155635993153,-1.8426770508250885,-1.1166459125389459,700.0,2.0,Permanent-Fast,1,0.24963607690907988,0.44554800752107715,0.3048159155698429,65.948,64.391,SOFT,2.0,Q1
SAR,Williams,2023,Azerbaijan Grand Prix,Baku City,4978.250124294395,20.0,0.0040174759203837,2.0390000000000015,1.7445000000000022,0.29300000000000637,2.0465000000000018,0.15000000000000002,0.0,0.15000000000000002,0.305,0.15,0.0,32.5,81.0,1,2,0.042081570788943895,0.9065658256417235,0.6936447726344993,28.0,2.0,Street-Fast,2,0.3509810058488683,0.40621271101895495,0.2428062831321766,102.242,100.203,SOFT,4.0,Q2
SAR,Williams,2023,Bahrain Grand Prix,Bahrain International,5006.652008539475,15.0,0.0029960140977275,1.9440000000000026,1.7445000000000022,0.29300000000000637,2.1260000000000048,0.05,0.0,0.05,0.22799999999999998,0.22799999999999998,0.0,28.6,16.0,0,1,0.07662692066868529,-0.4680556125916825,-0.5250797315138804,35.0,2.0,Permanent-Medium,1,0.3202548771439794,0.4292650460437306,0.25048007681228995,91.652,89.708,SOFT,2.0,Q1
SAR,Williams,2023,Belgian Grand Prix,Spa-Francorchamps,6775.131165030146,19.0,0.0028043737511782,15.36699999999999,1.7445000000000022,0.29300000000000637,2.022999999999996,1.7,1.5,0.2,0.512,0.322,0.0,23.9,88.0,0,2,2.227636715963657,0.6316415379950423,-0.7537292817396346,300.0,2.0,Permanent-Fast,1,0.2744559180482989,0.4630188834492122,0.262525198502489,121.535,106.168,INTERMEDIATE,5.0,Q1
SAR,Williams,2023,British Grand Prix,Silverstone,5729.156782444218,18.0,0.003141823602237,2.311000000000007,1.7445000000000022,0.29300000000000637,2.022999999999996,0.15000000000000002,0.0,0.15000000000000002,0.434,0.304,0.0,24.8,76.0,0,2,0.9554129895418016,0.3567172503483611,-0.3511117846537936,140.0,2.0,Permanent-Fast,2,0.3135649380552841,0.40535319158495353,0.2810818703597623,89.031,86.72,SOFT,4.0,Q2
SAR,Williams,2023,Canadian Grand Prix,Gilles Villeneuve,3927.405044134453,14.0,0.0035646947138566,4.612000000000009,1.7445000000000022,0.29300000000000637,2.1260000000000048,1.65,1.5,0.15000000000000002,0.6020000000000001,0.42200000000000004,0.0,18.9,86.0,0,1,-1.2360664087705144,-0.7429799002383637,0.15342335743024896,22.0,2.0,Permanent-Medium,1,0.29017123246577153,0.3222818195999376,0.3875469479342909,83.337,78.725,INTERMEDIATE,4.0,Q1
SAR,Williams,2023,Dutch Grand Prix,Zandvoort,4259.0,14.0,0.0032871566095327,6.181000000000012,1.7445000000000022,0.29300000000000637,2.1260000000000048,0.05,0.0,0.05,0.47000000000000003,0.33,0.0,23.5,78.0,0,1,-0.8327458519410066,-0.7429799002383637,-0.1777123552044761,2.0,2.0,Permanent-Medium,3,0.352882159795695,0.34492104028769477,0.3021967999166102,76.748,70.567,SOFT,2.0,Q3
SAR,Williams,2023,Hungarian Grand Prix,Hungaroring,4122.248439558155,14.0,0.0033962048152295,2.63900000000001,1.7445000000000022,0.29300000000000637,1.9775000000000063,0.8500000000000001,0.8,0.05,0.0,0.0,0.0,44.5,37.0,0,0,-0.9990774397082004,-0.7429799002383637,-0.04760497628108983,150.0,1.0,Permanent-Slow,1,0.3595169594185343,0.35510044417524733,0.2853825964062185,79.248,76.609,HARD,2.0,Q1
SAR,Williams,2023,Italian Grand Prix,Monza,5261.551646812222,11.0,0.0020906380357711,1.63600000000001,1.7445000000000022,0.29300000000000637,2.022999999999996,0.8500000000000001,0.8,0.05,0.02200000000000003,0.02200000000000003,0.0,38.9,41.0,0,2,0.38666258986472024,-1.5677527631784072,-1.6053002230701332,120.0,2.0,Permanent-Fast,2,0.3288172830465031,0.3389967045038447,0.3321860124496521,81.93,80.294,HARD,2.0,Q2
SAR,Williams,2023,Las Vegas Grand Prix,Las Vegas,6353.0,14.0,0.0022036832992287,0.7870000000000061,1.7445000000000022,0.29300000000000637,2.0465000000000018,0.1,0.0,0.1,0.521,0.466,0.0,16.7,61.0,1,2,1.7141965277960156,-0.7429799002383637,-1.4704238825178961,600.0,2.0,Street-Fast,3,0.28450589757573813,0.33263824281115995,0.3828558596131019,93.513,92.726,SOFT,3.0,Q3
SAR,Williams,2023,Miami Grand Prix,Miami,5412.0,19.0,0.003510716925351,1.7630000000000052,1.7445000000000022,0.29300000000000637,1.7630000000000052,0.15000000000000002,0.0,0.15000000000000002,0.05,0.0,0.0,41.8,60.0,1,1,0.5696536532341541,0.6316415379950423,0.08902148545382091,3.0,3.0,Street-Medium,1,0.33679171794032314,0.38112602594352935,0.28208225611614757,88.577,86.814,SOFT,4.0,Q1
SAR,Williams,2023,Monaco Grand Prix,Monaco,2982.89347053333,19.0,0.0063696542259026,1.7480000000000047,1.7445000000000022,0.29300000000000637,1.75,0.05,0.0,0.05,0.0,0.0,0.0,46.0,35.0,1,0,-2.3848804273745277,0.6316415379950423,3.5000710878223424,10.0,1.0,Street-Slow,1,0.26087015988948614,0.47347256985761765,0.2656572702528962,73.113,71.365,SOFT,2.0,Q1
SAR,Williams,2023,Qatar Grand Prix,Losail,5380.0,16.0,0.0029739776951672,2.431999999999988,1.7445000000000022,0.29300000000000637,2.1260000000000048,0.05,0.0,0.05,0.13099999999999995,0.10599999999999994,0.0,34.7,55.0,0,1,0.5307318976698825,-0.1931313249450013,-0.5513717604354108,20.0,2.0,Permanent-Medium,1,0.37038626609442066,0.33752464911263197,0.2920890847929475,86.21,83.778,SOFT,2.0,Q1
SAR,Williams,2023,Saudi Arabian Grand Prix,Jeddah,6174.0,27.0,0.0043731778425655,40.24499999999999,1.7445000000000022,0.29300000000000637,2.0465000000000018,0.1,0.0,0.1,0.15799999999999997,0.15799999999999997,0.0,32.1,49.0,1,2,1.4964779576083713,2.8310358391684916,1.1180391446222482,15.0,3.0,Street-Fast,1,0.3742043420745467,0.3546494436230644,0.27114621430238894,128.51,88.265,SOFT,3.0,Q1
SAR,Williams,2023,Singapore Grand Prix,Marina Bay,4956.5492831458605,23.0,0.0046403250903221,2.2680000000000007,1.7445000000000022,0.29300000000000637,1.75,0.05,0.0,0.05,0.23400000000000007,0.10400000000000006,0.0,34.8,76.0,1,0,0.01568673220387009,1.731338688581767,1.436777339075894,10.0,1.0,Street-Slow,1,0.2923583408398747,0.42383005190237205,0.2838116072577532,93.252,90.984,SOFT,2.0,Q1
SAR,Williams,2023,Spanish Grand Prix,Barcelona-Catalunya,4348.990357163425,16.0,0.003679014825509,2.4269999999999925,1.7445000000000022,0.29300000000000637,2.1260000000000048,0.05,0.0,0.05,0.43,0.31,0.0,24.5,74.0,0,1,-0.7232901430454965,-0.1931313249450013,0.28982074233246696,110.0,1.0,Permanent-Medium,1,0.29709902408332106,0.40440969758631307,0.2984912783303659,74.699,72.272,SOFT,2.0,Q1
SAR,Williams,2023,São Paulo Grand Prix,Interlagos,4309.0,15.0,0.0034810860988628,1.0139999999999958,1.7445000000000022,0.29300000000000637,2.1260000000000048,0.05,0.0,0.05,0.06200000000000003,0.03200000000000003,0.0,38.4,56.0,0,1,-0.7719306088718323,-0.4680556125916825,0.05366841251622112,800.0,2.0,Permanent-Medium,1,0.25994228197367497,0.5085661997606813,0.23149151826564368,71.035,70.021,SOFT,2.0,Q1
SAR,Williams,2023,United States Grand Prix,COTA,5337.916050454483,20.0,0.0037467805433727,2.103999999999999,1.7445000000000022,0.29300000000000637,2.022999999999996,0.05,0.0,0.05,0.0,0.0,0.0,42.1,12.0,0,2,0.4795449852514533,0.9065658256417235,0.37067324124127227,230.0,3.0,Permanent-Fast,1,0.268520144174662,0.4002499302880395,0.3312299255372985,96.827,94.723,SOFT,2.0,Q1
SAR,Williams,2024,Austrian Grand Prix,Red Bull Ring,3999.68196710701,10.0,0.0025001987863632,1.5420000000000016,1.341750000000001,0.23999999999999488,2.022999999999996,0.05,0.0,0.05,0.0,0.0,0.0,46.8,39.0,0,2,-1.148155635993153,-1.8426770508250885,-1.1166459125389459,700.0,2.0,Permanent-Fast,1,0.25047072400388726,0.44577563168124384,0.3037536443148688,65.856,64.314,SOFT,2.0,Q1
SAR,Williams,2024,Bahrain Grand Prix,Bahrain International,5006.652008539475,15.0,0.0029960140977275,1.6049999999999898,1.341750000000001,0.23999999999999488,2.1260000000000048,0.05,0.0,0.05,0.36600000000000005,0.36600000000000005,0.0,21.7,47.0,0,1,0.07662692066868529,-0.4680556125916825,-0.5250797315138804,35.0,2.0,Permanent-Medium,1,0.3193896661892696,0.43096838162388457,0.2496419521868459,90.77,89.165,SOFT,2.0,Q1
SAR,Williams,2024,Belgian Grand Prix,Spa-Francorchamps,6775.131165030146,19.0,0.0028043737511782,4.070999999999998,1.341750000000001,0.23999999999999488,2.022999999999996,1.55,1.5,0.05,0.573,0.358,0.0,22.1,93.0,0,2,2.227636715963657,0.6316415379950423,-0.7537292817396346,300.0,2.0,Permanent-Fast,1,0.2790497312974495,0.4582871278682931,0.26266314083425746,117.23,113.159,INTERMEDIATE,2.0,Q1
SAR,Williams,2024,British Grand Prix,Silverstone,5729.156782444218,18.0,0.003141823602237,1.3559999999999945,1.341750000000001,0.23999999999999488,2.022999999999996,0.1,0.0,0.1,0.524,0.40399999999999997,0.0,19.8,74.0,0,2,0.9554129895418016,0.3567172503483611,-0.3511117846537936,140.0,2.0,Permanent-Fast,2,0.32407226842558073,0.4029710352738744,0.2729566963005449,87.175,85.819,SOFT,3.0,Q2
SAR,Williams,2024,Canadian Grand Prix,Gilles Villeneuve,3927.405044134453,14.0,0.0035646947138566,0.9939999999999998,1.341750000000001,0.23999999999999488,2.1260000000000048,0.15000000000000002,0.0,0.15000000000000002,0.251,0.18600000000000003,0.0,30.7,63.0,0,1,-1.2360664087705144,-0.7429799002383637,0.15342335743024896,22.0,2.0,Permanent-Medium,2,0.2815524637043555,0.31607457105147385,0.40237296524417077,72.736,71.742,SOFT,4.0,Q2
SAR,Williams,2024,Chinese Grand Prix,Shanghai International,5161.238099433068,16.0,0.0031000313668453,2.6980000000000075,1.341750000000001,0.23999999999999488,2.022999999999996,0.05,0.0,0.05,0.13400000000000006,0.10400000000000006,0.0,34.8,56.0,0,2,0.2646507345248319,-0.1931313249450013,-0.4009748536645922,5.0,3.0,Permanent-Fast,1,0.2654891135141867,0.30164594532887773,0.4328649411569356,96.358,93.66,SOFT,2.0,Q1
SAR,Williams,2024,Hungarian Grand Prix,Hungaroring,4122.248439558155,14.0,0.0033962048152295,1.3160000000000025,1.341750000000001,0.23999999999999488,1.9775000000000063,0.05,0.0,0.05,0.22200000000000003,0.18200000000000002,0.0,30.9,58.0,0,0,-0.9990774397082004,-0.7429799002383637,-0.04760497628108983,150.0,1.0,Permanent-Slow,2,0.363939223704323,0.35346145303946797,0.2825993232562089,76.543,75.227,SOFT,2.0,Q2
SAR,Williams,2024,Japanese Grand Prix,Suzuka,5650.500064177964,18.0,0.0031855587639248,1.941999999999993,1.341750000000001,0.23999999999999488,2.022999999999996,0.05,0.0,0.05,0.29500000000000004,0.26,0.0,27.0,57.0,0,2,0.8597424407340858,0.3567172503483611,-0.29893057527368244,50.0,2.0,Permanent-Fast,1,0.35216720842254734,0.4497720187710092,0.19806077280644338,90.139,88.197,SOFT,2.0,Q1
SAR,Williams,2024,Miami Grand Prix,Miami,5412.0,19.0,0.003510716925351,1.2459999999999951,1.341750000000001,0.23999999999999488,1.7630000000000052,0.05,0.0,0.05,0.025,0.0,0.0,47.2,55.0,1,1,0.5696536532341541,0.6316415379950423,0.08902148545382091,3.0,3.0,Street-Medium,1,0.3359137500423791,0.38125374348774393,0.28283250646987695,88.487,87.241,SOFT,2.0,Q1
SAR,Williams,2024,Monaco Grand Prix,Monaco,2982.89347053333,19.0,0.0063696542259026,1.75,1.341750000000001,0.23999999999999488,1.75,0.2,0.0,0.2,0.045,0.0,0.0,44.8,59.0,1,0,-2.3848804273745277,0.6316415379950423,3.5000710878223424,10.0,1.0,Street-Slow,1,0.2610386003887809,0.47303526798111634,0.26592613163010276,72.02,70.27,SOFT,5.0,Q1
SAR,Williams,2024,Saudi Arabian Grand Prix,Jeddah,6174.0,27.0,0.0043731778425655,2.054000000000002,1.341750000000001,0.23999999999999488,2.0465000000000018,0.05,0.0,0.05,0.204,0.174,0.0,31.3,56.0,1,2,1.4964779576083713,2.8310358391684916,1.1180391446222482,15.0,3.0,Street-Fast,1,0.3651564908518196,0.3170363916627572,0.3178071174854233,89.526,87.472,SOFT,2.0,Q1
SAR,Williams,2024,Spanish Grand Prix,Barcelona-Catalunya,4348.990357163425,16.0,0.003679014825509,2.1260000000000048,1.341750000000001,0.23999999999999488,2.1260000000000048,0.05,0.0,0.05,0.15599999999999994,0.06599999999999995,0.0,36.7,68.0,0,1,-0.7232901430454965,-0.1931313249450013,0.28982074233246696,110.0,1.0,Permanent-Medium,1,0.29728332585125633,0.4000870641690133,0.3026296099797304,73.509,71.383,SOFT,2.0,Q1
STR,Aston Martin,2019,Abu Dhabi Grand Prix,Yas Marina,5333.449274375974,21.0,0.0039374144047628,2.323999999999998,2.288499999999992,0.23049999999999216,1.5764999999999958,0.05,0.0,0.05,0.308,0.22799999999999998,0.0,28.6,66.0,0,1,0.4741120237924506,1.1814901132884046,0.59812193588988,10.0,2.0,Permanent-Medium,2,0.17696672605377795,0.42448739997734364,0.3985458739688784,97.103,94.779,SOFT,2.0,Q2
STR,Aston Martin,2019,Australian Grand Prix,Albert Park,4843.53245567963,14.0,0.0028904523977295,2.5309999999999917,2.288499999999992,0.23049999999999216,1.0679999999999978,0.05,0.0,0.05,0.13450000000000004,0.03200000000000003,0.0,38.4,70.5,1,1,-0.12177618446144439,-0.7429799002383637,-0.6510272976721347,31.0,2.0,Street-Medium,1,0.3311972246648277,0.27241408386234145,0.39638869147283085,83.017,80.486,SOFT,2.0,Q1
STR,Aston Martin,2019,Austrian Grand Prix,Red Bull Ring,3999.68196710701,10.0,0.0025001987863632,1.8289999999999935,2.288499999999992,0.23049999999999216,1.8234999999999957,0.05,0.0,0.05,0.0,0.0,0.0,51.0,25.9,0,2,-1.148155635993153,-1.8426770508250885,-1.1166459125389459,700.0,2.0,Permanent-Fast,1,0.25138820335636725,0.4432070582428431,0.3054047384007898,64.832,63.003,SOFT,2.0,Q1
STR,Aston Martin,2019,Azerbaijan Grand Prix,Baku City,4978.250124294395,20.0,0.0040174759203837,2.134999999999991,2.288499999999992,0.23049999999999216,1.9310000000000045,0.15000000000000002,0.0,0.15000000000000002,0.16499999999999992,0.07599999999999994,0.0,36.2,67.8,1,2,0.042081570788943895,0.9065658256417235,0.6936447726344993,28.0,2.0,Street-Fast,1,0.3523726006041119,0.40401442073467797,0.24361297866121018,102.63,100.495,SOFT,4.0,Q1
STR,Aston Martin,2019,Bahrain Grand Prix,Bahrain International,5006.652008539475,15.0,0.0029960140977275,2.350999999999999,2.288499999999992,0.23049999999999216,1.5764999999999958,0.05,0.0,0.05,0.221,0.214,0.0,29.3,51.4,0,1,0.07662692066868529,-0.4680556125916825,-0.5250797315138804,35.0,2.0,Permanent-Medium,1,0.31673631355509496,0.43237970670716164,0.25088397973774346,90.217,87.866,SOFT,2.0,Q1
STR,Aston Martin,2019,Belgian Grand Prix,Spa-Francorchamps,6775.131165030146,19.0,0.0028043737511782,2.5279999999999916,2.288499999999992,0.23049999999999216,1.8234999999999957,0.05,0.0,0.05,0.0,0.0,0.0,41.4,35.2,0,2,2.227636715963657,0.6316415379950423,-0.7537292817396346,300.0,2.0,Permanent-Fast,2,0.2909840357173456,0.43516711567203253,0.2738488486106219,105.047,102.519,SOFT,2.0,Q2
STR,Aston Martin,2019,Brazilian Grand Prix,Interlagos,4309.0,15.0,0.0034810860988628,2.0330000000000013,2.288499999999992,0.23049999999999216,1.5764999999999958,0.05,0.0,0.05,0.18699999999999994,0.09599999999999995,0.0,35.2,68.2,0,1,-0.7719306088718323,-0.4680556125916825,0.05366841251622112,800.0,2.0,Permanent-Medium,1,0.25785204786010124,0.5089881500230097,0.2331598021168891,69.536,67.503,SOFT,2.0,Q1
STR,Aston Martin,2019,British Grand Prix,Silverstone,5729.156782444218,18.0,0.003141823602237,1.668999999999997,2.288499999999992,0.23049999999999216,1.8234999999999957,0.05,0.0,0.05,0.25649999999999995,0.17799999999999996,0.0,31.1,65.7,0,2,0.9554129895418016,0.3567172503483611,-0.3511117846537936,140.0,2.0,Permanent-Fast,1,0.3198289573776538,0.4062377538553745,0.2739332887669717,86.762,85.093,SOFT,2.0,Q1
STR,Aston Martin,2019,Canadian Grand Prix,Gilles Villeneuve,3927.405044134453,14.0,0.0035646947138566,2.0260000000000105,2.288499999999992,0.23049999999999216,1.5764999999999958,0.05,0.0,0.05,0.0,0.0,0.0,47.9,23.7,0,1,-1.2360664087705144,-0.7429799002383637,0.15342335743024896,22.0,2.0,Permanent-Medium,1,0.28045000415132976,0.31912656020811997,0.40042343564055016,72.266,70.24,SOFT,2.0,Q1
STR,Aston Martin,2019,Chinese Grand Prix,Shanghai International,5161.238099433068,16.0,0.0031000313668453,2.7450000000000045,2.288499999999992,0.23049999999999216,1.8234999999999957,0.05,0.0,0.05,0.11599999999999995,0.11599999999999995,0.0,34.2,47.7,0,2,0.2646507345248319,-0.1931313249450013,-0.4009748536645922,5.0,3.0,Permanent-Fast,1,0.2602341662071013,0.29841343910405976,0.4413523946888389,94.292,91.547,SOFT,2.0,Q1
STR,Aston Martin,2019,French Grand Prix,Paul Ricard,5247.8799638259,15.0,0.0028582970844219,3.4069999999999965,2.288499999999992,0.23049999999999216,1.8234999999999957,0.05,0.0,0.05,0.0,0.0,0.0,54.5,47.8,0,2,0.37003365538516214,-0.4680556125916825,-0.6893923813172924,40.0,3.0,Permanent-Fast,1,0.25253472297930796,0.30689226609685366,0.4405730109238384,91.726,88.319,SOFT,2.0,Q1
STR,Aston Martin,2019,German Grand Prix,Hockenheimring,4317.957322804004,17.0,0.0039370467860392,1.4890000000000043,2.288499999999992,0.23049999999999216,1.5764999999999958,0.05,0.0,0.05,0.01,0.0,0.0,43.2,52.0,0,1,-0.7610357736003405,0.0817929627016799,0.5976833233674174,100.0,2.0,Permanent-Medium,2,0.21521786611335592,0.47622037785300864,0.30856175603363545,73.256,71.767,SOFT,2.0,Q2
STR,Aston Martin,2019,Hungarian Grand Prix,Hungaroring,4122.248439558155,14.0,0.0033962048152295,2.969999999999999,2.288499999999992,0.23049999999999216,1.5045000000000073,0.05,0.0,0.05,0.01800000000000001,0.0,0.0,41.5,53.6,0,0,-0.9990774397082004,-0.7429799002383637,-0.04760497628108983,150.0,1.0,Permanent-Slow,1,0.35678728946893296,0.35752237497098344,0.28569033556008355,77.542,74.572,SOFT,2.0,Q1
STR,Aston Martin,2019,Italian Grand Prix,Monza,5261.551646812222,11.0,0.0020906380357711,1.1910000000000025,2.288499999999992,0.23049999999999216,1.8234999999999957,0.05,0.0,0.05,0.049500000000000065,0.03400000000000006,0.0,38.3,53.1,0,2,0.38666258986472024,-1.5677527631784072,-1.6053002230701332,120.0,2.0,Permanent-Fast,3,0.3320330939899128,0.3366170588089145,0.33134984720117266,80.498,79.307,SOFT,2.0,Q3
STR,Aston Martin,2019,Japanese Grand Prix,Suzuka,5650.500064177964,18.0,0.0031855587639248,2.281000000000006,2.288499999999992,0.23049999999999216,1.8234999999999957,0.05,0.0,0.05,0.11000000000000004,0.05200000000000003,0.0,37.4,61.6,0,2,0.8597424407340858,0.3567172503483611,-0.29893057527368244,50.0,2.0,Permanent-Fast,2,0.3498461021881471,0.4525379148245565,0.19761598298729643,89.345,87.064,SOFT,2.0,Q2
STR,Aston Martin,2019,Mexican Grand Prix,Hermanos Rodriguez,4309.0,17.0,0.0039452309120445,3.307000000000002,2.288499999999992,0.23049999999999216,1.5764999999999958,0.05,0.0,0.05,0.06349999999999995,0.025999999999999943,0.0,38.7,57.5,0,1,-0.7719306088718323,0.0817929627016799,0.6074479515566137,2240.0,2.0,Permanent-Medium,1,0.3492346121821559,0.38774098507653876,0.26302440274130534,78.065,74.758,SOFT,2.0,Q1
STR,Aston Martin,2019,Monaco Grand Prix,Monaco,2982.89347053333,19.0,0.0063696542259026,2.680000000000007,2.288499999999992,0.23049999999999216,2.3019999999999925,0.1,0.0,0.1,0.06649999999999999,0.0,0.0,42.1,63.3,1,0,-2.3848804273745277,0.6316415379950423,3.5000710878223424,10.0,1.0,Street-Slow,1,0.26384427422233203,0.4694698404854075,0.26668588529226034,72.846,70.166,SOFT,3.0,Q1
STR,Aston Martin,2019,Russian Grand Prix,Sochi Autodrom,5760.2985642132535,18.0,0.0031248380269432,2.605000000000004,2.288499999999992,0.23049999999999216,1.5764999999999958,0.05,0.0,0.05,0.24200000000000005,0.18600000000000003,0.0,30.7,61.2,0,1,0.993290890099623,0.3567172503483611,-0.37137758056360215,5.0,2.0,Permanent-Medium,2,0.36249509195292523,0.3432449354260185,0.29425997262105635,94.233,91.628,SOFT,2.0,Q2
STR,Aston Martin,2019,Singapore Grand Prix,Marina Bay,4956.5492831458605,23.0,0.0046403250903221,3.7620000000000005,2.288499999999992,0.23049999999999216,2.3019999999999925,0.05,0.0,0.05,0.16149999999999998,0.11,0.0,34.5,60.3,1,0,0.01568673220387009,1.731338688581767,1.436777339075894,10.0,1.0,Street-Slow,1,0.27235719501095235,0.38634113163764394,0.3413016733514038,99.979,96.217,SOFT,2.0,Q1
STR,Aston Martin,2019,Spanish Grand Prix,Barcelona-Catalunya,4348.990357163425,16.0,0.003679014825509,3.0649999999999977,2.288499999999992,0.23049999999999216,1.5764999999999958,0.05,0.0,0.05,0.20849999999999996,0.16399999999999998,0.0,31.8,58.9,0,1,-0.7232901430454965,-0.1931313249450013,0.28982074233246696,110.0,1.0,Permanent-Medium,1,0.2782556613271145,0.3695250474697659,0.3522192912031196,78.471,75.406,SOFT,2.0,Q1
STR,Aston Martin,2019,United States Grand Prix,COTA,5337.916050454483,20.0,0.0037467805433727,1.8920000000000101,2.288499999999992,0.23049999999999216,1.8234999999999957,0.05,0.0,0.05,0.272,0.272,0.0,26.4,25.1,0,2,0.4795449852514533,0.9065658256417235,0.37067324124127227,230.0,3.0,Permanent-Fast,2,0.2677675919123519,0.39881389678559637,0.3334185113020517,93.921,92.029,SOFT,2.0,Q2
STR,Aston Martin,2020,70th Anniversary Grand Prix,Silverstone,5729.156782444218,18.0,0.003141823602237,1.274000000000001,1.100999999999999,0.036999999999999034,1.8234999999999957,0.05,0.0,0.05,0.023500000000000017,0.0020000000000000287,0.0,39.9,54.3,0,2,0.9554129895418016,0.3567172503483611,-0.3511117846537936,140.0,2.0,Permanent-Fast,3,0.31887814134308323,0.4057481371777665,0.2753737214791503,86.428,85.154,SOFT,2.0,Q3
STR,Aston Martin,2020,Abu Dhabi Grand Prix,Yas Marina,5333.449274375974,21.0,0.0039374144047628,0.8000000000000114,1.100999999999999,0.036999999999999034,1.5764999999999958,0.05,0.0,0.05,0.315,0.254,0.0,27.3,62.2,0,1,0.4741120237924506,1.1814901132884046,0.59812193588988,10.0,2.0,Permanent-Medium,3,0.17888303521229412,0.42675384711492415,0.39436311767278187,96.046,95.246,SOFT,2.0,Q3
STR,Aston Martin,2020,Austrian Grand Prix,Red Bull Ring,3999.68196710701,10.0,0.0025001987863632,1.0159999999999982,1.100999999999999,0.036999999999999034,1.8234999999999957,0.05,0.0,0.05,0.0,0.0,0.0,48.4,35.2,0,2,-1.148155635993153,-1.8426770508250885,-1.1166459125389459,700.0,2.0,Permanent-Fast,3,0.2531467438042374,0.4421546399812368,0.3046986162145258,63.955,62.939,SOFT,2.0,Q3
STR,Aston Martin,2020,Bahrain Grand Prix,Bahrain International,5006.652008539475,15.0,0.0029960140977275,1.4150000000000063,1.100999999999999,0.036999999999999034,1.5764999999999958,0.05,0.0,0.05,0.268,0.238,0.0,28.1,56.0,0,1,0.07662692066868529,-0.4680556125916825,-0.5250797315138804,35.0,2.0,Permanent-Medium,2,0.3172566221991678,0.43055289301864025,0.25219048478219197,88.679,87.264,SOFT,2.0,Q2
STR,Aston Martin,2020,Belgian Grand Prix,Spa-Francorchamps,6775.131165030146,19.0,0.0028043737511782,1.2390000000000043,1.100999999999999,0.036999999999999034,1.8234999999999957,0.05,0.0,0.05,0.37,0.306,0.0,24.7,62.8,0,2,2.227636715963657,0.6316415379950423,-0.7537292817396346,300.0,2.0,Permanent-Fast,3,0.2938014069528056,0.42968650905933203,0.27651208398786237,102.491,101.252,SOFT,2.0,Q3
STR,Aston Martin,2020,British Grand Prix,Silverstone,5729.156782444218,18.0,0.003141823602237,1.5360000000000014,1.100999999999999,0.036999999999999034,1.8234999999999957,0.05,0.0,0.05,0.033499999999999974,0.01799999999999997,0.0,39.1,53.1,0,2,0.9554129895418016,0.3567172503483611,-0.3511117846537936,140.0,2.0,Permanent-Fast,3,0.3225922948776197,0.4027889420892602,0.27461876303312016,85.839,84.303,SOFT,2.0,Q3
STR,Aston Martin,2020,Emilia Romagna Grand Prix,Imola,4909.0,19.0,0.003870442045223,1.8850000000000051,1.100999999999999,0.036999999999999034,1.5764999999999958,0.05,0.0,0.05,0.3845,0.306,0.0,24.7,65.7,0,1,-0.04214769204173995,0.6316415379950423,0.5182160070911476,37.0,1.0,Permanent-Medium,2,0.3195883116539063,0.34495456592576895,0.33545712242032477,75.494,73.609,SOFT,2.0,Q2
STR,Aston Martin,2020,Hungarian Grand Prix,Hungaroring,4122.248439558155,14.0,0.0033962048152295,0.9299999999999926,1.100999999999999,0.036999999999999034,1.5045000000000073,0.05,0.0,0.05,0.38,0.28200000000000003,0.0,25.9,69.6,0,0,-0.9990774397082004,-0.7429799002383637,-0.04760497628108983,150.0,1.0,Permanent-Slow,3,0.3646154053000255,0.3509552684297565,0.28442932627021794,74.377,73.447,SOFT,2.0,Q3
STR,Aston Martin,2020,Italian Grand Prix,Monza,5261.551646812222,11.0,0.0020906380357711,1.0370000000000061,1.100999999999999,0.036999999999999034,1.8234999999999957,0.05,0.0,0.05,0.0,0.0,0.0,45.3,42.0,0,2,0.38666258986472024,-1.5677527631784072,-1.6053002230701332,120.0,2.0,Permanent-Fast,3,0.33606926580251234,0.33406736399579595,0.3298633702016916,79.924,78.887,SOFT,2.0,Q3
STR,Aston Martin,2020,Portuguese Grand Prix,Portimao,4653.0,15.0,0.0032237266279819,1.1600000000000108,1.100999999999999,0.036999999999999034,1.5764999999999958,0.05,0.0,0.05,0.09599999999999995,0.09599999999999995,0.0,35.2,49.8,0,1,-0.3535217365559127,-0.4680556125916825,-0.25339180900199537,90.0,1.0,Permanent-Medium,2,0.2915002705279159,0.38195965269368504,0.32654007677839897,77.626,76.466,SOFT,2.0,Q2
STR,Aston Martin,2020,Russian Grand Prix,Sochi Autodrom,5760.2985642132535,18.0,0.0031248380269432,2.0600000000000023,1.100999999999999,0.036999999999999034,1.5764999999999958,0.05,0.0,0.05,0.19199999999999995,0.15599999999999994,0.0,32.2,57.2,0,1,0.993290890099623,0.3567172503483611,-0.37137758056360215,5.0,2.0,Permanent-Medium,2,0.36277366008311557,0.34482241549205267,0.2924039244248319,93.364,91.304,SOFT,2.0,Q2
STR,Aston Martin,2020,Sakhir Grand Prix,Bahrain International,5006.652008539475,15.0,0.0029960140977275,0.46300000000000097,1.100999999999999,0.036999999999999034,1.5764999999999958,0.05,0.0,0.05,0.4045,0.266,0.0,26.7,77.7,0,1,0.07662692066868529,-0.4680556125916825,-0.5250797315138804,35.0,2.0,Permanent-Medium,3,0.3479011887072808,0.3492199108469539,0.3028789004457652,53.84,53.377,SOFT,2.0,Q3
STR,Aston Martin,2020,Spanish Grand Prix,Barcelona-Catalunya,4348.990357163425,16.0,0.003679014825509,1.0049999999999955,1.100999999999999,0.036999999999999034,1.5764999999999958,0.05,0.0,0.05,0.008999999999999985,0.0,0.0,49.0,51.8,0,1,-0.7232901430454965,-0.1931313249450013,0.28982074233246696,110.0,1.0,Permanent-Medium,3,0.2805494261578033,0.3707973729908995,0.3486532008512972,76.589,75.584,SOFT,2.0,Q3
STR,Aston Martin,2020,Styrian Grand Prix,Red Bull Ring,3999.68196710701,10.0,0.0025001987863632,1.8199999999999932,1.100999999999999,0.036999999999999034,1.8234999999999957,2.95,2.5,0.45,4.099,0.40399999999999997,3.5,19.8,89.0,0,2,-1.148155635993153,-1.8426770508250885,-1.1166459125389459,700.0,2.0,Permanent-Fast,2,0.2420616485655094,0.44626781342206034,0.3116705380124301,79.645,77.825,WET,10.0,Q2
STR,Aston Martin,2020,Turkish Grand Prix,Istanbul Park,5338.0,14.0,0.0026227051330086,0.0,1.100999999999999,0.036999999999999034,1.8234999999999957,1.6,1.5,0.1,0.7405,0.54,0.0,13.0,90.1,0,2,0.47964709349177603,-0.7429799002383637,-0.9704813831763092,130.0,1.0,Permanent-Fast,3,0.37788706908551006,0.3488516679812555,0.27326126293323433,107.765,107.765,INTERMEDIATE,3.0,Q3
STR,Aston Martin,2020,Tuscan Grand Prix,Mugello,5245.0,15.0,0.0028598665395614,1.1269999999999953,1.100999999999999,0.036999999999999034,1.8234999999999957,0.05,0.0,0.05,0.0,0.0,0.0,45.0,41.6,0,2,0.36653074138311176,-0.4680556125916825,-0.6875198361136977,255.0,1.0,Permanent-Fast,3,0.35938954517444377,0.2771957887008168,0.36341466612473944,76.271,75.144,SOFT,2.0,Q3
STR,Aston Martin,2021,Abu Dhabi Grand Prix,Yas Marina,5333.449274375974,21.0,0.0039374144047628,1.9520000000000124,1.4867499999999936,0.07150000000000034,1.5764999999999958,0.1,0.0,0.1,0.2415,0.214,0.0,29.3,55.5,0,1,0.4741120237924506,1.1814901132884046,0.59812193588988,10.0,2.0,Permanent-Medium,2,0.20612412414794018,0.42965227632314623,0.36422359952891353,84.061,82.109,SOFT,3.0,Q2
STR,Aston Martin,2021,Austrian Grand Prix,Red Bull Ring,3999.68196710701,10.0,0.0025001987863632,0.8269999999999982,1.4867499999999936,0.07150000000000034,1.8234999999999957,0.05,0.0,0.05,0.0,0.0,0.0,52.1,26.7,0,2,-1.148155635993153,-1.8426770508250885,-1.1166459125389459,700.0,2.0,Permanent-Fast,3,0.25445024555750073,0.4444978077989682,0.3010519466435311,64.547,63.72,SOFT,2.0,Q3
STR,Aston Martin,2021,Bahrain Grand Prix,Bahrain International,5006.652008539475,15.0,0.0029960140977275,1.6039999999999992,1.4867499999999936,0.07150000000000034,1.5764999999999958,0.05,0.0,0.05,0.14400000000000007,0.14400000000000007,0.0,32.8,44.1,0,1,0.07662692066868529,-0.4680556125916825,-0.5250797315138804,35.0,2.0,Permanent-Medium,3,0.31749097692078454,0.4306354234500723,0.2518735996291432,90.601,88.997,SOFT,2.0,Q3
STR,Aston Martin,2021,Belgian Grand Prix,Spa-Francorchamps,6775.131165030146,19.0,0.0028043737511782,2.205999999999989,1.4867499999999936,0.07150000000000034,1.8234999999999957,1.65,1.5,0.15000000000000002,0.641,0.436,0.0,18.2,91.0,0,2,2.227636715963657,0.6316415379950423,-0.7537292817396346,300.0,2.0,Permanent-Fast,2,0.28045098155306136,0.454051813822094,0.26549720462484455,118.231,116.025,INTERMEDIATE,4.0,Q2
STR,Aston Martin,2021,British Grand Prix,Silverstone,5729.156782444218,18.0,0.003141823602237,1.6420000000000101,1.4867499999999936,0.07150000000000034,1.8234999999999957,0.05,0.0,0.05,0.06350000000000001,0.04,0.0,38.0,54.7,0,2,0.9554129895418016,0.3567172503483611,-0.3511117846537936,140.0,2.0,Permanent-Fast,2,0.31521131580448297,0.4074602178748646,0.2773284663206525,87.665,86.023,SOFT,2.0,Q2
STR,Aston Martin,2021,Dutch Grand Prix,Zandvoort,4259.0,14.0,0.0032871566095327,1.4819999999999993,1.4867499999999936,0.07150000000000034,1.5764999999999958,0.05,0.0,0.05,0.16699999999999998,0.09599999999999995,0.0,35.2,64.2,0,1,-0.8327458519410066,-0.7429799002383637,-0.1777123552044761,2.0,2.0,Permanent-Medium,2,0.35039151875168756,0.3401736609490244,0.30943482029928804,70.367,68.885,SOFT,2.0,Q2
STR,Aston Martin,2021,Emilia Romagna Grand Prix,Imola,4909.0,19.0,0.003870442045223,0.7270000000000039,1.4867499999999936,0.07150000000000034,1.5764999999999958,0.05,0.0,0.05,0.24600000000000002,0.24600000000000002,0.0,27.7,35.6,0,1,-0.04214769204173995,0.6316415379950423,0.5182160070911476,37.0,1.0,Permanent-Medium,3,0.3191727221911682,0.34559077963214346,0.3352364981766882,75.138,74.411,SOFT,2.0,Q3
STR,Aston Martin,2021,French Grand Prix,Paul Ricard,5247.8799638259,15.0,0.0028582970844219,42.59400000000001,1.4867499999999936,0.07150000000000034,1.8234999999999957,0.1,0.0,0.1,0.0,0.0,0.0,44.5,41.7,0,2,0.37003365538516214,-0.4680556125916825,-0.6893923813172924,40.0,3.0,Permanent-Fast,1,0.17681620708381102,0.27274784287696857,0.5504359500392204,132.584,89.99,SOFT,3.0,Q1
STR,Aston Martin,2021,Hungarian Grand Prix,Hungaroring,4122.248439558155,14.0,0.0033962048152295,1.4740000000000038,1.4867499999999936,0.07150000000000034,1.5045000000000073,0.05,0.0,0.05,0.0,0.0,0.0,59.9,45.0,0,0,-0.9990774397082004,-0.7429799002383637,-0.04760497628108983,150.0,1.0,Permanent-Slow,2,0.361255250803064,0.3567294812271598,0.28201526796977616,76.893,75.419,SOFT,2.0,Q2
STR,Aston Martin,2021,Italian Grand Prix,Monza,5261.551646812222,11.0,0.0020906380357711,1.4649999999999892,1.4867499999999936,0.07150000000000034,1.8234999999999957,0.05,0.0,0.05,0.17600000000000002,0.17600000000000002,0.0,31.2,42.7,0,2,0.38666258986472024,-1.5677527631784072,-1.6053002230701332,120.0,2.0,Permanent-Fast,2,0.3333744754381634,0.33464576647741295,0.33197975808442354,81.02,79.555,SOFT,2.0,Q2
STR,Aston Martin,2021,Mexico City Grand Prix,Hermanos Rodriguez,4309.0,17.0,0.0039452309120445,4.998000000000005,1.4867499999999936,0.07150000000000034,1.5764999999999958,0.05,0.0,0.05,0.0,0.0,0.0,44.6,21.2,0,1,-0.7719306088718323,0.0817929627016799,0.6074479515566137,2240.0,2.0,Permanent-Medium,1,0.3442063482249948,0.3742410940610587,0.2815525577139466,80.873,75.875,SOFT,2.0,Q1
STR,Aston Martin,2021,Monaco Grand Prix,Monaco,2982.89347053333,19.0,0.0063696542259026,1.2539999999999907,1.4867499999999936,0.07150000000000034,2.3019999999999925,0.15000000000000002,0.0,0.15000000000000002,0.25650000000000006,0.13400000000000006,0.0,33.3,74.5,1,0,-2.3848804273745277,0.6316415379950423,3.5000710878223424,10.0,1.0,Street-Slow,2,0.2635614525139665,0.47185754189944135,0.2645810055865922,71.6,70.346,SOFT,4.0,Q2
STR,Aston Martin,2021,Portuguese Grand Prix,Portimao,4653.0,15.0,0.0032237266279819,1.9449999999999932,1.4867499999999936,0.07150000000000034,1.5764999999999958,0.15000000000000002,0.0,0.15000000000000002,0.024000000000000056,0.024000000000000056,0.0,38.8,42.6,0,1,-0.3535217365559127,-0.4680556125916825,-0.25339180900199537,90.0,1.0,Permanent-Medium,1,0.28992779647867056,0.38236582283233017,0.32770638068899927,79.913,77.968,SOFT,4.0,Q1
STR,Aston Martin,2021,Qatar Grand Prix,Losail,5380.0,16.0,0.0029739776951672,1.6329999999999956,1.4867499999999936,0.07150000000000034,1.5764999999999958,0.05,0.0,0.05,0.30900000000000005,0.22200000000000003,0.0,28.9,67.4,0,1,0.5307318976698825,-0.1931313249450013,-0.5513717604354108,20.0,2.0,Permanent-Medium,2,0.32786805723987394,0.3338467135580888,0.33828522920203735,82.46,80.827,SOFT,2.0,Q2
STR,Aston Martin,2021,Russian Grand Prix,Sochi Autodrom,5760.2985642132535,18.0,0.0031248380269432,2.963000000000008,1.4867499999999936,0.07150000000000034,1.5764999999999958,0.1,0.0,0.1,0.6255000000000001,0.47600000000000003,0.0,16.2,79.9,0,1,0.993290890099623,0.3567172503483611,-0.37137758056360215,5.0,2.0,Permanent-Medium,3,0.35501543503944516,0.3373794733030984,0.3076050916574565,104.956,101.993,SOFT,3.0,Q3
STR,Aston Martin,2021,Saudi Arabian Grand Prix,Jeddah,6174.0,27.0,0.0043731778425655,1.8569999999999993,1.4867499999999936,0.07150000000000034,1.9310000000000045,0.05,0.0,0.05,0.288,0.184,0.0,30.8,70.8,1,2,1.4964779576083713,2.8310358391684916,1.1180391446222482,15.0,3.0,Street-Fast,1,0.3632955867872169,0.32152448303643366,0.3151799301763495,89.368,87.511,SOFT,2.0,Q1
STR,Aston Martin,2021,Spanish Grand Prix,Barcelona-Catalunya,4348.990357163425,16.0,0.003679014825509,1.233000000000004,1.4867499999999936,0.07150000000000034,1.5764999999999958,0.05,0.0,0.05,0.0,0.0,0.0,43.7,47.9,0,1,-0.7232901430454965,-0.1931313249450013,0.28982074233246696,110.0,1.0,Permanent-Medium,2,0.2811834714135481,0.3729576525508503,0.3458588760356016,77.974,76.741,SOFT,2.0,Q2
STR,Aston Martin,2021,Styrian Grand Prix,Red Bull Ring,3999.68196710701,10.0,0.0025001987863632,0.8219999999999956,1.4867499999999936,0.07150000000000034,1.8234999999999957,0.05,0.0,0.05,0.0,0.0,0.0,53.9,28.8,0,2,-1.148155635993153,-1.8426770508250885,-1.1166459125389459,700.0,2.0,Permanent-Fast,3,0.25210707823639483,0.4440561062740671,0.30383681548953806,64.663,63.841,SOFT,2.0,Q3
STR,Aston Martin,2021,São Paulo Grand Prix,Interlagos,4309.0,15.0,0.0034810860988628,1.7289999999999992,1.4867499999999936,0.07150000000000034,1.5764999999999958,0.05,0.0,0.05,0.4545,0.3,0.0,25.0,80.9,0,1,-0.7719306088718323,-0.4680556125916825,0.05366841251622112,800.0,2.0,Permanent-Medium,1,0.259463416734852,0.5066103957624564,0.23392618750269148,69.663,67.934,SOFT,2.0,Q1
STR,Aston Martin,2021,Turkish Grand Prix,Istanbul Park,5338.0,14.0,0.0026227051330086,1.4370000000000118,1.4867499999999936,0.07150000000000034,1.8234999999999957,0.05,0.0,0.05,0.487,0.324,0.0,23.8,82.6,0,2,0.47964709349177603,-0.7429799002383637,-0.9704813831763092,130.0,1.0,Permanent-Fast,3,0.37284858549314986,0.3516991874740525,0.2754522270327976,84.305,82.868,SOFT,2.0,Q3
STR,Aston Martin,2021,United States Grand Prix,COTA,5337.916050454483,20.0,0.0037467805433727,3.0730000000000075,1.4867499999999936,0.07150000000000034,1.8234999999999957,0.05,0.0,0.05,0.07249999999999997,0.04799999999999997,0.0,37.6,54.9,0,2,0.4795449852514533,0.9065658256417235,0.37067324124127227,230.0,3.0,Permanent-Fast,1,0.2699227988289593,0.400946000854318,0.32913120031672277,95.983,92.91,SOFT,2.0,Q1
STR,Aston Martin,2022,Abu Dhabi Grand Prix,Yas Marina,5333.449274375974,21.0,0.0039374144047628,1.5349999999999966,2.272999999999996,0.08150000000000546,1.5764999999999958,0.05,0.0,0.05,0.243,0.13799999999999998,0.0,33.1,71.0,0,1,0.4741120237924506,1.1814901132884046,0.59812193588988,10.0,2.0,Permanent-Medium,2,0.2048524467250085,0.4302885460232664,0.364859007251725,85.359,83.824,SOFT,2.0,Q2
STR,Aston Martin,2022,Austrian Grand Prix,Red Bull Ring,3999.68196710701,10.0,0.0025001987863632,1.8629999999999995,2.272999999999996,0.08150000000000546,1.8234999999999957,0.2,0.0,0.2,0.06,0.06,0.0,37.0,33.0,0,2,-1.148155635993153,-1.8426770508250885,-1.1166459125389459,700.0,2.0,Permanent-Fast,1,0.2551348602031505,0.4419046479273565,0.30296049186949303,66.847,64.984,SOFT,5.0,Q1
STR,Aston Martin,2022,Azerbaijan Grand Prix,Baku City,4978.250124294395,20.0,0.0040174759203837,4.0120000000000005,2.272999999999996,0.08150000000000546,1.9310000000000045,0.05,0.0,0.05,0.15299999999999997,0.057999999999999975,0.0,37.1,69.0,1,2,0.042081570788943895,0.9065658256417235,0.6936447726344993,28.0,2.0,Street-Fast,1,0.3542910288409524,0.4054056618993841,0.24030330925966348,105.371,101.359,SOFT,2.0,Q1
STR,Aston Martin,2022,Bahrain Grand Prix,Bahrain International,5006.652008539475,15.0,0.0029960140977275,2.4739999999999895,2.272999999999996,0.08150000000000546,1.5764999999999958,0.05,0.0,0.05,0.31799999999999995,0.288,0.0,25.6,56.0,0,1,0.07662692066868529,-0.4680556125916825,-0.5250797315138804,35.0,2.0,Permanent-Medium,1,0.3214592828274142,0.4282827414223063,0.25025797575027947,93.032,90.558,SOFT,2.0,Q1
STR,Aston Martin,2022,Belgian Grand Prix,Spa-Francorchamps,6775.131165030146,19.0,0.0028043737511782,2.590999999999994,2.272999999999996,0.08150000000000546,1.8234999999999957,0.05,0.0,0.05,0.5650000000000001,0.39,0.0,20.5,85.0,0,2,2.227636715963657,0.6316415379950423,-0.7537292817396346,300.0,2.0,Permanent-Fast,2,0.29533391055563923,0.42792877578677907,0.2767373136575817,106.256,103.665,SOFT,2.0,Q2
STR,Aston Martin,2022,British Grand Prix,Silverstone,5729.156782444218,18.0,0.003141823602237,4.301000000000002,2.272999999999996,0.08150000000000546,1.8234999999999957,1.55,1.5,0.05,0.5800000000000001,0.39,0.0,20.5,88.0,0,2,0.9554129895418016,0.3567172503483611,-0.3511117846537936,140.0,2.0,Permanent-Fast,1,0.3162332011988785,0.4082374552837668,0.27552934351735475,103.43,99.129,INTERMEDIATE,2.0,Q1
STR,Aston Martin,2022,Canadian Grand Prix,Gilles Villeneuve,3927.405044134453,14.0,0.0035646947138566,14.23299999999999,2.272999999999996,0.08150000000000546,1.5764999999999958,2.6,2.5,0.1,4.104,0.434,3.5,18.3,84.0,0,1,-1.2360664087705144,-0.7429799002383637,0.15342335743024896,22.0,2.0,Permanent-Medium,1,0.291347401917682,0.3242578403048193,0.3843947577774986,95.532,81.299,WET,3.0,Q1
STR,Aston Martin,2022,Dutch Grand Prix,Zandvoort,4259.0,14.0,0.0032871566095327,1.073999999999998,2.272999999999996,0.08150000000000546,1.5764999999999958,0.05,0.0,0.05,0.015999999999999945,0.015999999999999945,0.0,39.2,30.0,0,1,-0.8327458519410066,-0.7429799002383637,-0.1777123552044761,2.0,2.0,Permanent-Medium,3,0.3405539374929988,0.3535202195586423,0.3059258429483589,71.416,70.342,SOFT,2.0,Q3
STR,Aston Martin,2022,Emilia Romagna Grand Prix,Imola,4909.0,19.0,0.003870442045223,1.5489999999999924,2.272999999999996,0.08150000000000546,1.5764999999999958,0.05,0.0,0.05,0.676,0.506,0.0,14.7,84.0,0,1,-0.04214769204173995,0.6316415379950423,0.5182160070911476,37.0,1.0,Permanent-Medium,2,0.3225585621468223,0.33851534689203655,0.3389260909611411,80.342,78.793,SOFT,2.0,Q2
STR,Aston Martin,2022,French Grand Prix,Paul Ricard,5247.8799638259,15.0,0.0028582970844219,2.566999999999993,2.272999999999996,0.08150000000000546,1.8234999999999957,0.05,0.0,0.05,0.0,0.0,0.0,54.8,45.0,0,2,0.37003365538516214,-0.4680556125916825,-0.6893923813172924,40.0,3.0,Permanent-Fast,1,0.24896456511734932,0.30623187320069784,0.44480356168195295,93.439,90.872,SOFT,2.0,Q1
STR,Aston Martin,2022,Hungarian Grand Prix,Hungaroring,4122.248439558155,14.0,0.0033962048152295,1.7600000000000051,2.272999999999996,0.08150000000000546,1.5045000000000073,0.05,0.0,0.05,0.311,0.20600000000000002,0.0,29.7,71.0,0,0,-0.9990774397082004,-0.7429799002383637,-0.04760497628108983,150.0,1.0,Permanent-Slow,2,0.36050140894903776,0.35840378078522056,0.2810948102657417,79.137,77.377,SOFT,2.0,Q2
STR,Aston Martin,2022,Italian Grand Prix,Monza,5261.551646812222,11.0,0.0020906380357711,2.5870000000000033,2.272999999999996,0.08150000000000546,1.8234999999999957,0.05,0.0,0.05,0.0,0.0,0.0,41.1,35.0,0,2,0.38666258986472024,-1.5677527631784072,-1.6053002230701332,120.0,2.0,Permanent-Fast,1,0.32932518006477496,0.3378812780973558,0.3327935418378692,82.748,80.161,SOFT,2.0,Q1
STR,Aston Martin,2022,Japanese Grand Prix,Suzuka,5650.500064177964,18.0,0.0031855587639248,2.114999999999995,2.272999999999996,0.08150000000000546,1.8234999999999957,0.05,0.0,0.05,0.30100000000000005,0.266,0.0,26.7,57.0,0,2,0.8597424407340858,0.3567172503483611,-0.29893057527368244,50.0,2.0,Permanent-Fast,1,0.34735667640206086,0.4528817860619784,0.19976153753596082,91.419,89.304,SOFT,2.0,Q1
STR,Aston Martin,2022,Mexico City Grand Prix,Hermanos Rodriguez,4309.0,17.0,0.0039452309120445,2.7449999999999903,2.272999999999996,0.08150000000000546,1.5764999999999958,0.1,0.0,0.1,0.0,0.0,0.0,49.4,36.0,0,1,-0.7719306088718323,0.0817929627016799,0.6074479515566137,2240.0,2.0,Permanent-Medium,1,0.35144063586686536,0.3873447590660706,0.2612146050670641,80.52,77.775,SOFT,3.0,Q1
STR,Aston Martin,2022,Miami Grand Prix,Miami,5412.0,19.0,0.003510716925351,1.1999999999999886,2.272999999999996,0.08150000000000546,1.0679999999999978,0.05,0.0,0.05,0.0,0.0,0.0,50.3,39.0,1,1,0.5696536532341541,0.6316415379950423,0.08902148545382091,3.0,3.0,Street-Medium,3,0.3345926485621583,0.38176141161829413,0.28364593981954755,89.996,88.796,SOFT,2.0,Q3
STR,Aston Martin,2022,Monaco Grand Prix,Monaco,2982.89347053333,19.0,0.0063696542259026,2.3019999999999925,2.272999999999996,0.08150000000000546,2.3019999999999925,0.05,0.0,0.05,0.0,0.0,0.0,46.7,45.0,1,0,-2.3848804273745277,0.6316415379950423,3.5000710878223424,10.0,1.0,Street-Slow,1,0.26618529276038977,0.4692174054670322,0.264597301772578,73.678,71.376,SOFT,2.0,Q1
STR,Aston Martin,2022,Saudi Arabian Grand Prix,Jeddah,6174.0,27.0,0.0043731778425655,2.0559999999999974,2.272999999999996,0.08150000000000546,1.9310000000000045,0.05,0.0,0.05,0.31500000000000006,0.28,0.0,26.0,57.0,1,2,1.4964779576083713,2.8310358391684916,1.1180391446222482,15.0,3.0,Street-Fast,2,0.36615848253855704,0.320023045559298,0.313818471902145,90.256,88.2,SOFT,2.0,Q2
STR,Aston Martin,2022,Singapore Grand Prix,Marina Bay,4956.5492831458605,23.0,0.0046403250903221,4.798999999999992,2.272999999999996,0.08150000000000546,2.3019999999999925,1.55,1.5,0.05,0.41500000000000004,0.25,0.0,27.5,83.0,1,0,0.01568673220387009,1.731338688581767,1.436777339075894,10.0,1.0,Street-Slow,2,0.26549106478360224,0.3875983924490635,0.34691054276733413,114.211,109.412,INTERMEDIATE,2.0,Q2
STR,Aston Martin,2022,Spanish Grand Prix,Barcelona-Catalunya,4348.990357163425,16.0,0.003679014825509,2.6680000000000064,2.272999999999996,0.08150000000000546,1.5764999999999958,0.05,0.0,0.05,0.0,0.0,0.0,47.8,18.0,0,1,-0.7232901430454965,-0.1931313249450013,0.28982074233246696,110.0,1.0,Permanent-Medium,1,0.2777150015966985,0.37350463042570436,0.34878036797759704,81.418,78.75,SOFT,2.0,Q1
STR,Aston Martin,2022,São Paulo Grand Prix,Interlagos,4309.0,15.0,0.0034810860988628,1.3289999999999935,2.272999999999996,0.08150000000000546,1.5764999999999958,0.15000000000000002,0.0,0.15000000000000002,0.474,0.254,0.0,27.3,94.0,0,1,-0.7719306088718323,-0.4680556125916825,0.05366841251622112,800.0,2.0,Permanent-Medium,2,0.25497853482897104,0.5066472787702534,0.2383741864007755,72.21,70.881,SOFT,4.0,Q2
STR,Aston Martin,2022,United States Grand Prix,COTA,5337.916050454483,20.0,0.0037467805433727,1.2420000000000044,2.272999999999996,0.08150000000000546,1.8234999999999957,0.05,0.0,0.05,0.12200000000000003,0.12200000000000003,0.0,33.9,37.0,0,2,0.4795449852514533,0.9065658256417235,0.37067324124127227,230.0,3.0,Permanent-Fast,3,0.2703717650996883,0.4025293416180255,0.32709889328228625,95.598,94.356,SOFT,2.0,Q3
STR,Aston Martin,2023,Abu Dhabi Grand Prix,Yas Marina,5333.449274375974,21.0,0.0039374144047628,0.960000000000008,1.1812499999999986,0.3399999999999892,1.5764999999999958,0.05,0.0,0.05,0.23400000000000004,0.15400000000000005,0.0,32.3,66.0,0,1,0.4741120237924506,1.1814901132884046,0.59812193588988,10.0,2.0,Permanent-Medium,2,0.20356613944671523,0.42979681298501277,0.36663704756827203,84.405,83.445,SOFT,2.0,Q2
STR,Aston Martin,2023,Australian Grand Prix,Albert Park,4843.53245567963,14.0,0.0028904523977295,0.5760000000000076,1.1812499999999986,0.3399999999999892,1.0679999999999978,0.2,0.0,0.2,0.36000000000000004,0.35000000000000003,0.0,22.5,52.0,1,1,-0.12177618446144439,-0.7429799002383637,-0.6510272976721347,31.0,2.0,Street-Medium,3,0.3472603094117039,0.22767372070160916,0.42506596988668705,77.308,76.732,SOFT,5.0,Q3
STR,Aston Martin,2023,Austrian Grand Prix,Red Bull Ring,3999.68196710701,10.0,0.0025001987863632,0.5019999999999953,1.1812499999999986,0.3399999999999892,1.8234999999999957,0.05,0.0,0.05,0.06200000000000003,0.06200000000000003,0.0,36.9,46.0,0,2,-1.148155635993153,-1.8426770508250885,-1.1166459125389459,700.0,2.0,Permanent-Fast,3,0.2525387946311621,0.44641178555468236,0.3010494198141556,64.893,64.391,SOFT,2.0,Q3
STR,Aston Martin,2023,Azerbaijan Grand Prix,Baku City,4978.250124294395,20.0,0.0040174759203837,1.3729999999999905,1.1812499999999986,0.3399999999999892,1.9310000000000045,0.25,0.0,0.25,0.35,0.19,0.0,30.5,82.0,1,2,0.042081570788943895,0.9065658256417235,0.6936447726344993,28.0,2.0,Street-Fast,3,0.35281956367645906,0.40195518626447196,0.2452252500590691,101.576,100.203,SOFT,6.0,Q3
STR,Aston Martin,2023,Bahrain Grand Prix,Bahrain International,5006.652008539475,15.0,0.0029960140977275,1.1280000000000001,1.1812499999999986,0.3399999999999892,1.5764999999999958,0.05,0.0,0.05,0.264,0.264,0.0,26.8,33.0,0,1,0.07662692066868529,-0.4680556125916825,-0.5250797315138804,35.0,2.0,Permanent-Medium,3,0.3196199744594654,0.4301158131137434,0.2502642124267911,90.836,89.708,SOFT,2.0,Q3
STR,Aston Martin,2023,Belgian Grand Prix,Spa-Francorchamps,6775.131165030146,19.0,0.0028043737511782,2.6729999999999876,1.1812499999999986,0.3399999999999892,1.8234999999999957,0.05,0.0,0.05,0.511,0.336,0.0,23.2,85.0,0,2,2.227636715963657,0.6316415379950423,-0.7537292817396346,300.0,2.0,Permanent-Fast,3,0.29090140663904224,0.4352128333991786,0.27388575996177905,108.841,106.168,SOFT,2.0,Q3
STR,Aston Martin,2023,British Grand Prix,Silverstone,5729.156782444218,18.0,0.003141823602237,2.2150000000000034,1.1812499999999986,0.3399999999999892,1.8234999999999957,0.15000000000000002,0.0,0.15000000000000002,0.444,0.304,0.0,24.8,78.0,0,2,0.9554129895418016,0.3567172503483611,-0.3511117846537936,140.0,2.0,Permanent-Fast,2,0.3156237701692247,0.40297970427840557,0.2813965255523697,88.935,86.72,SOFT,4.0,Q2
STR,Aston Martin,2023,Canadian Grand Prix,Gilles Villeneuve,3927.405044134453,14.0,0.0035646947138566,2.7590000000000003,1.1812499999999986,0.3399999999999892,1.5764999999999958,1.95,1.5,0.45,0.605,0.43,0.0,18.5,85.0,0,1,-1.2360664087705144,-0.7429799002383637,0.15342335743024896,22.0,2.0,Permanent-Medium,2,0.28350350989151246,0.3197314810269501,0.3967650090815375,81.484,78.725,INTERMEDIATE,10.0,Q2
STR,Aston Martin,2023,Dutch Grand Prix,Zandvoort,4259.0,14.0,0.0032871566095327,9.554000000000002,1.1812499999999986,0.3399999999999892,1.5764999999999958,1.6,1.5,0.1,0.493,0.33799999999999997,0.0,23.1,81.0,0,1,-0.8327458519410066,-0.7429799002383637,-0.1777123552044761,2.0,2.0,Permanent-Medium,2,0.34645099287327913,0.34205763782279297,0.3114913693039278,80.121,70.567,INTERMEDIATE,3.0,Q2
STR,Aston Martin,2023,Hungarian Grand Prix,Hungaroring,4122.248439558155,14.0,0.0033962048152295,1.5350000000000108,1.1812499999999986,0.3399999999999892,1.5045000000000073,0.45,0.4,0.05,0.0,0.0,0.0,43.0,35.0,0,0,-0.9990774397082004,-0.7429799002383637,-0.04760497628108983,150.0,1.0,Permanent-Slow,2,0.36262540950040945,0.35342444717444715,0.2839501433251433,78.144,76.609,MEDIUM,2.0,Q2
STR,Aston Martin,2023,Italian Grand Prix,Monza,5261.551646812222,11.0,0.0020906380357711,2.5660000000000025,1.1812499999999986,0.3399999999999892,1.8234999999999957,0.8500000000000001,0.8,0.05,0.0,0.0,0.0,41.1,40.0,0,2,0.38666258986472024,-1.5677527631784072,-1.6053002230701332,120.0,2.0,Permanent-Fast,1,0.3290731354091238,0.33883659184166065,0.33209027274921554,82.86,80.294,HARD,2.0,Q1
STR,Aston Martin,2023,Japanese Grand Prix,Suzuka,5650.500064177964,18.0,0.0031855587639248,2.304000000000002,1.1812499999999986,0.3399999999999892,1.8234999999999957,0.05,0.0,0.05,0.06200000000000003,0.06200000000000003,0.0,36.9,49.0,0,2,0.8597424407340858,0.3567172503483611,-0.29893057527368244,50.0,2.0,Permanent-Fast,1,0.3456970202125443,0.45193625865037673,0.20236672113707901,91.181,88.877,SOFT,2.0,Q1
STR,Aston Martin,2023,Las Vegas Grand Prix,Las Vegas,6353.0,14.0,0.0022036832992287,1.472999999999999,1.1812499999999986,0.3399999999999892,1.9310000000000045,0.1,0.0,0.1,0.513,0.45799999999999996,0.0,17.1,61.0,1,2,1.7141965277960156,-0.7429799002383637,-1.4704238825178961,600.0,2.0,Street-Fast,2,0.28367604751642794,0.331903735708447,0.384420216775125,94.199,92.726,SOFT,3.0,Q2
STR,Aston Martin,2023,Mexico City Grand Prix,Hermanos Rodriguez,4309.0,17.0,0.0039452309120445,2.061000000000007,1.1812499999999986,0.3399999999999892,1.5764999999999958,0.05,0.0,0.05,0.0,0.0,0.0,44.8,28.0,0,1,-0.7719306088718323,0.0817929627016799,0.6074479515566137,2240.0,2.0,Permanent-Medium,1,0.3502088934327943,0.3865096494881795,0.2632814570790261,79.227,77.166,SOFT,2.0,Q1
STR,Aston Martin,2023,Miami Grand Prix,Miami,5412.0,19.0,0.003510716925351,1.6620000000000061,1.1812499999999986,0.3399999999999892,1.0679999999999978,0.30000000000000004,0.0,0.30000000000000004,0.05,0.0,0.0,42.5,60.0,1,1,0.5696536532341541,0.6316415379950423,0.08902148545382091,3.0,3.0,Street-Medium,1,0.33645282336452825,0.38152719381527195,0.28201998282019985,88.476,86.814,SOFT,7.0,Q1
STR,Aston Martin,2023,Monaco Grand Prix,Monaco,2982.89347053333,19.0,0.0063696542259026,1.2580000000000098,1.1812499999999986,0.3399999999999892,2.3019999999999925,0.05,0.0,0.05,0.0,0.0,0.0,45.1,33.0,1,0,-2.3848804273745277,0.6316415379950423,3.5000710878223424,10.0,1.0,Street-Slow,2,0.2598488082287981,0.47053963620340666,0.2696115555677953,72.623,71.365,SOFT,2.0,Q2
STR,Aston Martin,2023,Qatar Grand Prix,Losail,5380.0,16.0,0.0029739776951672,2.566999999999993,1.1812499999999986,0.3399999999999892,1.5764999999999958,0.15000000000000002,0.0,0.15000000000000002,0.135,0.11,0.0,34.5,55.0,0,1,0.5307318976698825,-0.1931313249450013,-0.5513717604354108,20.0,2.0,Permanent-Medium,1,0.3653135676646013,0.34195379002837456,0.29273264230702417,86.345,83.778,SOFT,4.0,Q1
STR,Aston Martin,2023,Saudi Arabian Grand Prix,Jeddah,6174.0,27.0,0.0043731778425655,0.6799999999999926,1.1812499999999986,0.3399999999999892,1.9310000000000045,0.15000000000000002,0.0,0.15000000000000002,0.184,0.184,0.0,30.8,45.0,1,2,1.4964779576083713,2.8310358391684916,1.1180391446222482,15.0,3.0,Street-Fast,3,0.3605374107594581,0.3163415593906347,0.32312102984990726,88.945,88.265,SOFT,4.0,Q3
STR,Aston Martin,2023,Singapore Grand Prix,Marina Bay,4956.5492831458605,23.0,0.0046403250903221,2.413000000000011,1.1812499999999986,0.3399999999999892,2.3019999999999925,0.2,0.0,0.2,0.23900000000000005,0.11400000000000006,0.0,34.3,75.0,1,0,0.01568673220387009,1.731338688581767,1.436777339075894,10.0,1.0,Street-Slow,1,0.29262181868796644,0.42345043202672467,0.283927749285309,93.397,90.984,SOFT,5.0,Q1
STR,Aston Martin,2023,Spanish Grand Prix,Barcelona-Catalunya,4348.990357163425,16.0,0.003679014825509,0.7219999999999942,1.1812499999999986,0.3399999999999892,1.5764999999999958,0.05,0.0,0.05,0.374,0.284,0.0,25.8,68.0,0,1,-0.7232901430454965,-0.1931313249450013,0.28982074233246696,110.0,1.0,Permanent-Medium,3,0.2987368824834918,0.40088226429569557,0.30038085322081265,72.994,72.272,SOFT,2.0,Q3
STR,Aston Martin,2023,São Paulo Grand Prix,Interlagos,4309.0,15.0,0.0034810860988628,0.3539999999999992,1.1812499999999986,0.3399999999999892,1.5764999999999958,0.05,0.0,0.05,0.13900000000000007,0.08400000000000006,0.0,35.8,61.0,0,1,-0.7719306088718323,-0.4680556125916825,0.05366841251622112,800.0,2.0,Permanent-Medium,3,0.2622948490230906,0.5042699822380107,0.23343516873889877,70.375,70.021,SOFT,2.0,Q3
STR,Aston Martin,2023,United States Grand Prix,COTA,5337.916050454483,20.0,0.0037467805433727,1.8659999999999997,1.1812499999999986,0.3399999999999892,1.8234999999999957,0.05,0.0,0.05,0.0,0.0,0.0,41.7,12.0,0,2,0.4795449852514533,0.9065658256417235,0.37067324124127227,230.0,3.0,Permanent-Fast,1,0.26967874188572194,0.40078062719357277,0.32954063092070524,96.589,94.723,SOFT,2.0,Q1
STR,Aston Martin,2024,Abu Dhabi Grand Prix,Yas Marina,5333.449274375974,21.0,0.0039374144047628,1.1340000000000003,1.0949999999999989,0.20674999999999955,1.5764999999999958,0.05,0.0,0.05,0.268,0.19799999999999998,0.0,30.1,64.0,0,1,0.4741120237924506,1.1814901132884046,0.59812193588988,10.0,2.0,Permanent-Medium,2,0.20415865470744904,0.42951665492242835,0.36632469037012266,83.729,82.595,SOFT,2.0,Q2
STR,Aston Martin,2024,Australian Grand Prix,Albert Park,4843.53245567963,14.0,0.0028904523977295,0.8649999999999949,1.0949999999999989,0.20674999999999955,1.0679999999999978,0.15000000000000002,0.0,0.15000000000000002,0.13,0.11,0.0,34.5,54.0,1,1,-0.12177618446144439,-0.7429799002383637,-0.6510272976721347,31.0,2.0,Street-Medium,3,0.34443865589997397,0.22722063037249285,0.4283407137275332,76.78,75.915,SOFT,4.0,Q3
STR,Aston Martin,2024,Austrian Grand Prix,Red Bull Ring,3999.68196710701,10.0,0.0025001987863632,1.5050000000000097,1.0949999999999989,0.20674999999999955,1.8234999999999957,0.05,0.0,0.05,0.0,0.0,0.0,46.8,39.0,0,2,-1.148155635993153,-1.8426770508250885,-1.1166459125389459,700.0,2.0,Permanent-Fast,1,0.25108251416764155,0.4474847688357465,0.3014327169966119,65.819,64.314,SOFT,2.0,Q1
STR,Aston Martin,2024,Azerbaijan Grand Prix,Baku City,4978.250124294395,20.0,0.0040174759203837,2.0050000000000097,1.0949999999999989,0.20674999999999955,1.9310000000000045,0.05,0.0,0.05,0.045999999999999944,0.045999999999999944,0.0,37.7,38.0,1,2,0.042081570788943895,0.9065658256417235,0.6936447726344993,28.0,2.0,Street-Fast,2,0.3531682306278417,0.40526264873754475,0.24156912063461353,103.37,101.365,SOFT,2.0,Q2
STR,Aston Martin,2024,Bahrain Grand Prix,Bahrain International,5006.652008539475,15.0,0.0029960140977275,0.7999999999999972,1.0949999999999989,0.20674999999999955,1.5764999999999958,0.05,0.0,0.05,0.368,0.368,0.0,21.6,47.0,0,1,0.07662692066868529,-0.4680556125916825,-0.5250797315138804,35.0,2.0,Permanent-Medium,2,0.3184682932251431,0.42915578280442396,0.2523759239704329,89.965,89.165,SOFT,2.0,Q2
STR,Aston Martin,2024,Belgian Grand Prix,Spa-Francorchamps,6775.131165030146,19.0,0.0028043737511782,2.556999999999988,1.0949999999999989,0.20674999999999955,1.8234999999999957,1.55,1.5,0.05,4.0760000000000005,0.36600000000000005,3.5,21.7,92.0,0,2,2.227636715963657,0.6316415379950423,-0.7537292817396346,300.0,2.0,Permanent-Fast,2,0.2821303881917799,0.4529797089425836,0.2648899028656366,115.716,113.159,INTERMEDIATE,2.0,Q2
STR,Aston Martin,2024,British Grand Prix,Silverstone,5729.156782444218,18.0,0.003141823602237,0.7659999999999911,1.0949999999999989,0.20674999999999955,1.8234999999999957,0.05,0.0,0.05,0.483,0.38799999999999996,0.0,20.6,69.0,0,2,0.9554129895418016,0.3567172503483611,-0.3511117846537936,140.0,2.0,Permanent-Fast,3,0.32213431887740374,0.40354564878443155,0.2743200323381648,86.585,85.819,SOFT,2.0,Q3
STR,Aston Martin,2024,Canadian Grand Prix,Gilles Villeneuve,3927.405044134453,14.0,0.0035646947138566,0.9170000000000016,1.0949999999999989,0.20674999999999955,1.5764999999999958,0.05,0.0,0.05,0.261,0.196,0.0,30.2,63.0,0,1,-1.2360664087705144,-0.7429799002383637,0.15342335743024896,22.0,2.0,Permanent-Medium,3,0.2788092321666965,0.3165746844850604,0.4046160833482432,72.659,71.742,SOFT,2.0,Q3
STR,Aston Martin,2024,Chinese Grand Prix,Shanghai International,5161.238099433068,16.0,0.0031000313668453,1.1779999999999973,1.0949999999999989,0.20674999999999955,1.8234999999999957,0.05,0.0,0.05,0.16,0.14,0.0,33.0,54.0,0,2,0.2646507345248319,-0.1931313249450013,-0.4009748536645922,5.0,3.0,Permanent-Fast,2,0.26445095847656,0.30160905965963014,0.43393998186380994,94.838,93.66,SOFT,2.0,Q2
STR,Aston Martin,2024,Dutch Grand Prix,Zandvoort,4259.0,14.0,0.0032871566095327,0.9879999999999995,1.0949999999999989,0.20674999999999955,1.5764999999999958,0.05,0.0,0.05,0.31,0.22,0.0,29.0,68.0,0,1,-0.8327458519410066,-0.7429799002383637,-0.1777123552044761,2.0,2.0,Permanent-Medium,3,0.33895642575112156,0.35627856950793224,0.3047650047409462,70.661,69.673,SOFT,2.0,Q3
STR,Aston Martin,2024,Emilia Romagna Grand Prix,Imola,4909.0,19.0,0.003870442045223,1.2460000000000093,1.0949999999999989,0.20674999999999955,1.5764999999999958,0.05,0.0,0.05,0.0,0.0,0.0,41.2,42.0,0,1,-0.04214769204173995,0.6316415379950423,0.5182160070911476,37.0,1.0,Permanent-Medium,2,0.3151910727444994,0.3447731340141067,0.3400357932413938,75.992,74.746,SOFT,2.0,Q2
STR,Aston Martin,2024,Hungarian Grand Prix,Hungaroring,4122.248439558155,14.0,0.0033962048152295,0.847999999999999,1.0949999999999989,0.20674999999999955,1.5045000000000073,0.05,0.0,0.05,0.224,0.184,0.0,30.8,58.0,0,0,-0.9990774397082004,-0.7429799002383637,-0.04760497628108983,150.0,1.0,Permanent-Slow,3,0.36277357870522514,0.3559250739401907,0.28130134735458434,76.075,75.227,SOFT,2.0,Q3
STR,Aston Martin,2024,Italian Grand Prix,Monza,5261.551646812222,11.0,0.0020906380357711,1.686000000000007,1.0949999999999989,0.20674999999999955,1.8234999999999957,0.05,0.0,0.05,0.0,0.0,0.0,50.6,36.0,0,2,0.38666258986472024,-1.5677527631784072,-1.6053002230701332,120.0,2.0,Permanent-Fast,1,0.3289348623060496,0.3355017096021626,0.3355634280917877,81.013,79.327,SOFT,2.0,Q1
STR,Aston Martin,2024,Japanese Grand Prix,Suzuka,5650.500064177964,18.0,0.0031855587639248,1.8269999999999982,1.0949999999999989,0.20674999999999955,1.8234999999999957,0.05,0.0,0.05,0.28900000000000003,0.254,0.0,27.3,57.0,0,2,0.8597424407340858,0.3567172503483611,-0.29893057527368244,50.0,2.0,Permanent-Fast,1,0.34988447525104416,0.45039100684261973,0.19972451790633608,90.024,88.197,SOFT,2.0,Q1
STR,Aston Martin,2024,Las Vegas Grand Prix,Las Vegas,6353.0,14.0,0.0022036832992287,2.171999999999997,1.0949999999999989,0.20674999999999955,1.9310000000000045,0.05,0.0,0.05,0.516,0.516,0.0,14.2,26.0,1,2,1.7141965277960156,-0.7429799002383637,-1.4704238825178961,600.0,2.0,Street-Fast,1,0.28400575758858637,0.3328182549426358,0.38317598746877773,94.484,92.312,SOFT,2.0,Q1
STR,Aston Martin,2024,Mexico City Grand Prix,Hermanos Rodriguez,4309.0,17.0,0.0039452309120445,1.347999999999999,1.0949999999999989,0.20674999999999955,1.5764999999999958,0.05,0.0,0.05,0.03599999999999994,0.03599999999999994,0.0,38.2,39.0,0,1,-0.7719306088718323,0.0817929627016799,0.6074479515566137,2240.0,2.0,Permanent-Medium,2,0.3567288534685746,0.3861619271871038,0.2571092193443217,77.294,75.946,SOFT,2.0,Q2
STR,Aston Martin,2024,Miami Grand Prix,Miami,5412.0,19.0,0.003510716925351,0.936000000000007,1.0949999999999989,0.20674999999999955,1.0679999999999978,0.05,0.0,0.05,0.03,0.0,0.0,47.2,56.0,1,1,0.5696536532341541,0.6316415379950423,0.08902148545382091,3.0,3.0,Street-Medium,2,0.33393061682751735,0.38312711931682863,0.28294226385565396,88.177,87.241,SOFT,2.0,Q2
STR,Aston Martin,2024,Monaco Grand Prix,Monaco,2982.89347053333,19.0,0.0063696542259026,1.2930000000000064,1.0949999999999989,0.20674999999999955,2.3019999999999925,0.05,0.0,0.05,0.055,0.0,0.0,43.0,61.0,1,0,-2.3848804273745277,0.6316415379950423,3.5000710878223424,10.0,1.0,Street-Slow,2,0.2611265598144292,0.4719477942512192,0.26692564593435153,71.563,70.27,SOFT,2.0,Q2
STR,Aston Martin,2024,Qatar Grand Prix,Losail,5380.0,16.0,0.0029739776951672,1.3910000000000053,1.0949999999999989,0.20674999999999955,1.5764999999999958,0.05,0.0,0.05,0.415,0.37,0.0,21.5,59.0,0,1,0.5307318976698825,-0.1931313249450013,-0.5513717604354108,20.0,2.0,Permanent-Medium,2,0.3709636068415719,0.33714641501141485,0.29188997814701323,81.911,80.52,SOFT,2.0,Q2
STR,Aston Martin,2024,Saudi Arabian Grand Prix,Jeddah,6174.0,27.0,0.0043731778425655,0.7780000000000058,1.0949999999999989,0.20674999999999955,1.9310000000000045,0.05,0.0,0.05,0.204,0.174,0.0,31.3,56.0,1,2,1.4964779576083713,2.8310358391684916,1.1180391446222482,15.0,3.0,Street-Fast,3,0.36313881019830024,0.31639660056657226,0.32046458923512744,88.25,87.472,SOFT,2.0,Q3
STR,Aston Martin,2024,Singapore Grand Prix,Marina Bay,4956.5492831458605,23.0,0.0046403250903221,1.5689999999999884,1.0949999999999989,0.20674999999999955,2.3019999999999925,0.05,0.0,0.05,0.30099999999999993,0.15599999999999994,0.0,32.2,79.0,1,0,0.01568673220387009,1.731338688581767,1.436777339075894,10.0,1.0,Street-Slow,1,0.2950029639712824,0.422969679671548,0.28202735635716947,91.094,89.525,SOFT,2.0,Q1
STR,Aston Martin,2024,Spanish Grand Prix,Barcelona-Catalunya,4348.990357163425,16.0,0.003679014825509,0.9890000000000043,1.0949999999999989,0.20674999999999955,1.5764999999999958,0.05,0.0,0.05,0.17400000000000004,0.08400000000000006,0.0,35.8,68.0,0,1,-0.7232901430454965,-0.1931313249450013,0.28982074233246696,110.0,1.0,Permanent-Medium,2,0.2989830321118665,0.3987730061349693,0.3022439617531642,72.372,71.383,SOFT,2.0,Q2
STR,Aston Martin,2024,São Paulo Grand Prix,Interlagos,4309.0,15.0,0.0034810860988628,2.929000000000002,1.0949999999999989,0.20674999999999955,1.5764999999999958,1.55,1.5,0.05,4.047,0.332,3.5,23.4,93.0,0,1,-0.7719306088718323,-0.4680556125916825,0.05366841251622112,800.0,2.0,Permanent-Medium,3,0.2571524544212014,0.5272546157944726,0.21559292978432598,86.334,83.405,INTERMEDIATE,2.0,Q3
STR,Aston Martin,2024,United States Grand Prix,COTA,5337.916050454483,20.0,0.0037467805433727,1.429000000000002,1.0949999999999989,0.20674999999999955,1.8234999999999957,0.05,0.0,0.05,0.027999999999999973,0.027999999999999973,0.0,38.6,39.0,0,2,0.4795449852514533,0.9065658256417235,0.37067324124127227,230.0,3.0,Permanent-Fast,2,0.27084333237342545,0.39842575112789175,0.3307309164986828,93.759,92.33,SOFT,2.0,Q2
TSU,RB,2021,Abu Dhabi Grand Prix,Yas Marina,5333.449274375974,21.0,0.0039374144047628,1.1110000000000042,1.1407500000000006,0.28674999999999073,1.5089999999999932,0.05,0.0,0.05,0.3075,0.24600000000000002,0.0,27.7,62.3,0,1,0.4741120237924506,1.1814901132884046,0.59812193588988,10.0,2.0,Permanent-Medium,3,0.2048786349435232,0.43264840182648406,0.3624729632299928,83.22,82.109,SOFT,2.0,Q3
TSU,RB,2021,Austrian Grand Prix,Red Bull Ring,3999.68196710701,10.0,0.0025001987863632,0.5529999999999973,1.1407500000000006,0.28674999999999073,1.617999999999995,0.05,0.0,0.05,0.0,0.0,0.0,52.1,26.2,0,2,-1.148155635993153,-1.8426770508250885,-1.1166459125389459,700.0,2.0,Permanent-Fast,3,0.25351236133368604,0.4442300810604764,0.3022575576058376,64.273,63.72,SOFT,2.0,Q3
TSU,RB,2021,Azerbaijan Grand Prix,Baku City,4978.250124294395,20.0,0.0040174759203837,0.43599999999999284,1.1407500000000006,0.28674999999999073,1.3659999999999997,0.15000000000000002,0.0,0.15000000000000002,0.0,0.0,0.0,46.1,49.5,1,2,0.042081570788943895,0.9065658256417235,0.6936447726344993,28.0,2.0,Street-Fast,3,0.3504731737068881,0.4010466877840517,0.24848013850906012,101.654,101.218,SOFT,4.0,Q3
TSU,RB,2021,Bahrain Grand Prix,Bahrain International,5006.652008539475,15.0,0.0029960140977275,1.6099999999999994,1.1407500000000006,0.28674999999999073,1.5089999999999932,0.05,0.0,0.05,0.10799999999999997,0.10799999999999997,0.0,34.6,42.3,0,1,0.07662692066868529,-0.4680556125916825,-0.5250797315138804,35.0,2.0,Permanent-Medium,2,0.3184853267407595,0.43076142019932234,0.2507532530599181,90.607,88.997,SOFT,2.0,Q2
TSU,RB,2021,Belgian Grand Prix,Spa-Francorchamps,6775.131165030146,19.0,0.0028043737511782,6.387999999999991,1.1407500000000006,0.28674999999999073,1.617999999999995,1.65,1.5,0.15000000000000002,0.6425,0.43,0.0,18.5,92.5,0,2,2.227636715963657,0.6316415379950423,-0.7537292817396346,300.0,2.0,Permanent-Fast,1,0.27634319884326014,0.46163397678351153,0.2620228243732284,122.413,116.025,INTERMEDIATE,4.0,Q1
TSU,RB,2021,British Grand Prix,Silverstone,5729.156782444218,18.0,0.003141823602237,2.0200000000000102,1.1407500000000006,0.28674999999999073,1.617999999999995,0.05,0.0,0.05,0.03450000000000003,0.012000000000000028,0.0,39.4,54.5,0,2,0.9554129895418016,0.3567172503483611,-0.3511117846537936,140.0,2.0,Permanent-Fast,1,0.3183671615006304,0.40658541848869295,0.2750474200106766,88.043,86.023,SOFT,2.0,Q1
TSU,RB,2021,Dutch Grand Prix,Zandvoort,4259.0,14.0,0.0032871566095327,1.5769999999999982,1.1407500000000006,0.28674999999999073,1.5089999999999932,0.05,0.0,0.05,0.1445,0.09,0.0,35.5,60.9,0,1,-0.8327458519410066,-0.7429799002383637,-0.1777123552044761,2.0,2.0,Permanent-Medium,2,0.35047259515767365,0.34055235446056026,0.30897505038176604,70.462,68.885,SOFT,2.0,Q2
TSU,RB,2021,Hungarian Grand Prix,Hungaroring,4122.248439558155,14.0,0.0033962048152295,2.5,1.1407500000000006,0.28674999999999073,2.086500000000001,0.05,0.0,0.05,0.0,0.0,0.0,57.4,48.1,0,0,-0.9990774397082004,-0.7429799002383637,-0.04760497628108983,150.0,1.0,Permanent-Slow,1,0.3608619207125348,0.35661391958315686,0.28252415970430833,77.919,75.419,SOFT,2.0,Q1
TSU,RB,2021,Italian Grand Prix,Monza,5261.551646812222,11.0,0.0020906380357711,2.417999999999992,1.1407500000000006,0.28674999999999073,1.617999999999995,0.05,0.0,0.05,0.14599999999999994,0.14599999999999994,0.0,32.7,43.6,0,2,0.38666258986472024,-1.5677527631784072,-1.6053002230701332,120.0,2.0,Permanent-Fast,1,0.33297549193026976,0.3341954058043502,0.3328291022653801,81.973,79.555,SOFT,2.0,Q1
TSU,RB,2021,Mexico City Grand Prix,Hermanos Rodriguez,4309.0,17.0,0.0039452309120445,0.8259999999999934,1.1407500000000006,0.28674999999999073,1.5089999999999932,0.05,0.0,0.05,0.0,0.0,0.0,45.7,18.8,0,1,-0.7719306088718323,0.0817929627016799,0.6074479515566137,2240.0,2.0,Permanent-Medium,3,0.3566837459746288,0.3839715257949701,0.25934472823040117,76.701,75.875,SOFT,2.0,Q3
TSU,RB,2021,Monaco Grand Prix,Monaco,2982.89347053333,19.0,0.0063696542259026,1.75,1.1407500000000006,0.28674999999999073,1.007000000000005,0.2,0.0,0.2,0.24099999999999994,0.14599999999999994,0.0,32.7,69.0,1,0,-2.3848804273745277,0.6316415379950423,3.5000710878223424,10.0,1.0,Street-Slow,1,0.2643419884598313,0.4684587217043941,0.2671992898357745,72.096,70.346,SOFT,5.0,Q1
TSU,RB,2021,Portuguese Grand Prix,Portimao,4653.0,15.0,0.0032237266279819,1.4949999999999903,1.1407500000000006,0.28674999999999073,1.5089999999999932,0.1,0.0,0.1,0.08599999999999995,0.08599999999999995,0.0,35.7,43.4,0,1,-0.3535217365559127,-0.4680556125916825,-0.25339180900199537,90.0,1.0,Permanent-Medium,2,0.28829769829983765,0.3850219599058682,0.3266803417942942,79.463,77.968,SOFT,3.0,Q2
TSU,RB,2021,Qatar Grand Prix,Losail,5380.0,16.0,0.0029739776951672,1.054000000000002,1.1407500000000006,0.28674999999999073,1.5089999999999932,0.05,0.0,0.05,0.3205,0.23,0.0,28.5,68.1,0,1,0.5307318976698825,-0.1931313249450013,-0.5513717604354108,20.0,2.0,Permanent-Medium,3,0.3274996641467495,0.33343510704559054,0.33906522880765994,81.881,80.827,SOFT,2.0,Q3
TSU,RB,2021,Russian Grand Prix,Sochi Autodrom,5760.2985642132535,18.0,0.0031248380269432,4.75800000000001,1.1407500000000006,0.28674999999999073,1.5089999999999932,1.55,1.5,0.05,0.623,0.484,0.0,15.8,77.8,0,1,0.993290890099623,0.3567172503483611,-0.37137758056360215,5.0,2.0,Permanent-Medium,2,0.3517718803570927,0.34514899157853324,0.30307912806437415,106.751,101.993,INTERMEDIATE,2.0,Q2
TSU,RB,2021,Saudi Arabian Grand Prix,Jeddah,6174.0,27.0,0.0043731778425655,0.7109999999999985,1.1407500000000006,0.28674999999999073,1.3659999999999997,0.55,0.4,0.15000000000000002,0.2865,0.17799999999999996,0.0,31.1,71.7,1,2,1.4964779576083713,2.8310358391684916,1.1180391446222482,15.0,3.0,Street-Fast,3,0.3633787490648591,0.32077032939629574,0.3158509215388452,88.222,87.511,MEDIUM,4.0,Q3
TSU,RB,2021,Spanish Grand Prix,Barcelona-Catalunya,4348.990357163425,16.0,0.003679014825509,1.8149999999999977,1.1407500000000006,0.28674999999999073,1.5089999999999932,0.05,0.0,0.05,0.0,0.0,0.0,44.5,48.7,0,1,-0.7232901430454965,-0.1931313249450013,0.28982074233246696,110.0,1.0,Permanent-Medium,1,0.28125159122154897,0.3738606853709456,0.3448877234075055,78.556,76.741,SOFT,2.0,Q1
TSU,RB,2021,Styrian Grand Prix,Red Bull Ring,3999.68196710701,10.0,0.0025001987863632,0.6729999999999947,1.1407500000000006,0.28674999999999073,1.617999999999995,0.05,0.0,0.05,0.0,0.0,0.0,52.2,27.4,0,2,-1.148155635993153,-1.8426770508250885,-1.1166459125389459,700.0,2.0,Permanent-Fast,3,0.2537898750658772,0.4441361564931643,0.3020739684409586,64.514,63.841,SOFT,2.0,Q3
TSU,RB,2021,São Paulo Grand Prix,Interlagos,4309.0,15.0,0.0034810860988628,1.4159999999999968,1.1407500000000006,0.28674999999999073,1.5089999999999932,0.05,0.0,0.05,0.4275,0.284,0.0,25.8,78.7,0,1,-0.7719306088718323,-0.4680556125916825,0.05366841251622112,800.0,2.0,Permanent-Medium,2,0.2591348233597693,0.5069790915645278,0.23388608507570297,69.35,67.934,SOFT,2.0,Q2
TSU,RB,2021,Turkish Grand Prix,Istanbul Park,5338.0,14.0,0.0026227051330086,1.186000000000007,1.1407500000000006,0.28674999999999073,1.617999999999995,0.05,0.0,0.05,0.499,0.34600000000000003,0.0,22.7,80.6,0,2,0.47964709349177603,-0.7429799002383637,-0.9704813831763092,130.0,1.0,Permanent-Fast,3,0.3730458990648869,0.35148832893140125,0.2754657720037119,84.054,82.868,SOFT,2.0,Q3
TSU,RB,2021,United States Grand Prix,COTA,5337.916050454483,20.0,0.0037467805433727,2.0080000000000098,1.1407500000000006,0.28674999999999073,1.617999999999995,0.05,0.0,0.05,0.14999999999999997,0.10799999999999997,0.0,34.6,58.4,0,2,0.4795449852514533,0.9065658256417235,0.37067324124127227,230.0,3.0,Permanent-Fast,3,0.2698118375861269,0.39950272867106346,0.33068543374280956,94.918,92.91,SOFT,2.0,Q3
TSU,RB,2022,Abu Dhabi Grand Prix,Yas Marina,5333.449274375974,21.0,0.0039374144047628,1.394999999999996,1.8532499999999956,0.09900000000000375,1.5089999999999932,0.05,0.0,0.05,0.243,0.13799999999999998,0.0,33.1,71.0,0,1,0.4741120237924506,1.1814901132884046,0.59812193588988,10.0,2.0,Permanent-Medium,2,0.20495429423015993,0.42993933277790164,0.3651063729919384,85.219,83.824,SOFT,2.0,Q2
TSU,RB,2022,Australian Grand Prix,Albert Park,4843.53245567963,14.0,0.0028904523977295,1.5560000000000116,1.8532499999999956,0.09900000000000375,1.2515,0.15000000000000002,0.0,0.15000000000000002,0.29100000000000004,0.23600000000000002,0.0,28.2,61.0,1,1,-0.12177618446144439,-0.7429799002383637,-0.6510272976721347,31.0,2.0,Street-Medium,2,0.34094228444802577,0.2278656325543916,0.43119208299758255,79.424,77.868,SOFT,4.0,Q2
TSU,RB,2022,Austrian Grand Prix,Red Bull Ring,3999.68196710701,10.0,0.0025001987863632,1.4789999999999992,1.8532499999999956,0.09900000000000375,1.617999999999995,0.05,0.0,0.05,0.06,0.06,0.0,37.0,33.0,0,2,-1.148155635993153,-1.8426770508250885,-1.1166459125389459,700.0,2.0,Permanent-Fast,2,0.2517190015497345,0.4459473692129456,0.30233362923732005,66.463,64.984,SOFT,2.0,Q2
TSU,RB,2022,Azerbaijan Grand Prix,Baku City,4978.250124294395,20.0,0.0040174759203837,1.6970000000000027,1.8532499999999956,0.09900000000000375,1.3659999999999997,0.05,0.0,0.05,0.23599999999999996,0.13599999999999995,0.0,33.2,70.0,1,2,0.042081570788943895,0.9065658256417235,0.6936447726344993,28.0,2.0,Street-Fast,3,0.35131384878124516,0.40287804688712936,0.24580810433162556,103.056,101.359,SOFT,2.0,Q3
TSU,RB,2022,Bahrain Grand Prix,Bahrain International,5006.652008539475,15.0,0.0029960140977275,2.191999999999993,1.8532499999999956,0.09900000000000375,1.5089999999999932,0.05,0.0,0.05,0.31799999999999995,0.288,0.0,25.6,56.0,0,1,0.07662692066868529,-0.4680556125916825,-0.5250797315138804,35.0,2.0,Permanent-Medium,1,0.3204743935309973,0.42922911051212936,0.2502964959568733,92.75,90.558,SOFT,2.0,Q1
TSU,RB,2022,Belgian Grand Prix,Spa-Francorchamps,6775.131165030146,19.0,0.0028043737511782,3.026999999999987,1.8532499999999956,0.09900000000000375,1.617999999999995,0.05,0.0,0.05,0.5640000000000001,0.384,0.0,20.8,86.0,0,2,2.227636715963657,0.6316415379950423,-0.7537292817396346,300.0,2.0,Permanent-Fast,1,0.29373336332621,0.4300041240205451,0.27626251265324486,106.692,103.665,SOFT,2.0,Q1
TSU,RB,2022,British Grand Prix,Silverstone,5729.156782444218,18.0,0.003141823602237,2.763999999999996,1.8532499999999956,0.09900000000000375,1.617999999999995,1.9,1.5,0.4,0.5800000000000001,0.39,0.0,20.5,88.0,0,2,0.9554129895418016,0.3567172503483611,-0.3511117846537936,140.0,2.0,Permanent-Fast,2,0.31466342143228676,0.40739795668004675,0.2779386218876665,101.893,99.129,INTERMEDIATE,9.0,Q2
TSU,RB,2022,Canadian Grand Prix,Gilles Villeneuve,3927.405044134453,14.0,0.0035646947138566,15.275999999999996,1.8532499999999956,0.09900000000000375,1.5089999999999932,2.6,2.5,0.1,4.106,0.436,3.5,18.2,84.0,0,1,-1.2360664087705144,-0.7429799002383637,0.15342335743024896,22.0,2.0,Permanent-Medium,1,0.2904996117007507,0.32536370696349987,0.3841366813357494,96.575,81.299,WET,3.0,Q1
TSU,RB,2022,Dutch Grand Prix,Zandvoort,4259.0,14.0,0.0032871566095327,1.085000000000008,1.8532499999999956,0.09900000000000375,1.5089999999999932,0.05,0.0,0.05,0.012000000000000028,0.012000000000000028,0.0,39.4,31.0,0,1,-0.8327458519410066,-0.7429799002383637,-0.1777123552044761,2.0,2.0,Permanent-Medium,3,0.3441835720385849,0.3468156299438588,0.3090007980175564,71.427,70.342,SOFT,2.0,Q3
TSU,RB,2022,Emilia Romagna Grand Prix,Imola,4909.0,19.0,0.003870442045223,1.6809999999999974,1.8532499999999956,0.09900000000000375,1.5089999999999932,0.30000000000000004,0.0,0.30000000000000004,0.676,0.506,0.0,14.7,84.0,0,1,-0.04214769204173995,0.6316415379950423,0.5182160070911476,37.0,1.0,Permanent-Medium,1,0.3271988468325173,0.3397246315580187,0.3330765216094639,80.474,78.793,SOFT,7.0,Q1
TSU,RB,2022,French Grand Prix,Paul Ricard,5247.8799638259,15.0,0.0028582970844219,1.9080000000000013,1.8532499999999956,0.09900000000000375,1.617999999999995,0.05,0.0,0.05,0.0,0.0,0.0,53.6,46.0,0,2,0.37003365538516214,-0.4680556125916825,-0.6893923813172924,40.0,3.0,Permanent-Fast,3,0.2515197240784652,0.3056046561759,0.4428756197456349,92.78,90.872,SOFT,2.0,Q3
TSU,RB,2022,Hungarian Grand Prix,Hungaroring,4122.248439558155,14.0,0.0033962048152295,1.8629999999999995,1.8532499999999956,0.09900000000000375,2.086500000000001,0.05,0.0,0.05,0.28700000000000003,0.19200000000000003,0.0,30.4,69.0,0,0,-0.9990774397082004,-0.7429799002383637,-0.04760497628108983,150.0,1.0,Permanent-Slow,1,0.36258202927814237,0.3560701665825341,0.2813478041393236,79.24,77.377,SOFT,2.0,Q1
TSU,RB,2022,Italian Grand Prix,Monza,5261.551646812222,11.0,0.0020906380357711,1.8589999999999947,1.8532499999999956,0.09900000000000375,1.617999999999995,0.05,0.0,0.05,0.0,0.0,0.0,40.9,35.0,0,2,0.38666258986472024,-1.5677527631784072,-1.6053002230701332,120.0,2.0,Permanent-Fast,2,0.33108997805413315,0.3358814923189466,0.3330285296269203,82.02,80.161,SOFT,2.0,Q2
TSU,RB,2022,Japanese Grand Prix,Suzuka,5650.500064177964,18.0,0.0031855587639248,1.5040000000000049,1.8532499999999956,0.09900000000000375,1.617999999999995,0.05,0.0,0.05,0.31100000000000005,0.276,0.0,26.2,57.0,0,2,0.8597424407340858,0.3567172503483611,-0.29893057527368244,50.0,2.0,Permanent-Fast,2,0.35004625143159196,0.4501695885825038,0.19978415998590435,90.808,89.304,SOFT,2.0,Q2
TSU,RB,2022,Mexico City Grand Prix,Hermanos Rodriguez,4309.0,17.0,0.0039452309120445,1.813999999999993,1.8532499999999956,0.09900000000000375,1.5089999999999932,0.05,0.0,0.05,0.0,0.0,0.0,48.0,36.0,0,1,-0.7719306088718323,0.0817929627016799,0.6074479515566137,2240.0,2.0,Permanent-Medium,2,0.35130482855671014,0.38774202465164787,0.26095314679164205,79.589,77.775,SOFT,2.0,Q2
TSU,RB,2022,Miami Grand Prix,Miami,5412.0,19.0,0.003510716925351,1.1359999999999957,1.8532499999999956,0.09900000000000375,1.2515,0.05,0.0,0.05,0.0,0.0,0.0,49.4,41.0,1,1,0.5696536532341541,0.6316415379950423,0.08902148545382091,3.0,3.0,Street-Medium,3,0.3333073878041187,0.38124360628030074,0.2854490059155807,89.932,88.796,SOFT,2.0,Q3
TSU,RB,2022,Monaco Grand Prix,Monaco,2982.89347053333,19.0,0.0063696542259026,1.4209999999999923,1.8532499999999956,0.09900000000000375,1.007000000000005,0.05,0.0,0.05,0.0,0.0,0.0,51.2,45.0,1,0,-2.3848804273745277,0.6316415379950423,3.5000710878223424,10.0,1.0,Street-Slow,2,0.26569776227042324,0.4699781584405951,0.2643240792889817,72.797,71.376,SOFT,2.0,Q2
TSU,RB,2022,Singapore Grand Prix,Marina Bay,4956.5492831458605,23.0,0.0046403250903221,2.570999999999998,1.8532499999999956,0.09900000000000375,1.007000000000005,0.1,0.0,0.1,0.389,0.23399999999999999,0.0,28.3,81.0,1,0,0.01568673220387009,1.731338688581767,1.436777339075894,10.0,1.0,Street-Slow,3,0.2630042059955529,0.3819686916764152,0.3550271023280319,111.983,109.412,SOFT,3.0,Q3
TSU,RB,2022,Spanish Grand Prix,Barcelona-Catalunya,4348.990357163425,16.0,0.003679014825509,1.8889999999999958,1.8532499999999956,0.09900000000000375,1.5089999999999932,0.05,0.0,0.05,0.0,0.0,0.0,47.6,17.0,0,1,-0.7232901430454965,-0.1931313249450013,0.28982074233246696,110.0,1.0,Permanent-Medium,2,0.2760698917397289,0.37690199531244184,0.3470281129478292,80.639,78.75,SOFT,2.0,Q2
TSU,RB,2022,São Paulo Grand Prix,Interlagos,4309.0,15.0,0.0034810860988628,5.382999999999996,1.8532499999999956,0.09900000000000375,1.5089999999999932,0.1,0.0,0.1,0.476,0.256,0.0,27.2,94.0,0,1,-0.7719306088718323,-0.4680556125916825,0.05366841251622112,800.0,2.0,Permanent-Medium,1,0.25327808664638624,0.5142793454316584,0.23244256792195533,76.264,70.881,SOFT,3.0,Q1
TSU,RB,2022,United States Grand Prix,COTA,5337.916050454483,20.0,0.0037467805433727,2.4520000000000124,1.8532499999999956,0.09900000000000375,1.617999999999995,0.05,0.0,0.05,0.06400000000000006,0.06400000000000006,0.0,36.8,36.0,0,2,0.4795449852514533,0.9065658256417235,0.37067324124127227,230.0,3.0,Permanent-Fast,2,0.27051483348483596,0.4022808032394017,0.3272043632757623,96.808,94.356,SOFT,2.0,Q2
TSU,RB,2023,Abu Dhabi Grand Prix,Yas Marina,5333.449274375974,21.0,0.0039374144047628,0.5230000000000103,1.5255000000000045,-0.1282499999999942,1.5089999999999932,0.05,0.0,0.05,0.272,0.18200000000000002,0.0,30.9,68.0,0,1,0.4741120237924506,1.1814901132884046,0.59812193588988,10.0,2.0,Permanent-Medium,3,0.20564977134146342,0.4302948742378049,0.36405535442073167,83.968,83.445,SOFT,2.0,Q3
TSU,RB,2023,Australian Grand Prix,Albert Park,4843.53245567963,14.0,0.0028904523977295,1.3670000000000044,1.5255000000000045,-0.1282499999999942,1.2515,0.1,0.0,0.1,0.322,0.322,0.0,23.9,50.0,1,1,-0.12177618446144439,-0.7429799002383637,-0.6510272976721347,31.0,2.0,Street-Medium,2,0.34566383692492864,0.2286841060705003,0.4256520570045712,78.099,76.732,SOFT,3.0,Q2
TSU,RB,2023,Austrian Grand Prix,Red Bull Ring,3999.68196710701,10.0,0.0025001987863632,1.3930000000000007,1.5255000000000045,-0.1282499999999942,1.617999999999995,0.05,0.0,0.05,0.004000000000000057,0.004000000000000057,0.0,39.8,41.0,0,2,-1.148155635993153,-1.8426770508250885,-1.1166459125389459,700.0,2.0,Permanent-Fast,1,0.25234099477076494,0.4458834975069926,0.3017755077222425,65.784,64.391,SOFT,2.0,Q1
TSU,RB,2023,Azerbaijan Grand Prix,Baku City,4978.250124294395,20.0,0.0040174759203837,1.3659999999999997,1.5255000000000045,-0.1282499999999942,1.3659999999999997,0.05,0.0,0.05,0.36,0.2,0.0,30.0,82.0,1,2,0.042081570788943895,0.9065658256417235,0.6936447726344993,28.0,2.0,Street-Fast,3,0.3522728391536788,0.40274099380716555,0.24498616703915563,101.569,100.203,SOFT,2.0,Q3
TSU,RB,2023,Bahrain Grand Prix,Bahrain International,5006.652008539475,15.0,0.0029960140977275,1.6920000000000073,1.5255000000000045,-0.1282499999999942,1.5089999999999932,0.05,0.0,0.05,0.22799999999999998,0.22799999999999998,0.0,28.6,15.0,0,1,0.07662692066868529,-0.4680556125916825,-0.5250797315138804,35.0,2.0,Permanent-Medium,2,0.3199343544857768,0.4292013129102844,0.2508643326039387,91.4,89.708,SOFT,2.0,Q2
TSU,RB,2023,Belgian Grand Prix,Spa-Francorchamps,6775.131165030146,19.0,0.0028043737511782,6.97999999999999,1.5255000000000045,-0.1282499999999942,1.617999999999995,0.1,0.0,0.1,0.525,0.33,0.0,23.5,89.0,0,2,2.227636715963657,0.6316415379950423,-0.7537292817396346,300.0,2.0,Permanent-Fast,2,0.28638597235479196,0.4496765298547036,0.26393749779050446,113.148,106.168,SOFT,3.0,Q2
TSU,RB,2023,British Grand Prix,Silverstone,5729.156782444218,18.0,0.003141823602237,3.305000000000007,1.5255000000000045,-0.1282499999999942,1.617999999999995,0.05,0.0,0.05,0.517,0.36200000000000004,0.0,21.9,81.0,0,2,0.9554129895418016,0.3567172503483611,-0.3511117846537936,140.0,2.0,Permanent-Fast,1,0.31401277422938073,0.40018883643432385,0.2857983893362955,90.025,86.72,SOFT,2.0,Q1
TSU,RB,2023,Canadian Grand Prix,Gilles Villeneuve,3927.405044134453,14.0,0.0035646947138566,4.021000000000001,1.5255000000000045,-0.1282499999999942,1.5089999999999932,1.65,1.5,0.15000000000000002,0.6020000000000001,0.42200000000000004,0.0,18.9,86.0,0,1,-1.2360664087705144,-0.7429799002383637,0.15342335743024896,22.0,2.0,Permanent-Medium,1,0.2900321465690184,0.3200275542020158,0.38994029922896567,82.746,78.725,INTERMEDIATE,4.0,Q1
TSU,RB,2023,Dutch Grand Prix,Zandvoort,4259.0,14.0,0.0032871566095327,9.663000000000011,1.5255000000000045,-0.1282499999999942,1.5089999999999932,1.65,1.5,0.15000000000000002,0.482,0.332,0.0,23.4,80.0,0,1,-0.8327458519410066,-0.7429799002383637,-0.1777123552044761,2.0,2.0,Permanent-Medium,2,0.34605509161161657,0.3422659852922847,0.3116789230960987,80.23,70.567,INTERMEDIATE,4.0,Q2
TSU,RB,2023,Hungarian Grand Prix,Hungaroring,4122.248439558155,14.0,0.0033962048152295,2.3100000000000023,1.5255000000000045,-0.1282499999999942,2.086500000000001,0.8500000000000001,0.8,0.05,0.0,0.0,0.0,44.7,33.0,0,0,-0.9990774397082004,-0.7429799002383637,-0.04760497628108983,150.0,1.0,Permanent-Slow,1,0.3601667532533357,0.35883627516821043,0.2809969715784538,78.919,76.609,HARD,2.0,Q1
TSU,RB,2023,Italian Grand Prix,Monza,5261.551646812222,11.0,0.0020906380357711,1.2999999999999972,1.5255000000000045,-0.1282499999999942,1.617999999999995,0.45,0.4,0.05,0.014000000000000058,0.014000000000000058,0.0,39.3,41.0,0,2,0.38666258986472024,-1.5677527631784072,-1.6053002230701332,120.0,2.0,Permanent-Fast,2,0.3315684976836532,0.33656886535774694,0.3318626369585999,81.594,80.294,MEDIUM,2.0,Q2
TSU,RB,2023,Japanese Grand Prix,Suzuka,5650.500064177964,18.0,0.0031855587639248,1.3269999999999982,1.5255000000000045,-0.1282499999999942,1.617999999999995,0.05,0.0,0.05,0.08799999999999997,0.08799999999999997,0.0,35.6,49.0,0,2,0.8597424407340858,0.3567172503483611,-0.29893057527368244,50.0,2.0,Permanent-Fast,3,0.3486985056095074,0.4512660192452663,0.2000354751452264,90.204,88.877,SOFT,2.0,Q3
TSU,RB,2023,Las Vegas Grand Prix,Las Vegas,6353.0,14.0,0.0022036832992287,3.7210000000000036,1.5255000000000045,-0.1282499999999942,1.3659999999999997,0.1,0.0,0.1,0.531,0.466,0.0,16.7,63.0,1,2,1.7141965277960156,-0.7429799002383637,-1.4704238825178961,600.0,2.0,Street-Fast,1,0.28819973664292303,0.3340902257198254,0.3777100376372516,96.447,92.726,SOFT,3.0,Q1
TSU,RB,2023,Mexico City Grand Prix,Hermanos Rodriguez,4309.0,17.0,0.0039452309120445,1.7240000000000038,1.5255000000000045,-0.1282499999999942,1.5089999999999932,0.05,0.0,0.05,0.0,0.0,0.0,45.3,28.0,0,1,-0.7719306088718323,0.0817929627016799,0.6074479515566137,2240.0,2.0,Permanent-Medium,2,0.35288376220053236,0.3880846748637343,0.25903156293573326,78.89,77.166,SOFT,2.0,Q2
TSU,RB,2023,Miami Grand Prix,Miami,5412.0,19.0,0.003510716925351,1.615000000000009,1.5255000000000045,-0.1282499999999942,1.2515,0.15000000000000002,0.0,0.15000000000000002,0.05,0.0,0.0,42.5,60.0,1,1,0.5696536532341541,0.6316415379950423,0.08902148545382091,3.0,3.0,Street-Medium,1,0.33483359531375456,0.38099492248018185,0.28417148220606364,88.429,86.814,SOFT,4.0,Q1
TSU,RB,2023,Monaco Grand Prix,Monaco,2982.89347053333,19.0,0.0063696542259026,0.7169999999999987,1.5255000000000045,-0.1282499999999942,1.007000000000005,0.1,0.0,0.1,0.0,0.0,0.0,44.5,34.0,1,0,-2.3848804273745277,0.6316415379950423,3.5000710878223424,10.0,1.0,Street-Slow,3,0.26006492605643566,0.47488970894259314,0.2650453650009711,72.082,71.365,SOFT,3.0,Q3
TSU,RB,2023,Qatar Grand Prix,Losail,5380.0,16.0,0.0029739776951672,1.5229999999999961,1.5255000000000045,-0.1282499999999942,1.5089999999999932,0.05,0.0,0.05,0.15099999999999997,0.11599999999999995,0.0,34.2,57.0,0,1,0.5307318976698825,-0.1931313249450013,-0.5513717604354108,20.0,2.0,Permanent-Medium,2,0.37030046541072204,0.3388588644916238,0.2908406700976542,85.301,83.778,SOFT,2.0,Q2
TSU,RB,2023,Saudi Arabian Grand Prix,Jeddah,6174.0,27.0,0.0043731778425655,1.6739999999999924,1.5255000000000045,-0.1282499999999942,1.3659999999999997,0.15000000000000002,0.0,0.15000000000000002,0.15599999999999994,0.15599999999999994,0.0,32.2,44.0,1,2,1.4964779576083713,2.8310358391684916,1.1180391446222482,15.0,3.0,Street-Fast,1,0.3631906069669443,0.31797106928029,0.3188383237527658,89.939,88.265,SOFT,4.0,Q1
TSU,RB,2023,Singapore Grand Prix,Marina Bay,4956.5492831458605,23.0,0.0046403250903221,1.007000000000005,1.5255000000000045,-0.1282499999999942,1.007000000000005,0.05,0.0,0.05,0.23400000000000007,0.10400000000000006,0.0,34.8,76.0,1,0,0.01568673220387009,1.731338688581767,1.436777339075894,10.0,1.0,Street-Slow,3,0.29543107477905445,0.42120424824167574,0.28336467697926965,91.991,90.984,SOFT,2.0,Q3
TSU,RB,2023,Spanish Grand Prix,Barcelona-Catalunya,4348.990357163425,16.0,0.003679014825509,1.5899999999999892,1.5255000000000045,-0.1282499999999942,1.5089999999999932,0.05,0.0,0.05,0.426,0.306,0.0,24.7,74.0,0,1,-0.7232901430454965,-0.1931313249450013,0.28982074233246696,110.0,1.0,Permanent-Medium,2,0.29678319027375377,0.4020741382578322,0.30114267146841406,73.862,72.272,SOFT,2.0,Q2
TSU,RB,2023,São Paulo Grand Prix,Interlagos,4309.0,15.0,0.0034810860988628,0.8160000000000025,1.5255000000000045,-0.1282499999999942,1.5089999999999932,0.05,0.0,0.05,0.06099999999999994,0.025999999999999943,0.0,38.7,57.0,0,1,-0.7719306088718323,-0.4680556125916825,0.05366841251622112,800.0,2.0,Permanent-Medium,1,0.2621934864548189,0.5060773324674959,0.23172918107768542,70.837,70.021,SOFT,2.0,Q1
TSU,RB,2023,United States Grand Prix,COTA,5337.916050454483,20.0,0.0037467805433727,0.9740000000000038,1.5255000000000045,-0.1282499999999942,1.617999999999995,0.05,0.0,0.05,0.0,0.0,0.0,41.1,13.0,0,2,0.4795449852514533,0.9065658256417235,0.37067324124127227,230.0,3.0,Permanent-Fast,2,0.2682842722342393,0.40287574323124026,0.3288399845345204,95.697,94.723,SOFT,2.0,Q2
TSU,RB,2024,Abu Dhabi Grand Prix,Yas Marina,5333.449274375974,21.0,0.0039374144047628,0.8239999999999981,1.2225000000000001,-0.11625000000000085,1.5089999999999932,0.05,0.0,0.05,0.31100000000000005,0.21600000000000003,0.0,29.2,69.0,0,1,0.4741120237924506,1.1814901132884046,0.59812193588988,10.0,2.0,Permanent-Medium,2,0.20525299991608628,0.43195195339191317,0.36279504669200063,83.419,82.595,SOFT,2.0,Q2
TSU,RB,2024,Australian Grand Prix,Albert Park,4843.53245567963,14.0,0.0028904523977295,0.8729999999999905,1.2225000000000001,-0.11625000000000085,1.2515,0.05,0.0,0.05,0.16400000000000006,0.14400000000000007,0.0,32.8,54.0,1,1,-0.12177618446144439,-0.7429799002383637,-0.6510272976721347,31.0,2.0,Street-Medium,3,0.34527530343282803,0.22799135281554408,0.4267333437516278,76.788,75.915,SOFT,2.0,Q3
TSU,RB,2024,Austrian Grand Prix,Red Bull Ring,3999.68196710701,10.0,0.0025001987863632,1.0980000000000132,1.2225000000000001,-0.11625000000000085,1.617999999999995,0.05,0.0,0.05,0.0,0.0,0.0,46.4,37.0,0,2,-1.148155635993153,-1.8426770508250885,-1.1166459125389459,700.0,2.0,Permanent-Fast,2,0.2510548523206751,0.4470892191035284,0.30185592857579646,65.412,64.314,SOFT,2.0,Q2
TSU,RB,2024,Azerbaijan Grand Prix,Baku City,4978.250124294395,20.0,0.0040174759203837,1.6700000000000017,1.2225000000000001,-0.11625000000000085,1.3659999999999997,0.05,0.0,0.05,0.06400000000000006,0.06400000000000006,0.0,36.8,35.0,1,2,0.042081570788943895,0.9065658256417235,0.6936447726344993,28.0,2.0,Street-Fast,2,0.35434561071480564,0.4044062697141748,0.24124811957101955,103.035,101.365,SOFT,2.0,Q2
TSU,RB,2024,Bahrain Grand Prix,Bahrain International,5006.652008539475,15.0,0.0029960140977275,0.9639999999999986,1.2225000000000001,-0.11625000000000085,1.5089999999999932,0.05,0.0,0.05,0.376,0.376,0.0,21.2,46.0,0,1,0.07662692066868529,-0.4680556125916825,-0.5250797315138804,35.0,2.0,Permanent-Medium,2,0.31977498918217223,0.4296841194288186,0.2505408913890091,90.129,89.165,SOFT,2.0,Q2
TSU,RB,2024,Belgian Grand Prix,Spa-Francorchamps,6775.131165030146,19.0,0.0028043737511782,3.4339999999999975,1.2225000000000001,-0.11625000000000085,1.617999999999995,1.55,1.5,0.05,0.569,0.354,0.0,22.3,93.0,0,2,2.227636715963657,0.6316415379950423,-0.7537292817396346,300.0,2.0,Permanent-Fast,1,0.28557460567958626,0.4535006389748956,0.2609247553455182,116.593,113.159,INTERMEDIATE,2.0,Q1
TSU,RB,2024,British Grand Prix,Silverstone,5729.156782444218,18.0,0.003141823602237,1.4500000000000028,1.2225000000000001,-0.11625000000000085,1.617999999999995,0.05,0.0,0.05,0.496,0.376,0.0,21.2,74.0,0,2,0.9554129895418016,0.3567172503483611,-0.3511117846537936,140.0,2.0,Permanent-Fast,2,0.322164800788367,0.40292658332282943,0.2749086158888036,87.269,85.819,SOFT,2.0,Q2
TSU,RB,2024,Canadian Grand Prix,Gilles Villeneuve,3927.405044134453,14.0,0.0035646947138566,0.5609999999999928,1.2225000000000001,-0.11625000000000085,1.5089999999999932,0.05,0.0,0.05,0.259,0.19399999999999998,0.0,30.3,63.0,0,1,-1.2360664087705144,-0.7429799002383637,0.15342335743024896,22.0,2.0,Permanent-Medium,3,0.2798500753772319,0.317317400384493,0.402832524238275,72.303,71.742,SOFT,2.0,Q3
TSU,RB,2024,Chinese Grand Prix,Shanghai International,5161.238099433068,16.0,0.0031000313668453,2.0859999999999985,1.2225000000000001,-0.11625000000000085,1.617999999999995,0.05,0.0,0.05,0.13799999999999996,0.10799999999999997,0.0,34.6,56.0,0,2,0.2646507345248319,-0.1931313249450013,-0.4009748536645922,5.0,3.0,Permanent-Fast,1,0.26365592296283913,0.30249827669041,0.43384580034675074,95.746,93.66,SOFT,2.0,Q1
TSU,RB,2024,Dutch Grand Prix,Zandvoort,4259.0,14.0,0.0032871566095327,1.2819999999999965,1.2225000000000001,-0.11625000000000085,1.5089999999999932,0.05,0.0,0.05,0.313,0.22799999999999998,0.0,28.6,67.0,0,1,-0.8327458519410066,-0.7429799002383637,-0.1777123552044761,2.0,2.0,Permanent-Medium,2,0.3417095342118244,0.35573250651821575,0.3025579592699598,70.955,69.673,SOFT,2.0,Q2
TSU,RB,2024,Emilia Romagna Grand Prix,Imola,4909.0,19.0,0.003870442045223,0.612000000000009,1.2225000000000001,-0.11625000000000085,1.5089999999999932,0.05,0.0,0.05,0.0,0.0,0.0,41.8,43.0,0,1,-0.04214769204173995,0.6316415379950423,0.5182160070911476,37.0,1.0,Permanent-Medium,3,0.31483054221184215,0.345855781735184,0.3393136760529738,75.358,74.746,SOFT,2.0,Q3
TSU,RB,2024,Hungarian Grand Prix,Hungaroring,4122.248439558155,14.0,0.0033962048152295,0.8939999999999912,1.2225000000000001,-0.11625000000000085,2.086500000000001,0.05,0.0,0.05,3.723,0.17799999999999996,3.5,31.1,59.0,0,0,-0.9990774397082004,-0.7429799002383637,-0.04760497628108983,150.0,1.0,Permanent-Slow,3,0.3649978323984183,0.3540415916764099,0.28096057592517176,76.121,75.227,SOFT,2.0,Q3
TSU,RB,2024,Italian Grand Prix,Monza,5261.551646812222,11.0,0.0020906380357711,1.617999999999995,1.2225000000000001,-0.11625000000000085,1.617999999999995,0.05,0.0,0.05,0.0,0.0,0.0,49.1,37.0,0,2,0.38666258986472024,-1.5677527631784072,-1.6053002230701332,120.0,2.0,Permanent-Fast,1,0.3282722836493916,0.33857557600840077,0.3331521403422077,80.945,79.327,SOFT,2.0,Q1
TSU,RB,2024,Japanese Grand Prix,Suzuka,5650.500064177964,18.0,0.0031855587639248,1.215999999999994,1.2225000000000001,-0.11625000000000085,1.617999999999995,0.05,0.0,0.05,0.36200000000000004,0.30200000000000005,0.0,24.9,62.0,0,2,0.8597424407340858,0.3567172503483611,-0.29893057527368244,50.0,2.0,Permanent-Fast,3,0.35026226611342864,0.4501358862805184,0.1996018476060528,89.413,88.197,SOFT,2.0,Q3
TSU,RB,2024,Las Vegas Grand Prix,Las Vegas,6353.0,14.0,0.0022036832992287,0.7169999999999987,1.2225000000000001,-0.11625000000000085,1.3659999999999997,0.1,0.0,0.1,0.528,0.528,0.0,13.6,26.0,1,2,1.7141965277960156,-0.7429799002383637,-1.4704238825178961,600.0,2.0,Street-Fast,3,0.2806436702533619,0.33482032484494084,0.38453600490169737,93.029,92.312,SOFT,3.0,Q3
TSU,RB,2024,Mexico City Grand Prix,Hermanos Rodriguez,4309.0,17.0,0.0039452309120445,1.183000000000007,1.2225000000000001,-0.11625000000000085,1.5089999999999932,0.05,0.0,0.05,0.03400000000000006,0.03400000000000006,0.0,38.3,40.0,0,1,-0.7719306088718323,0.0817929627016799,0.6074479515566137,2240.0,2.0,Permanent-Medium,2,0.35584540185922287,0.3858211567633445,0.2583334413774326,77.129,75.946,SOFT,2.0,Q2
TSU,RB,2024,Miami Grand Prix,Miami,5412.0,19.0,0.003510716925351,0.9260000000000019,1.2225000000000001,-0.11625000000000085,1.2515,0.05,0.0,0.05,0.025,0.0,0.0,46.3,55.0,1,1,0.5696536532341541,0.6316415379950423,0.08902148545382091,3.0,3.0,Street-Medium,2,0.3323125432418025,0.38307983712726984,0.2846076196309277,88.167,87.241,SOFT,2.0,Q2
TSU,RB,2024,Monaco Grand Prix,Monaco,2982.89347053333,19.0,0.0063696542259026,0.5880000000000081,1.2225000000000001,-0.11625000000000085,1.007000000000005,0.05,0.0,0.05,0.06,0.0,0.0,43.8,62.0,1,0,-2.3848804273745277,0.6316415379950423,3.5000710878223424,10.0,1.0,Street-Slow,3,0.2624262609726495,0.47235315701826186,0.2652205820090886,70.858,70.27,SOFT,2.0,Q3
TSU,RB,2024,Qatar Grand Prix,Losail,5380.0,16.0,0.0029739776951672,1.2510000000000048,1.2225000000000001,-0.11625000000000085,1.5089999999999932,0.05,0.0,0.05,0.415,0.37,0.0,21.5,59.0,0,1,0.5307318976698825,-0.1931313249450013,-0.5513717604354108,20.0,2.0,Permanent-Medium,2,0.3690672732386787,0.3388365068300498,0.2920962199312715,81.771,80.52,SOFT,2.0,Q2
TSU,RB,2024,Saudi Arabian Grand Prix,Jeddah,6174.0,27.0,0.0043731778425655,1.0750000000000028,1.2225000000000001,-0.11625000000000085,1.3659999999999997,0.05,0.0,0.05,0.225,0.2,0.0,30.0,55.0,1,2,1.4964779576083713,2.8310358391684916,1.1180391446222482,15.0,3.0,Street-Fast,3,0.36342281500220225,0.31745852485120896,0.31911866014658885,88.547,87.472,SOFT,2.0,Q3
TSU,RB,2024,Singapore Grand Prix,Marina Bay,4956.5492831458605,23.0,0.0046403250903221,0.7639999999999958,1.2225000000000001,-0.11625000000000085,1.007000000000005,0.05,0.0,0.05,0.30299999999999994,0.15799999999999997,0.0,32.1,79.0,1,0,0.01568673220387009,1.731338688581767,1.436777339075894,10.0,1.0,Street-Slow,3,0.2964812989400702,0.41972997818117375,0.283788722878756,90.289,89.525,SOFT,2.0,Q3
TSU,RB,2024,Spanish Grand Prix,Barcelona-Catalunya,4348.990357163425,16.0,0.003679014825509,1.6020000000000039,1.2225000000000001,-0.11625000000000085,1.5089999999999932,0.05,0.0,0.05,0.15599999999999994,0.06599999999999995,0.0,36.7,68.0,0,1,-0.7232901430454965,-0.1931313249450013,0.28982074233246696,110.0,1.0,Permanent-Medium,1,0.2968418168116736,0.40021922312804004,0.30293896006028637,72.985,71.383,SOFT,2.0,Q1
TSU,RB,2024,São Paulo Grand Prix,Interlagos,4309.0,15.0,0.0034810860988628,0.7060000000000031,1.2225000000000001,-0.11625000000000085,1.5089999999999932,1.55,1.5,0.05,4.026,0.316,3.5,24.2,92.0,0,1,-0.7719306088718323,-0.4680556125916825,0.05366841251622112,800.0,2.0,Permanent-Medium,3,0.25573349502443204,0.5280522167136285,0.2162142882619396,84.111,83.405,INTERMEDIATE,2.0,Q3
TSU,RB,2024,United States Grand Prix,COTA,5337.916050454483,20.0,0.0037467805433727,1.176000000000002,1.2225000000000001,-0.11625000000000085,1.617999999999995,0.05,0.0,0.05,0.04400000000000006,0.04400000000000006,0.0,37.8,38.0,0,2,0.4795449852514533,0.9065658256417235,0.37067324124127227,230.0,3.0,Permanent-Fast,2,0.2690201698286741,0.4006160032511283,0.3303638269201976,93.506,92.33,SOFT,2.0,Q2
VER,Red Bull Racing,2019,Abu Dhabi Grand Prix,Yas Marina,5333.449274375974,21.0,0.0039374144047628,0.35999999999999943,0.7139999999999986,-0.2729999999999997,0.10999999999999943,0.05,0.0,0.05,0.3175,0.23399999999999999,0.0,28.3,66.7,0,1,0.4741120237924506,1.1814901132884046,0.59812193588988,10.0,2.0,Permanent-Medium,3,0.17833906179379644,0.42908796602865285,0.3925729721775507,95.139,94.779,SOFT,2.0,Q3
VER,Red Bull Racing,2019,Australian Grand Prix,Albert Park,4843.53245567963,14.0,0.0028904523977295,0.833999999999989,0.7139999999999986,-0.2729999999999997,0.0,0.05,0.0,0.05,0.20299999999999996,0.11,0.0,34.5,68.6,1,1,-0.12177618446144439,-0.7429799002383637,-0.6510272976721347,31.0,2.0,Street-Medium,3,0.3299188391539597,0.2736350221347762,0.39644613871126416,81.32,80.486,SOFT,2.0,Q3
VER,Red Bull Racing,2019,Austrian Grand Prix,Red Bull Ring,3999.68196710701,10.0,0.0025001987863632,0.43599999999999994,0.7139999999999986,-0.2729999999999997,0.14499999999999602,0.05,0.0,0.05,0.0,0.0,0.0,50.0,25.9,0,2,-1.148155635993153,-1.8426770508250885,-1.1166459125389459,700.0,2.0,Permanent-Fast,3,0.2541338924005738,0.44412742949920403,0.3017386781002223,63.439,63.003,SOFT,2.0,Q3
VER,Red Bull Racing,2019,Azerbaijan Grand Prix,Baku City,4978.250124294395,20.0,0.0040174759203837,0.5739999999999981,0.7139999999999986,-0.2729999999999997,0.3470000000000084,0.15000000000000002,0.0,0.15000000000000002,0.41200000000000003,0.266,0.0,26.7,79.2,1,2,0.042081570788943895,0.9065658256417235,0.6936447726344993,28.0,2.0,Street-Fast,3,0.35106709277820103,0.40034036153518887,0.24859254568661013,101.069,100.495,SOFT,4.0,Q3
VER,Red Bull Racing,2019,Bahrain Grand Prix,Bahrain International,5006.652008539475,15.0,0.0029960140977275,0.8859999999999957,0.7139999999999986,-0.2729999999999997,0.10999999999999943,0.05,0.0,0.05,0.27849999999999997,0.244,0.0,27.8,56.9,0,1,0.07662692066868529,-0.4680556125916825,-0.5250797315138804,35.0,2.0,Permanent-Medium,3,0.3170407427438255,0.43188885884261763,0.2510703984135569,88.752,87.866,SOFT,2.0,Q3
VER,Red Bull Racing,2019,Belgian Grand Prix,Spa-Francorchamps,6775.131165030146,19.0,0.0028043737511782,1.1709999999999923,0.7139999999999986,-0.2729999999999997,0.14499999999999602,0.05,0.0,0.05,0.0,0.0,0.0,40.0,37.6,0,2,2.227636715963657,0.6316415379950423,-0.7537292817396346,300.0,2.0,Permanent-Fast,3,0.2959205323560613,0.42815121998264055,0.2759282476612981,103.69,102.519,SOFT,2.0,Q3
VER,Red Bull Racing,2019,Brazilian Grand Prix,Interlagos,4309.0,15.0,0.0034810860988628,0.0,0.7139999999999986,-0.2729999999999997,0.10999999999999943,0.05,0.0,0.05,0.19449999999999995,0.11599999999999995,0.0,34.2,65.7,0,1,-0.7719306088718323,-0.4680556125916825,0.05366841251622112,800.0,2.0,Permanent-Medium,3,0.25813667540701896,0.5073107861872805,0.23455253840570048,67.503,67.503,SOFT,2.0,Q3
VER,Red Bull Racing,2019,British Grand Prix,Silverstone,5729.156782444218,18.0,0.003141823602237,0.18299999999999272,0.7139999999999986,-0.2729999999999997,0.14499999999999602,0.05,0.0,0.05,0.30200000000000005,0.21200000000000002,0.0,29.4,68.0,0,2,0.9554129895418016,0.3567172503483611,-0.3511117846537936,140.0,2.0,Permanent-Fast,3,0.3225643791922698,0.4047563206529387,0.2726793001547915,85.276,85.093,SOFT,2.0,Q3
VER,Red Bull Racing,2019,Canadian Grand Prix,Gilles Villeneuve,3927.405044134453,14.0,0.0035646947138566,1.3790000000000049,0.7139999999999986,-0.2729999999999997,0.10999999999999943,0.15000000000000002,0.0,0.15000000000000002,0.0,0.0,0.0,47.8,23.2,0,1,-1.2360664087705144,-0.7429799002383637,0.15342335743024896,22.0,2.0,Permanent-Medium,3,0.2764908753263799,0.31798824334324693,0.40552088133037323,71.619,70.24,SOFT,4.0,Q3
VER,Red Bull Racing,2019,Chinese Grand Prix,Shanghai International,5161.238099433068,16.0,0.0031000313668453,0.5420000000000016,0.7139999999999986,-0.2729999999999997,0.14499999999999602,0.05,0.0,0.05,0.17,0.17,0.0,31.5,49.4,0,2,0.2646507345248319,-0.1931313249450013,-0.4009748536645922,5.0,3.0,Permanent-Fast,3,0.2614753119265059,0.29725591547307495,0.4412687726004192,92.089,91.547,SOFT,2.0,Q3
VER,Red Bull Racing,2019,French Grand Prix,Paul Ricard,5247.8799638259,15.0,0.0028582970844219,1.0900000000000034,0.7139999999999986,-0.2729999999999997,0.14499999999999602,0.05,0.0,0.05,0.0,0.0,0.0,52.4,43.2,0,2,0.37003365538516214,-0.4680556125916825,-0.6893923813172924,40.0,3.0,Permanent-Fast,3,0.24943797604268028,0.30927535259313943,0.44128667136418037,89.409,88.319,SOFT,2.0,Q3
VER,Red Bull Racing,2019,German Grand Prix,Hockenheimring,4317.957322804004,17.0,0.0039370467860392,0.34600000000000364,0.7139999999999986,-0.2729999999999997,0.10999999999999943,0.05,0.0,0.05,0.0,0.0,0.0,44.1,50.0,0,1,-0.7610357736003405,0.0817929627016799,0.5976833233674174,100.0,2.0,Permanent-Medium,3,0.2151761818257457,0.48170232829032217,0.30312148988393217,72.113,71.767,SOFT,2.0,Q3
VER,Red Bull Racing,2019,Hungarian Grand Prix,Hungaroring,4122.248439558155,14.0,0.0033962048152295,0.0,0.7139999999999986,-0.2729999999999997,0.1385000000000005,0.05,0.0,0.05,0.0,0.0,0.0,40.1,48.4,0,0,-0.9990774397082004,-0.7429799002383637,-0.04760497628108983,150.0,1.0,Permanent-Slow,3,0.36334012766185697,0.35477122780668346,0.2818886445314595,74.572,74.572,SOFT,2.0,Q3
VER,Red Bull Racing,2019,Japanese Grand Prix,Suzuka,5650.500064177964,18.0,0.0031855587639248,0.7870000000000061,0.7139999999999986,-0.2729999999999997,0.14499999999999602,0.05,0.0,0.05,0.09049999999999997,0.03799999999999997,0.0,38.1,60.5,0,2,0.8597424407340858,0.3567172503483611,-0.29893057527368244,50.0,2.0,Permanent-Fast,3,0.34650715415874606,0.4530398060352187,0.2004530398060352,87.851,87.064,SOFT,2.0,Q3
VER,Red Bull Racing,2019,Mexican Grand Prix,Hermanos Rodriguez,4309.0,17.0,0.0039452309120445,0.0,0.7139999999999986,-0.2729999999999997,0.10999999999999943,0.05,0.0,0.05,0.11850000000000006,0.10400000000000006,0.0,34.8,52.9,0,1,-0.7719306088718323,0.0817929627016799,0.6074479515566137,2240.0,2.0,Permanent-Medium,3,0.35758045961636215,0.3823804810187538,0.2600390593648841,74.758,74.758,SOFT,2.0,Q3
VER,Red Bull Racing,2019,Monaco Grand Prix,Monaco,2982.89347053333,19.0,0.0063696542259026,0.4519999999999982,0.7139999999999986,-0.2729999999999997,0.29699999999999704,0.05,0.0,0.05,0.06100000000000001,0.0,0.0,41.8,62.2,1,0,-2.3848804273745277,0.6316415379950423,3.5000710878223424,10.0,1.0,Street-Slow,3,0.26212863575858847,0.4707723243365714,0.26709903990484013,70.618,70.166,SOFT,2.0,Q3
VER,Red Bull Racing,2019,Russian Grand Prix,Sochi Autodrom,5760.2985642132535,18.0,0.0031248380269432,0.6820000000000022,0.7139999999999986,-0.2729999999999997,0.10999999999999943,0.05,0.0,0.05,0.24650000000000002,0.20200000000000004,0.0,29.9,58.9,0,1,0.993290890099623,0.3567172503483611,-0.37137758056360215,5.0,2.0,Permanent-Medium,3,0.36485754522803593,0.34276893077673054,0.2923735239952335,92.31,91.628,SOFT,2.0,Q3
VER,Red Bull Racing,2019,Singapore Grand Prix,Marina Bay,4956.5492831458605,23.0,0.0046403250903221,0.5960000000000036,0.7139999999999986,-0.2729999999999997,0.29699999999999704,0.05,0.0,0.05,0.17699999999999996,0.12599999999999995,0.0,33.7,60.2,1,0,0.01568673220387009,1.731338688581767,1.436777339075894,10.0,1.0,Street-Slow,3,0.27541755755941866,0.3839773584126099,0.34060508402797146,96.813,96.217,SOFT,2.0,Q3
VER,Red Bull Racing,2019,Spanish Grand Prix,Barcelona-Catalunya,4348.990357163425,16.0,0.003679014825509,0.9509999999999934,0.7139999999999986,-0.2729999999999997,0.10999999999999943,0.05,0.0,0.05,0.11799999999999997,0.08799999999999997,0.0,35.6,56.0,0,1,-0.7232901430454965,-0.1931313249450013,0.28982074233246696,110.0,1.0,Permanent-Medium,3,0.2849902431997066,0.37028694160325837,0.34472281519703496,76.357,75.406,SOFT,2.0,Q3
VER,Red Bull Racing,2019,United States Grand Prix,COTA,5337.916050454483,20.0,0.0037467805433727,0.06700000000000728,0.7139999999999986,-0.2729999999999997,0.14499999999999602,0.05,0.0,0.05,0.294,0.294,0.0,25.3,24.6,0,2,0.4795449852514533,0.9065658256417235,0.37067324124127227,230.0,3.0,Permanent-Fast,3,0.2682635510771369,0.4014072272411397,0.3303292216817234,92.096,92.029,SOFT,2.0,Q3
VER,Red Bull Racing,2020,70th Anniversary Grand Prix,Silverstone,5729.156782444218,18.0,0.003141823602237,1.0220000000000056,0.7335000000000065,-0.29000000000000625,0.14499999999999602,0.05,0.0,0.05,0.023500000000000017,0.0020000000000000287,0.0,39.9,54.3,0,2,0.9554129895418016,0.3567172503483611,-0.3511117846537936,140.0,2.0,Permanent-Fast,3,0.318418121054586,0.4069346453769031,0.274647233568511,86.176,85.154,SOFT,2.0,Q3
VER,Red Bull Racing,2020,Abu Dhabi Grand Prix,Yas Marina,5333.449274375974,21.0,0.0039374144047628,0.0,0.7335000000000065,-0.29000000000000625,0.10999999999999943,0.05,0.0,0.05,0.315,0.254,0.0,27.3,62.2,0,1,0.4741120237924506,1.1814901132884046,0.59812193588988,10.0,2.0,Permanent-Medium,3,0.1788001595867543,0.4278394893223862,0.39336035109085943,95.246,95.246,SOFT,2.0,Q3
VER,Red Bull Racing,2020,Austrian Grand Prix,Red Bull Ring,3999.68196710701,10.0,0.0025001987863632,0.5379999999999967,0.7335000000000065,-0.29000000000000625,0.14499999999999602,0.05,0.0,0.05,0.0,0.0,0.0,48.8,33.3,0,2,-1.148155635993153,-1.8426770508250885,-1.1166459125389459,700.0,2.0,Permanent-Fast,3,0.2548324590008979,0.44181357026954643,0.30335397072955556,63.477,62.939,SOFT,2.0,Q3
VER,Red Bull Racing,2020,Bahrain Grand Prix,Bahrain International,5006.652008539475,15.0,0.0029960140977275,0.4140000000000015,0.7335000000000065,-0.29000000000000625,0.10999999999999943,0.05,0.0,0.05,0.30200000000000005,0.256,0.0,27.2,59.2,0,1,0.07662692066868529,-0.4680556125916825,-0.5250797315138804,35.0,2.0,Permanent-Medium,3,0.31665868290791305,0.4311685941741372,0.2521727229179498,87.678,87.264,SOFT,2.0,Q3
VER,Red Bull Racing,2020,Belgian Grand Prix,Spa-Francorchamps,6775.131165030146,19.0,0.0028043737511782,0.5260000000000105,0.7335000000000065,-0.29000000000000625,0.14499999999999602,0.05,0.0,0.05,0.383,0.326,0.0,23.7,61.4,0,2,2.227636715963657,0.6316415379950423,-0.7537292817396346,300.0,2.0,Permanent-Fast,3,0.299141268250506,0.4229401245848808,0.2779186071646132,101.778,101.252,SOFT,2.0,Q3
VER,Red Bull Racing,2020,British Grand Prix,Silverstone,5729.156782444218,18.0,0.003141823602237,1.0220000000000056,0.7335000000000065,-0.29000000000000625,0.14499999999999602,0.05,0.0,0.05,0.021499999999999988,0.0,0.0,40.6,54.3,0,2,0.9554129895418016,0.3567172503483611,-0.3511117846537936,140.0,2.0,Permanent-Fast,3,0.3201992382068561,0.40321125109874006,0.2765895106944037,85.325,84.303,SOFT,2.0,Q3
VER,Red Bull Racing,2020,Eifel Grand Prix,Hockenheimring,4317.957322804004,17.0,0.0039370467860392,0.1979999999999933,0.7335000000000065,-0.29000000000000625,0.10999999999999943,0.05,0.0,0.05,0.512,0.47200000000000003,0.0,16.4,58.0,0,1,-0.7610357736003405,0.0817929627016799,0.5976833233674174,100.0,2.0,Permanent-Medium,3,0.3253185439994384,0.4158681128388735,0.25881334316168814,85.467,85.269,SOFT,2.0,Q3
VER,Red Bull Racing,2020,Emilia Romagna Grand Prix,Imola,4909.0,19.0,0.003870442045223,0.5670000000000073,0.7335000000000065,-0.29000000000000625,0.10999999999999943,0.05,0.0,0.05,0.411,0.322,0.0,23.9,67.8,0,1,-0.04214769204173995,0.6316415379950423,0.5182160070911476,37.0,1.0,Permanent-Medium,3,0.3201844262295082,0.34346688955996546,0.3363486842105263,74.176,73.609,SOFT,2.0,Q3
VER,Red Bull Racing,2020,Hungarian Grand Prix,Hungaroring,4122.248439558155,14.0,0.0033962048152295,1.402000000000001,0.7335000000000065,-0.29000000000000625,0.1385000000000005,0.05,0.0,0.05,0.378,0.27,0.0,26.5,71.6,0,0,-0.9990774397082004,-0.7429799002383637,-0.04760497628108983,150.0,1.0,Permanent-Slow,3,0.364226642974522,0.3520554716829884,0.28371788534248954,74.849,73.447,SOFT,2.0,Q3
VER,Red Bull Racing,2020,Italian Grand Prix,Monza,5261.551646812222,11.0,0.0020906380357711,0.8930000000000007,0.7335000000000065,-0.29000000000000625,0.14499999999999602,0.05,0.0,0.05,0.0,0.0,0.0,45.3,42.0,0,2,0.38666258986472024,-1.5677527631784072,-1.6053002230701332,120.0,2.0,Permanent-Fast,3,0.3352970669340687,0.3350087741288543,0.329694158937077,79.78,78.887,SOFT,2.0,Q3
VER,Red Bull Racing,2020,Portuguese Grand Prix,Portimao,4653.0,15.0,0.0032237266279819,0.4130000000000109,0.7335000000000065,-0.29000000000000625,0.10999999999999943,0.2,0.0,0.2,0.09,0.09,0.0,35.5,48.1,0,1,-0.3535217365559127,-0.4680556125916825,-0.25339180900199537,90.0,1.0,Permanent-Medium,3,0.2910157520259109,0.3829654391966597,0.3260188087774295,76.879,76.466,SOFT,5.0,Q3
VER,Red Bull Racing,2020,Russian Grand Prix,Sochi Autodrom,5760.2985642132535,18.0,0.0031248380269432,0.5630000000000024,0.7335000000000065,-0.29000000000000625,0.10999999999999943,0.05,0.0,0.05,0.1985,0.17600000000000002,0.0,31.2,54.5,0,1,0.993290890099623,0.3567172503483611,-0.37137758056360215,5.0,2.0,Permanent-Medium,3,0.3647991117593913,0.3441170387625589,0.29108384947804977,91.867,91.304,SOFT,2.0,Q3
VER,Red Bull Racing,2020,Sakhir Grand Prix,Bahrain International,5006.652008539475,15.0,0.0029960140977275,0.055999999999997385,0.7335000000000065,-0.29000000000000625,0.10999999999999943,0.05,0.0,0.05,0.4015,0.264,0.0,26.8,77.5,0,1,0.07662692066868529,-0.4680556125916825,-0.5250797315138804,35.0,2.0,Permanent-Medium,3,0.34959669118335107,0.3469953025284,0.30340800628824877,53.433,53.377,SOFT,2.0,Q3
VER,Red Bull Racing,2020,Spanish Grand Prix,Barcelona-Catalunya,4348.990357163425,16.0,0.003679014825509,0.7079999999999984,0.7335000000000065,-0.29000000000000625,0.10999999999999943,0.05,0.0,0.05,0.011000000000000015,0.0,0.0,48.6,52.2,0,1,-0.7232901430454965,-0.1931313249450013,0.28982074233246696,110.0,1.0,Permanent-Medium,3,0.28266397525297543,0.37111361610653804,0.3462224086404866,76.292,75.584,SOFT,2.0,Q3
VER,Red Bull Racing,2020,Styrian Grand Prix,Red Bull Ring,3999.68196710701,10.0,0.0025001987863632,0.11299999999999955,0.7335000000000065,-0.29000000000000625,0.14499999999999602,2.7,2.5,0.2,4.099,0.40399999999999997,3.5,19.8,89.0,0,2,-1.148155635993153,-1.8426770508250885,-1.1166459125389459,700.0,2.0,Permanent-Fast,3,0.2448356385845159,0.44512304652416024,0.31004131489132386,77.938,77.825,WET,5.0,Q3
VER,Red Bull Racing,2020,Turkish Grand Prix,Istanbul Park,5338.0,14.0,0.0026227051330086,0.29000000000000625,0.7335000000000065,-0.29000000000000625,0.14499999999999602,2.2,1.5,0.7000000000000001,0.7405,0.54,0.0,13.0,90.1,0,2,0.47964709349177603,-0.7429799002383637,-0.9704813831763092,130.0,1.0,Permanent-Fast,3,0.3768543797140345,0.349229559020869,0.2739160612650965,108.055,107.765,INTERMEDIATE,15.0,Q3
VER,Red Bull Racing,2020,Tuscan Grand Prix,Mugello,5245.0,15.0,0.0028598665395614,0.3269999999999982,0.7335000000000065,-0.29000000000000625,0.14499999999999602,0.05,0.0,0.05,0.0,0.0,0.0,45.0,41.6,0,2,0.36653074138311176,-0.4680556125916825,-0.6875198361136977,255.0,1.0,Permanent-Fast,3,0.35853506644936467,0.27626505545176294,0.3651998780988724,75.471,75.144,SOFT,2.0,Q3
VER,Red Bull Racing,2021,Abu Dhabi Grand Prix,Yas Marina,5333.449274375974,21.0,0.0039374144047628,0.0,0.4877500000000019,-0.22150000000000603,0.10999999999999943,0.05,0.0,0.05,0.2935,0.24,0.0,28.0,60.7,0,1,0.4741120237924506,1.1814901132884046,0.59812193588988,10.0,2.0,Permanent-Medium,3,0.20525155585867566,0.4340937047095933,0.36065473943173093,82.109,82.109,SOFT,2.0,Q3
VER,Red Bull Racing,2021,Austrian Grand Prix,Red Bull Ring,3999.68196710701,10.0,0.0025001987863632,0.0,0.4877500000000019,-0.22150000000000603,0.14499999999999602,0.05,0.0,0.05,0.0,0.0,0.0,50.5,27.2,0,2,-1.148155635993153,-1.8426770508250885,-1.1166459125389459,700.0,2.0,Permanent-Fast,3,0.25428436911487756,0.44380100439422476,0.3019146264908977,63.72,63.72,SOFT,2.0,Q3
VER,Red Bull Racing,2021,Azerbaijan Grand Prix,Baku City,4978.250124294395,20.0,0.0040174759203837,0.34499999999999886,0.4877500000000019,-0.22150000000000603,0.3470000000000084,0.05,0.0,0.05,0.001999999999999993,0.0,0.0,44.4,50.4,1,2,0.042081570788943895,0.9065658256417235,0.6936447726344993,28.0,2.0,Street-Fast,3,0.35086596496755706,0.3996731093016157,0.24946092573082715,101.563,101.218,SOFT,2.0,Q3
VER,Red Bull Racing,2021,Bahrain Grand Prix,Bahrain International,5006.652008539475,15.0,0.0029960140977275,0.0,0.4877500000000019,-0.22150000000000603,0.10999999999999943,0.05,0.0,0.05,0.14400000000000007,0.14400000000000007,0.0,32.8,44.5,0,1,0.07662692066868529,-0.4680556125916825,-0.5250797315138804,35.0,2.0,Permanent-Medium,3,0.318538827151477,0.4295538051844444,0.25190736766407856,88.997,88.997,SOFT,2.0,Q3
VER,Red Bull Racing,2021,Belgian Grand Prix,Spa-Francorchamps,6775.131165030146,19.0,0.0028043737511782,0.5339999999999918,0.4877500000000019,-0.22150000000000603,0.14499999999999602,1.65,1.5,0.15000000000000002,0.641,0.436,0.0,18.2,91.0,0,2,2.227636715963657,0.6316415379950423,-0.7537292817396346,300.0,2.0,Permanent-Fast,3,0.2813682341131959,0.4518055233830077,0.2668262425037964,116.559,116.025,INTERMEDIATE,4.0,Q3
VER,Red Bull Racing,2021,British Grand Prix,Silverstone,5729.156782444218,18.0,0.003141823602237,0.18600000000000705,0.4877500000000019,-0.22150000000000603,0.14499999999999602,0.05,0.0,0.05,0.09850000000000002,0.07200000000000004,0.0,36.4,55.3,0,2,0.9554129895418016,0.3567172503483611,-0.3511117846537936,140.0,2.0,Permanent-Fast,3,0.3185514273451728,0.4056189028987693,0.27582966975605794,86.209,86.023,SOFT,2.0,Q3
VER,Red Bull Racing,2021,Dutch Grand Prix,Zandvoort,4259.0,14.0,0.0032871566095327,0.0,0.4877500000000019,-0.22150000000000603,0.10999999999999943,0.05,0.0,0.05,0.1485,0.09799999999999998,0.0,35.1,60.1,0,1,-0.8327458519410066,-0.7429799002383637,-0.1777123552044761,2.0,2.0,Permanent-Medium,3,0.3480728750816578,0.33920301952529575,0.3127241053930464,68.885,68.885,SOFT,2.0,Q3
VER,Red Bull Racing,2021,Emilia Romagna Grand Prix,Imola,4909.0,19.0,0.003870442045223,0.0870000000000033,0.4877500000000019,-0.22150000000000603,0.10999999999999943,0.05,0.0,0.05,0.16799999999999998,0.16799999999999998,0.0,31.6,34.9,0,1,-0.04214769204173995,0.6316415379950423,0.5182160070911476,37.0,1.0,Permanent-Medium,3,0.31944481731053187,0.3438615801766491,0.33669360251281916,74.498,74.411,SOFT,2.0,Q3
VER,Red Bull Racing,2021,French Grand Prix,Paul Ricard,5247.8799638259,15.0,0.0028582970844219,0.0,0.4877500000000019,-0.22150000000000603,0.14499999999999602,0.05,0.0,0.05,0.0,0.0,0.0,42.0,44.7,0,2,0.37003365538516214,-0.4680556125916825,-0.6893923813172924,40.0,3.0,Permanent-Fast,3,0.24897210801200131,0.3043449272141349,0.44668296477386377,89.99,89.99,SOFT,2.0,Q3
VER,Red Bull Racing,2021,Hungarian Grand Prix,Hungaroring,4122.248439558155,14.0,0.0033962048152295,0.23100000000000875,0.4877500000000019,-0.22150000000000603,0.1385000000000005,0.05,0.0,0.05,0.0,0.0,0.0,59.9,45.0,0,0,-0.9990774397082004,-0.7429799002383637,-0.04760497628108983,150.0,1.0,Permanent-Slow,3,0.36259087904824855,0.35459352280237943,0.2828155981493721,75.65,75.419,SOFT,2.0,Q3
VER,Red Bull Racing,2021,Italian Grand Prix,Monza,5261.551646812222,11.0,0.0020906380357711,0.41099999999998715,0.4877500000000019,-0.22150000000000603,0.14499999999999602,0.05,0.0,0.05,0.17799999999999996,0.17799999999999996,0.0,31.1,42.6,0,2,0.38666258986472024,-1.5677527631784072,-1.6053002230701332,120.0,2.0,Permanent-Fast,3,0.3359177650501463,0.3339294200035015,0.33015281494635224,79.966,79.555,SOFT,2.0,Q3
VER,Red Bull Racing,2021,Mexico City Grand Prix,Hermanos Rodriguez,4309.0,17.0,0.0039452309120445,0.3499999999999943,0.4877500000000019,-0.22150000000000603,0.10999999999999943,0.05,0.0,0.05,0.0,0.0,0.0,45.2,19.0,0,1,-0.7719306088718323,0.0817929627016799,0.6074479515566137,2240.0,2.0,Permanent-Medium,3,0.35788783207609054,0.384296490652673,0.2578156772712365,76.225,75.875,SOFT,2.0,Q3
VER,Red Bull Racing,2021,Monaco Grand Prix,Monaco,2982.89347053333,19.0,0.0063696542259026,0.22999999999998977,0.4877500000000019,-0.22150000000000603,0.29699999999999704,0.05,0.0,0.05,0.314,0.18799999999999997,0.0,30.6,75.2,1,0,-2.3848804273745277,0.6316415379950423,3.5000710878223424,10.0,1.0,Street-Slow,3,0.2617320335524825,0.4725260711856722,0.2657418952618454,70.576,70.346,SOFT,2.0,Q3
VER,Red Bull Racing,2021,Portuguese Grand Prix,Portimao,4653.0,15.0,0.0032237266279819,0.6820000000000022,0.4877500000000019,-0.22150000000000603,0.10999999999999943,0.55,0.4,0.15000000000000002,0.1,0.1,0.0,35.0,41.0,0,1,-0.3535217365559127,-0.4680556125916825,-0.25339180900199537,90.0,1.0,Permanent-Medium,3,0.28868404322949776,0.3826446280991735,0.32867132867132864,78.65,77.968,MEDIUM,4.0,Q3
VER,Red Bull Racing,2021,Qatar Grand Prix,Losail,5380.0,16.0,0.0029739776951672,0.4549999999999983,0.4877500000000019,-0.22150000000000603,0.10999999999999943,0.05,0.0,0.05,0.321,0.23,0.0,28.5,68.2,0,1,0.5307318976698825,-0.1931313249450013,-0.5513717604354108,20.0,2.0,Permanent-Medium,3,0.3266897960187988,0.3344528923993012,0.3388573115819001,81.282,80.827,SOFT,2.0,Q3
VER,Red Bull Racing,2021,Saudi Arabian Grand Prix,Jeddah,6174.0,27.0,0.0043731778425655,0.14200000000001012,0.4877500000000019,-0.22150000000000603,0.3470000000000084,0.05,0.0,0.05,0.31799999999999995,0.19799999999999998,0.0,30.1,74.0,1,2,1.4964779576083713,2.8310358391684916,1.1180391446222482,15.0,3.0,Street-Fast,3,0.36456253636498465,0.3196011545526109,0.3158363090824045,87.653,87.511,SOFT,2.0,Q3
VER,Red Bull Racing,2021,Spanish Grand Prix,Barcelona-Catalunya,4348.990357163425,16.0,0.003679014825509,0.036000000000001364,0.4877500000000019,-0.22150000000000603,0.10999999999999943,0.05,0.0,0.05,0.0,0.0,0.0,44.1,48.5,0,1,-0.7232901430454965,-0.1931313249450013,0.28982074233246696,110.0,1.0,Permanent-Medium,3,0.28340518644906676,0.3741094338148143,0.3424853797361189,76.777,76.741,SOFT,2.0,Q3
VER,Red Bull Racing,2021,Styrian Grand Prix,Red Bull Ring,3999.68196710701,10.0,0.0025001987863632,0.0,0.4877500000000019,-0.22150000000000603,0.14499999999999602,0.05,0.0,0.05,0.0,0.0,0.0,53.5,28.9,0,2,-1.148155635993153,-1.8426770508250885,-1.1166459125389459,700.0,2.0,Permanent-Fast,3,0.25289390830344133,0.443429770836923,0.30367632085963564,63.841,63.841,SOFT,2.0,Q3
VER,Red Bull Racing,2021,São Paulo Grand Prix,Interlagos,4309.0,15.0,0.0034810860988628,0.4380000000000024,0.4877500000000019,-0.22150000000000603,0.10999999999999943,0.05,0.0,0.05,0.47700000000000004,0.32,0.0,24.0,81.4,0,1,-0.7719306088718323,-0.4680556125916825,0.05366841251622112,800.0,2.0,Permanent-Medium,3,0.25625987246241155,0.5074591938220324,0.23628093371555609,68.372,67.934,SOFT,2.0,Q3
VER,Red Bull Racing,2021,Turkish Grand Prix,Istanbul Park,5338.0,14.0,0.0026227051330086,0.32800000000000296,0.4877500000000019,-0.22150000000000603,0.14499999999999602,0.05,0.0,0.05,0.48650000000000004,0.324,0.0,23.8,82.5,0,2,0.47964709349177603,-0.7429799002383637,-0.9704813831763092,130.0,1.0,Permanent-Fast,3,0.37022212606375304,0.3525770469734122,0.27720082696283477,83.196,82.868,SOFT,2.0,Q3
VER,Red Bull Racing,2021,United States Grand Prix,COTA,5337.916050454483,20.0,0.0037467805433727,0.0,0.4877500000000019,-0.22150000000000603,0.14499999999999602,0.05,0.0,0.05,0.14999999999999997,0.10799999999999997,0.0,34.6,58.4,0,2,0.4795449852514533,0.9065658256417235,0.37067324124127227,230.0,3.0,Permanent-Fast,3,0.26796900226025183,0.4019050694220213,0.33012592831772686,92.91,92.91,SOFT,2.0,Q3
VER,Red Bull Racing,2022,Abu Dhabi Grand Prix,Yas Marina,5333.449274375974,21.0,0.0039374144047628,0.0,0.3010000000000055,-0.17500000000000426,0.10999999999999943,0.05,0.0,0.05,0.245,0.14,0.0,33.0,71.0,0,1,0.4741120237924506,1.1814901132884046,0.59812193588988,10.0,2.0,Permanent-Medium,3,0.20622971941210155,0.43013933956861994,0.3636309410192785,83.824,83.824,SOFT,2.0,Q3
VER,Red Bull Racing,2022,Australian Grand Prix,Albert Park,4843.53245567963,14.0,0.0028904523977295,0.28600000000000136,0.3010000000000055,-0.17500000000000426,0.0,0.05,0.0,0.05,0.315,0.26,0.0,27.0,61.0,1,1,-0.12177618446144439,-0.7429799002383637,-0.6510272976721347,31.0,2.0,Street-Medium,3,0.34374440207794865,0.22765309517107252,0.42860250275097883,78.154,77.868,SOFT,2.0,Q3
VER,Red Bull Racing,2022,Austrian Grand Prix,Red Bull Ring,3999.68196710701,10.0,0.0025001987863632,0.0,0.3010000000000055,-0.17500000000000426,0.14499999999999602,0.05,0.0,0.05,0.13799999999999998,0.13799999999999998,0.0,33.1,35.0,0,2,-1.148155635993153,-1.8426770508250885,-1.1166459125389459,700.0,2.0,Permanent-Fast,3,0.2535701095654315,0.4456327711436662,0.3007971192909024,64.984,64.984,SOFT,2.0,Q3
VER,Red Bull Racing,2022,Azerbaijan Grand Prix,Baku City,4978.250124294395,20.0,0.0040174759203837,0.3470000000000084,0.3010000000000055,-0.17500000000000426,0.3470000000000084,0.05,0.0,0.05,0.23599999999999996,0.13599999999999995,0.0,33.2,70.0,1,2,0.042081570788943895,0.9065658256417235,0.6936447726344993,28.0,2.0,Street-Fast,3,0.35180815291133266,0.4035356812774074,0.2446561658112599,101.706,101.359,SOFT,2.0,Q3
VER,Red Bull Racing,2022,Bahrain Grand Prix,Bahrain International,5006.652008539475,15.0,0.0029960140977275,0.12299999999999045,0.3010000000000055,-0.17500000000000426,0.10999999999999943,0.05,0.0,0.05,0.319,0.314,0.0,24.3,51.0,0,1,0.07662692066868529,-0.4680556125916825,-0.5250797315138804,35.0,2.0,Permanent-Medium,3,0.31947155412931044,0.4282264200880008,0.2523020257826888,90.681,90.558,SOFT,2.0,Q3
VER,Red Bull Racing,2022,Belgian Grand Prix,Spa-Francorchamps,6775.131165030146,19.0,0.0028043737511782,0.0,0.3010000000000055,-0.17500000000000426,0.14499999999999602,0.05,0.0,0.05,0.545,0.38,0.0,21.0,83.0,0,2,2.227636715963657,0.6316415379950423,-0.7537292817396346,300.0,2.0,Permanent-Fast,3,0.29456422128973136,0.42656634351034584,0.27886943519992285,103.665,103.665,SOFT,2.0,Q3
VER,Red Bull Racing,2022,British Grand Prix,Silverstone,5729.156782444218,18.0,0.003141823602237,0.0,0.3010000000000055,-0.17500000000000426,0.14499999999999602,1.9,1.5,0.4,0.5800000000000001,0.39,0.0,20.5,88.0,0,2,0.9554129895418016,0.3567172503483611,-0.3511117846537936,140.0,2.0,Permanent-Fast,3,0.3158207991606896,0.4061374572526708,0.2780417435866397,99.129,99.129,INTERMEDIATE,9.0,Q3
VER,Red Bull Racing,2022,Canadian Grand Prix,Gilles Villeneuve,3927.405044134453,14.0,0.0035646947138566,0.0,0.3010000000000055,-0.17500000000000426,0.10999999999999943,1.65,1.5,0.15000000000000002,0.498,0.438,0.0,18.1,62.0,0,1,-1.2360664087705144,-0.7429799002383637,0.15342335743024896,22.0,2.0,Permanent-Medium,3,0.28561236915583216,0.31920441825852713,0.39518321258564065,81.299,81.299,INTERMEDIATE,4.0,Q3
VER,Red Bull Racing,2022,Dutch Grand Prix,Zandvoort,4259.0,14.0,0.0032871566095327,0.0,0.3010000000000055,-0.17500000000000426,0.10999999999999943,0.05,0.0,0.05,0.025999999999999943,0.025999999999999943,0.0,38.7,32.0,0,1,-0.8327458519410066,-0.7429799002383637,-0.1777123552044761,2.0,2.0,Permanent-Medium,3,0.34444570811179664,0.34909442438372523,0.3064598675044781,70.342,70.342,SOFT,2.0,Q3
VER,Red Bull Racing,2022,Emilia Romagna Grand Prix,Imola,4909.0,19.0,0.003870442045223,0.0,0.3010000000000055,-0.17500000000000426,0.10999999999999943,0.05,0.0,0.05,0.675,0.51,0.0,14.5,83.0,0,1,-0.04214769204173995,0.6316415379950423,0.5182160070911476,37.0,1.0,Permanent-Medium,3,0.32327744850430873,0.3407663117281992,0.335956239767492,78.793,78.793,SOFT,2.0,Q3
VER,Red Bull Racing,2022,French Grand Prix,Paul Ricard,5247.8799638259,15.0,0.0028582970844219,0.30400000000000205,0.3010000000000055,-0.17500000000000426,0.14499999999999602,0.05,0.0,0.05,0.0,0.0,0.0,53.6,46.0,0,2,0.37003365538516214,-0.4680556125916825,-0.6893923813172924,40.0,3.0,Permanent-Fast,3,0.2502961305606739,0.30576028779503384,0.4439435816442924,91.176,90.872,SOFT,2.0,Q3
VER,Red Bull Racing,2022,Hungarian Grand Prix,Hungaroring,4122.248439558155,14.0,0.0033962048152295,0.3260000000000076,0.3010000000000055,-0.17500000000000426,0.1385000000000005,0.05,0.0,0.05,0.31600000000000006,0.21600000000000003,0.0,29.2,70.0,0,0,-0.9990774397082004,-0.7429799002383637,-0.04760497628108983,150.0,1.0,Permanent-Slow,3,0.363756869104153,0.3555332483945279,0.2807098825013191,77.703,77.377,SOFT,2.0,Q3
VER,Red Bull Racing,2022,Italian Grand Prix,Monza,5261.551646812222,11.0,0.0020906380357711,0.14499999999999602,0.3010000000000055,-0.17500000000000426,0.14499999999999602,0.05,0.0,0.05,0.0,0.0,0.0,40.7,33.0,0,2,0.38666258986472024,-1.5677527631784072,-1.6053002230701332,120.0,2.0,Permanent-Fast,3,0.33519288720643536,0.3338853883894105,0.3309217244041541,80.306,80.161,SOFT,2.0,Q3
VER,Red Bull Racing,2022,Japanese Grand Prix,Suzuka,5650.500064177964,18.0,0.0031855587639248,0.0,0.3010000000000055,-0.17500000000000426,0.14499999999999602,0.05,0.0,0.05,0.322,0.28200000000000003,0.0,25.9,58.0,0,2,0.8597424407340858,0.3567172503483611,-0.29893057527368244,50.0,2.0,Permanent-Fast,3,0.34842784197796295,0.4524545373107588,0.19911762071127836,89.304,89.304,SOFT,2.0,Q3
VER,Red Bull Racing,2022,Mexico City Grand Prix,Hermanos Rodriguez,4309.0,17.0,0.0039452309120445,0.0,0.3010000000000055,-0.17500000000000426,0.10999999999999943,0.05,0.0,0.05,0.0,0.0,0.0,46.0,36.0,0,1,-0.7719306088718323,0.0817929627016799,0.6074479515566137,2240.0,2.0,Permanent-Medium,3,0.3534554805528769,0.3888653166184507,0.25767920282867246,77.775,77.775,SOFT,2.0,Q3
VER,Red Bull Racing,2022,Miami Grand Prix,Miami,5412.0,19.0,0.003510716925351,0.19499999999999318,0.3010000000000055,-0.17500000000000426,0.0,0.05,0.0,0.05,0.0,0.0,0.0,49.9,40.0,1,1,0.5696536532341541,0.6316415379950423,0.08902148545382091,3.0,3.0,Street-Medium,3,0.33201110224629454,0.3818026542009866,0.2861862435527188,88.991,88.796,SOFT,2.0,Q3
VER,Red Bull Racing,2022,Monaco Grand Prix,Monaco,2982.89347053333,19.0,0.0063696542259026,0.28999999999999204,0.3010000000000055,-0.17500000000000426,0.29699999999999704,0.05,0.0,0.05,0.0,0.0,0.0,47.5,41.0,1,0,-2.3848804273745277,0.6316415379950423,3.5000710878223424,10.0,1.0,Street-Slow,3,0.26493734825440235,0.4720090419445762,0.26305360980102144,71.666,71.376,SOFT,2.0,Q3
VER,Red Bull Racing,2022,Saudi Arabian Grand Prix,Jeddah,6174.0,27.0,0.0043731778425655,0.2609999999999957,0.3010000000000055,-0.17500000000000426,0.3470000000000084,0.1,0.0,0.1,0.366,0.306,0.0,24.7,62.0,1,2,1.4964779576083713,2.8310358391684916,1.1180391446222482,15.0,3.0,Street-Fast,3,0.36529091916211665,0.3203106453691457,0.31439843546873764,88.461,88.2,SOFT,3.0,Q3
VER,Red Bull Racing,2022,Singapore Grand Prix,Marina Bay,4956.5492831458605,23.0,0.0046403250903221,1.9829999999999899,0.3010000000000055,-0.17500000000000426,0.29699999999999704,0.15000000000000002,0.0,0.15000000000000002,0.391,0.23600000000000002,0.0,28.2,81.0,1,0,0.01568673220387009,1.731338688581767,1.436777339075894,10.0,1.0,Street-Slow,3,0.26109789487858526,0.3793078683962476,0.3595942367251672,111.395,109.412,SOFT,4.0,Q3
VER,Red Bull Racing,2022,Spanish Grand Prix,Barcelona-Catalunya,4348.990357163425,16.0,0.003679014825509,0.3229999999999933,0.3010000000000055,-0.17500000000000426,0.10999999999999943,0.05,0.0,0.05,0.0,0.0,0.0,46.9,17.0,0,1,-0.7232901430454965,-0.1931313249450013,0.28982074233246696,110.0,1.0,Permanent-Medium,3,0.2779456957494973,0.3753999468845244,0.34665435736597827,79.073,78.75,SOFT,2.0,Q3
VER,Red Bull Racing,2022,São Paulo Grand Prix,Interlagos,4309.0,15.0,0.0034810860988628,0.0,0.3010000000000055,-0.17500000000000426,0.10999999999999943,0.05,0.0,0.05,0.47,0.25,0.0,27.5,94.0,0,1,-0.7719306088718323,-0.4680556125916825,0.05366841251622112,800.0,2.0,Permanent-Medium,3,0.25525881406865025,0.5046768527532061,0.24006433317814363,70.881,70.881,SOFT,2.0,Q3
VER,Red Bull Racing,2022,United States Grand Prix,COTA,5337.916050454483,20.0,0.0037467805433727,0.09199999999999875,0.3010000000000055,-0.17500000000000426,0.14499999999999602,0.1,0.0,0.1,0.13200000000000003,0.13200000000000003,0.0,33.4,38.0,0,2,0.4795449852514533,0.9065658256417235,0.37067324124127227,230.0,3.0,Permanent-Fast,3,0.27103803150940203,0.4007072674911062,0.32825470099949183,94.448,94.356,SOFT,3.0,Q3
VER,Red Bull Racing,2023,Abu Dhabi Grand Prix,Yas Marina,5333.449274375974,21.0,0.0039374144047628,0.0,0.37700000000000244,-0.27599999999999625,0.10999999999999943,0.05,0.0,0.05,0.27,0.18,0.0,31.0,68.0,0,1,0.4741120237924506,1.1814901132884046,0.59812193588988,10.0,2.0,Permanent-Medium,3,0.20553658098148483,0.4301515968602073,0.3643118221583079,83.445,83.445,SOFT,2.0,Q3
VER,Red Bull Racing,2023,Australian Grand Prix,Albert Park,4843.53245567963,14.0,0.0028904523977295,0.0,0.37700000000000244,-0.27599999999999625,0.0,0.05,0.0,0.05,0.358,0.348,0.0,22.6,52.0,1,1,-0.12177618446144439,-0.7429799002383637,-0.6510272976721347,31.0,2.0,Street-Medium,3,0.3463222645050305,0.22749309284262106,0.4261846426523484,76.732,76.732,SOFT,2.0,Q3
VER,Red Bull Racing,2023,Austrian Grand Prix,Red Bull Ring,3999.68196710701,10.0,0.0025001987863632,0.0,0.37700000000000244,-0.27599999999999625,0.14499999999999602,0.05,0.0,0.05,0.06200000000000003,0.06200000000000003,0.0,36.9,46.0,0,2,-1.148155635993153,-1.8426770508250885,-1.1166459125389459,700.0,2.0,Permanent-Fast,3,0.2531409669053129,0.4462114270627883,0.30064760603189894,64.391,64.391,SOFT,2.0,Q3
VER,Red Bull Racing,2023,Azerbaijan Grand Prix,Baku City,4978.250124294395,20.0,0.0040174759203837,0.1880000000000024,0.37700000000000244,-0.27599999999999625,0.3470000000000084,0.05,0.0,0.05,0.389,0.22399999999999998,0.0,28.8,83.0,1,2,0.042081570788943895,0.9065658256417235,0.6936447726344993,28.0,2.0,Street-Fast,3,0.3513960414778217,0.40289468179418475,0.24570927672799356,100.391,100.203,SOFT,2.0,Q3
VER,Red Bull Racing,2023,Bahrain Grand Prix,Bahrain International,5006.652008539475,15.0,0.0029960140977275,0.0,0.37700000000000244,-0.27599999999999625,0.10999999999999943,0.05,0.0,0.05,0.266,0.266,0.0,26.7,33.0,0,1,0.07662692066868529,-0.4680556125916825,-0.5250797315138804,35.0,2.0,Permanent-Medium,3,0.3203281758594551,0.4293262585276676,0.2503455656128773,89.708,89.708,SOFT,2.0,Q3
VER,Red Bull Racing,2023,Belgian Grand Prix,Spa-Francorchamps,6775.131165030146,19.0,0.0028043737511782,0.0,0.37700000000000244,-0.27599999999999625,0.14499999999999602,0.05,0.0,0.05,0.521,0.34600000000000003,0.0,22.7,85.0,0,2,2.227636715963657,0.6316415379950423,-0.7537292817396346,300.0,2.0,Permanent-Fast,3,0.2939115364328234,0.43042159596111823,0.2756668676060583,106.168,106.168,SOFT,2.0,Q3
VER,Red Bull Racing,2023,British Grand Prix,Silverstone,5729.156782444218,18.0,0.003141823602237,0.0,0.37700000000000244,-0.27599999999999625,0.14499999999999602,0.05,0.0,0.05,0.38,0.27,0.0,26.5,72.0,0,2,0.9554129895418016,0.3567172503483611,-0.3511117846537936,140.0,2.0,Permanent-Fast,3,0.3169049815498155,0.40629612546125465,0.2767988929889299,86.72,86.72,SOFT,2.0,Q3
VER,Red Bull Racing,2023,Canadian Grand Prix,Gilles Villeneuve,3927.405044134453,14.0,0.0035646947138566,0.36700000000000443,0.37700000000000244,-0.27599999999999625,0.10999999999999943,0.1,0.0,0.1,0.6120000000000001,0.43200000000000005,0.0,18.4,86.0,0,1,-1.2360664087705144,-0.7429799002383637,0.15342335743024896,22.0,2.0,Permanent-Medium,3,0.2929626258028625,0.3176806756688414,0.3893566985282962,79.092,78.725,SOFT,3.0,Q3
VER,Red Bull Racing,2023,Dutch Grand Prix,Zandvoort,4259.0,14.0,0.0032871566095327,0.0,0.37700000000000244,-0.27599999999999625,0.10999999999999943,0.05,0.0,0.05,0.442,0.332,0.0,23.4,72.0,0,1,-0.8327458519410066,-0.7429799002383637,-0.1777123552044761,2.0,2.0,Permanent-Medium,3,0.34469369535335215,0.34724446270919834,0.3080618419374495,70.567,70.567,SOFT,2.0,Q3
VER,Red Bull Racing,2023,Hungarian Grand Prix,Hungaroring,4122.248439558155,14.0,0.0033962048152295,0.0030000000000001137,0.37700000000000244,-0.27599999999999625,0.1385000000000005,0.05,0.0,0.05,0.0,0.0,0.0,42.3,35.0,0,0,-0.9990774397082004,-0.7429799002383637,-0.04760497628108983,150.0,1.0,Permanent-Slow,3,0.3626324857724639,0.35611914582571924,0.281248368401817,76.612,76.609,SOFT,2.0,Q3
VER,Red Bull Racing,2023,Italian Grand Prix,Monza,5261.551646812222,11.0,0.0020906380357711,0.01300000000000523,0.37700000000000244,-0.27599999999999625,0.14499999999999602,0.05,0.0,0.05,0.025999999999999943,0.025999999999999943,0.0,38.7,40.0,0,2,0.38666258986472024,-1.5677527631784072,-1.6053002230701332,120.0,2.0,Permanent-Fast,3,0.3331963589724432,0.3368199534287173,0.32998368759883945,80.307,80.294,SOFT,2.0,Q3
VER,Red Bull Racing,2023,Japanese Grand Prix,Suzuka,5650.500064177964,18.0,0.0031855587639248,0.0,0.37700000000000244,-0.27599999999999625,0.14499999999999602,0.05,0.0,0.05,0.11799999999999998,0.11799999999999998,0.0,34.1,47.0,0,2,0.8597424407340858,0.3567172503483611,-0.29893057527368244,50.0,2.0,Permanent-Fast,3,0.3457024877077309,0.45355941357156515,0.2007380987207039,88.877,88.877,SOFT,2.0,Q3
VER,Red Bull Racing,2023,Las Vegas Grand Prix,Las Vegas,6353.0,14.0,0.0022036832992287,0.3780000000000001,0.37700000000000244,-0.27599999999999625,0.3470000000000084,0.05,0.0,0.05,0.517,0.462,0.0,16.9,61.0,1,2,1.7141965277960156,-0.7429799002383637,-1.4704238825178961,600.0,2.0,Street-Fast,3,0.28236166007905134,0.33111359340092794,0.3865247465200206,93.104,92.726,SOFT,2.0,Q3
VER,Red Bull Racing,2023,Mexico City Grand Prix,Hermanos Rodriguez,4309.0,17.0,0.0039452309120445,0.09700000000000841,0.37700000000000244,-0.27599999999999625,0.10999999999999943,0.05,0.0,0.05,0.0,0.0,0.0,40.8,27.0,0,1,-0.7719306088718323,0.0817929627016799,0.6074479515566137,2240.0,2.0,Permanent-Medium,3,0.3542316503371601,0.38592858159791876,0.2598397680649211,77.263,77.166,SOFT,2.0,Q3
VER,Red Bull Racing,2023,Miami Grand Prix,Miami,5412.0,19.0,0.003510716925351,0.0,0.37700000000000244,-0.27599999999999625,0.0,0.2,0.0,0.2,0.055,0.0,0.0,42.7,61.0,1,1,0.5696536532341541,0.6316415379950423,0.08902148545382091,3.0,3.0,Street-Medium,3,0.3348883820581934,0.37961619093694565,0.28549542700486097,86.814,86.814,SOFT,5.0,Q3
VER,Red Bull Racing,2023,Monaco Grand Prix,Monaco,2982.89347053333,19.0,0.0063696542259026,0.0,0.37700000000000244,-0.27599999999999625,0.29699999999999704,0.05,0.0,0.05,0.0,0.0,0.0,44.5,34.0,1,0,-2.3848804273745277,0.6316415379950423,3.5000710878223424,10.0,1.0,Street-Slow,3,0.26122048623274713,0.4750507952077349,0.263728718559518,71.365,71.365,SOFT,2.0,Q3
VER,Red Bull Racing,2023,Qatar Grand Prix,Losail,5380.0,16.0,0.0029739776951672,0.0,0.37700000000000244,-0.27599999999999625,0.10999999999999943,0.05,0.0,0.05,0.15299999999999997,0.11799999999999998,0.0,34.1,57.0,0,1,0.5307318976698825,-0.1931313249450013,-0.5513717604354108,20.0,2.0,Permanent-Medium,3,0.36753085535582136,0.3406144811286973,0.29185466351548145,83.778,83.778,SOFT,2.0,Q3
VER,Red Bull Racing,2023,Saudi Arabian Grand Prix,Jeddah,6174.0,27.0,0.0043731778425655,0.4959999999999951,0.37700000000000244,-0.27599999999999625,0.3470000000000084,0.05,0.0,0.05,0.15799999999999997,0.15799999999999997,0.0,32.1,49.0,1,2,1.4964779576083713,2.8310358391684916,1.1180391446222482,15.0,3.0,Street-Fast,3,0.3635380403555616,0.3175719065805928,0.3188900530638456,88.761,88.265,SOFT,2.0,Q3
VER,Red Bull Racing,2023,Singapore Grand Prix,Marina Bay,4956.5492831458605,23.0,0.0046403250903221,1.1890000000000072,0.37700000000000244,-0.27599999999999625,0.29699999999999704,0.05,0.0,0.05,0.26400000000000007,0.12400000000000005,0.0,33.8,78.0,1,0,0.01568673220387009,1.731338688581767,1.436777339075894,10.0,1.0,Street-Slow,2,0.2956939667798596,0.4219890857409437,0.2823169474791967,92.173,90.984,SOFT,2.0,Q2
VER,Red Bull Racing,2023,Spanish Grand Prix,Barcelona-Catalunya,4348.990357163425,16.0,0.003679014825509,0.0,0.37700000000000244,-0.27599999999999625,0.10999999999999943,0.05,0.0,0.05,0.378,0.288,0.0,25.6,68.0,0,1,-0.7232901430454965,-0.1931313249450013,0.28982074233246696,110.0,1.0,Permanent-Medium,3,0.2979853885322116,0.402147442993137,0.2998671684746513,72.272,72.272,SOFT,2.0,Q3
VER,Red Bull Racing,2023,São Paulo Grand Prix,Interlagos,4309.0,15.0,0.0034810860988628,0.14100000000000534,0.37700000000000244,-0.27599999999999625,0.10999999999999943,0.05,0.0,0.05,0.115,0.07,0.0,36.5,59.0,0,1,-0.7719306088718323,-0.4680556125916825,0.05366841251622112,800.0,2.0,Permanent-Medium,3,0.26361848293948287,0.5030643368205011,0.23331718024001596,70.162,70.021,SOFT,2.0,Q3
VER,Red Bull Racing,2023,United States Grand Prix,COTA,5337.916050454483,20.0,0.0037467805433727,0.2849999999999966,0.37700000000000244,-0.27599999999999625,0.14499999999999602,0.05,0.0,0.05,0.0,0.0,0.0,41.1,13.0,0,2,0.4795449852514533,0.9065658256417235,0.37067324124127227,230.0,3.0,Permanent-Fast,3,0.2679563826204109,0.40308184573930617,0.32896177164028295,95.008,94.723,SOFT,2.0,Q3
VER,Red Bull Racing,2024,Abu Dhabi Grand Prix,Yas Marina,5333.449274375974,21.0,0.0039374144047628,0.3499999999999943,0.4947499999999998,-0.31424999999999415,0.10999999999999943,0.05,0.0,0.05,0.28400000000000003,0.214,0.0,29.3,64.0,0,1,0.4741120237924506,1.1814901132884046,0.59812193588988,10.0,2.0,Permanent-Medium,3,0.20522032672252696,0.43076737597202963,0.36401229730544343,82.945,82.595,SOFT,2.0,Q3
VER,Red Bull Racing,2024,Australian Grand Prix,Albert Park,4843.53245567963,14.0,0.0028904523977295,0.0,0.4947499999999998,-0.31424999999999415,0.0,0.05,0.0,0.05,0.15099999999999997,0.13599999999999995,0.0,33.2,53.0,1,1,-0.12177618446144439,-0.7429799002383637,-0.6510272976721347,31.0,2.0,Street-Medium,3,0.3459395376407825,0.2280840413620497,0.4259764209971679,75.915,75.915,SOFT,2.0,Q3
VER,Red Bull Racing,2024,Austrian Grand Prix,Red Bull Ring,3999.68196710701,10.0,0.0025001987863632,0.0,0.4947499999999998,-0.31424999999999415,0.14499999999999602,0.05,0.0,0.05,0.0,0.0,0.0,44.2,39.0,0,2,-1.148155635993153,-1.8426770508250885,-1.1166459125389459,700.0,2.0,Permanent-Fast,3,0.2527287993282956,0.4476630282675623,0.29960817240414217,64.314,64.314,SOFT,2.0,Q3
VER,Red Bull Racing,2024,Azerbaijan Grand Prix,Baku City,4978.250124294395,20.0,0.0040174759203837,0.6580000000000013,0.4947499999999998,-0.31424999999999415,0.3470000000000084,0.05,0.0,0.05,0.12,0.12,0.0,34.0,32.0,1,2,0.042081570788943895,0.9065658256417235,0.6936447726344993,28.0,2.0,Street-Fast,3,0.35235192064534465,0.4033306215265185,0.24431745782813674,102.023,101.365,SOFT,2.0,Q3
VER,Red Bull Racing,2024,Bahrain Grand Prix,Bahrain International,5006.652008539475,15.0,0.0029960140977275,0.013999999999995794,0.4947499999999998,-0.31424999999999415,0.10999999999999943,0.05,0.0,0.05,0.38,0.38,0.0,21.0,46.0,0,1,0.07662692066868529,-0.4680556125916825,-0.5250797315138804,35.0,2.0,Permanent-Medium,3,0.31997443344285087,0.42912569102591414,0.25089987553123494,89.179,89.165,SOFT,2.0,Q3
VER,Red Bull Racing,2024,Belgian Grand Prix,Spa-Francorchamps,6775.131165030146,19.0,0.0028043737511782,0.0,0.4947499999999998,-0.31424999999999415,0.14499999999999602,1.55,1.5,0.05,4.076,0.35600000000000004,3.5,22.2,94.0,0,2,2.227636715963657,0.6316415379950423,-0.7537292817396346,300.0,2.0,Permanent-Fast,3,0.2827702613137267,0.4492528212515134,0.26797691743475993,113.159,113.159,INTERMEDIATE,2.0,Q3
VER,Red Bull Racing,2024,British Grand Prix,Silverstone,5729.156782444218,18.0,0.003141823602237,0.38400000000000034,0.4947499999999998,-0.31424999999999415,0.14499999999999602,0.05,0.0,0.05,0.4660000000000001,0.36600000000000005,0.0,21.7,70.0,0,2,0.9554129895418016,0.3567172503483611,-0.3511117846537936,140.0,2.0,Permanent-Fast,3,0.3263923529343526,0.4012273354755635,0.27238031159008386,86.203,85.819,SOFT,2.0,Q3
VER,Red Bull Racing,2024,Canadian Grand Prix,Gilles Villeneuve,3927.405044134453,14.0,0.0035646947138566,0.25799999999999557,0.4947499999999998,-0.31424999999999415,0.10999999999999943,0.05,0.0,0.05,0.23799999999999996,0.17799999999999996,0.0,31.1,62.0,0,1,-1.2360664087705144,-0.7429799002383637,0.15342335743024896,22.0,2.0,Permanent-Medium,3,0.2775972222222222,0.3182638888888889,0.4041388888888889,72.0,71.742,SOFT,2.0,Q3
VER,Red Bull Racing,2024,Chinese Grand Prix,Shanghai International,5161.238099433068,16.0,0.0031000313668453,0.0,0.4947499999999998,-0.31424999999999415,0.14499999999999602,0.05,0.0,0.05,0.17799999999999996,0.15799999999999997,0.0,32.1,54.0,0,2,0.2646507345248319,-0.1931313249450013,-0.4009748536645922,5.0,3.0,Permanent-Fast,3,0.2667200512491993,0.30074738415545593,0.4325325645953449,93.66,93.66,SOFT,2.0,Q3
VER,Red Bull Racing,2024,Dutch Grand Prix,Zandvoort,4259.0,14.0,0.0032871566095327,0.35599999999999454,0.4947499999999998,-0.31424999999999415,0.10999999999999943,0.05,0.0,0.05,0.315,0.23,0.0,28.5,67.0,0,1,-0.8327458519410066,-0.7429799002383637,-0.1777123552044761,2.0,2.0,Permanent-Medium,3,0.3437575861428837,0.35315369346984826,0.30308872038726814,70.029,69.673,SOFT,2.0,Q3
VER,Red Bull Racing,2024,Emilia Romagna Grand Prix,Imola,4909.0,19.0,0.003870442045223,0.0,0.4947499999999998,-0.31424999999999415,0.10999999999999943,0.05,0.0,0.05,0.0,0.0,0.0,40.4,46.0,0,1,-0.04214769204173995,0.6316415379950423,0.5182160070911476,37.0,1.0,Permanent-Medium,3,0.3131672597864769,0.3468011666176117,0.3400315735959115,74.746,74.746,SOFT,2.0,Q3
VER,Red Bull Racing,2024,Hungarian Grand Prix,Hungaroring,4122.248439558155,14.0,0.0033962048152295,0.04599999999999227,0.4947499999999998,-0.31424999999999415,0.1385000000000005,0.05,0.0,0.05,3.719,0.174,3.5,31.3,59.0,0,0,-0.9990774397082004,-0.7429799002383637,-0.04760497628108983,150.0,1.0,Permanent-Slow,3,0.36481872650219865,0.3523707039708794,0.282810569526922,75.273,75.227,SOFT,2.0,Q3
VER,Red Bull Racing,2024,Italian Grand Prix,Monza,5261.551646812222,11.0,0.0020906380357711,0.33500000000000796,0.4947499999999998,-0.31424999999999415,0.14499999999999602,0.2,0.0,0.2,0.0,0.0,0.0,47.9,36.0,0,2,0.38666258986472024,-1.5677527631784072,-1.6053002230701332,120.0,2.0,Permanent-Fast,3,0.33126208229770776,0.33461374306444724,0.3341241746378449,79.662,79.327,SOFT,5.0,Q3
VER,Red Bull Racing,2024,Japanese Grand Prix,Suzuka,5650.500064177964,18.0,0.0031855587639248,0.0,0.4947499999999998,-0.31424999999999415,0.14499999999999602,0.05,0.0,0.05,0.36200000000000004,0.30200000000000005,0.0,24.9,62.0,0,2,0.8597424407340858,0.3567172503483611,-0.29893057527368244,50.0,2.0,Permanent-Fast,3,0.348957447532229,0.4518294273047836,0.1992131251629874,88.197,88.197,SOFT,2.0,Q3
VER,Red Bull Racing,2024,Las Vegas Grand Prix,Las Vegas,6353.0,14.0,0.0022036832992287,0.48499999999999943,0.4947499999999998,-0.31424999999999415,0.3470000000000084,0.05,0.0,0.05,0.528,0.528,0.0,13.6,26.0,1,2,1.7141965277960156,-0.7429799002383637,-1.4704238825178961,600.0,2.0,Street-Fast,3,0.2809034774831083,0.334353481254782,0.3847430412621098,92.797,92.312,SOFT,2.0,Q3
VER,Red Bull Racing,2024,Mexico City Grand Prix,Hermanos Rodriguez,4309.0,17.0,0.0039452309120445,0.22500000000000853,0.4947499999999998,-0.31424999999999415,0.10999999999999943,0.05,0.0,0.05,0.1,0.1,0.0,35.0,42.0,0,1,-0.7719306088718323,0.0817929627016799,0.6074479515566137,2240.0,2.0,Permanent-Medium,3,0.3573801052894146,0.38489713933124153,0.2577227553793438,76.171,75.946,SOFT,2.0,Q3
VER,Red Bull Racing,2024,Miami Grand Prix,Miami,5412.0,19.0,0.003510716925351,0.0,0.4947499999999998,-0.31424999999999415,0.0,0.05,0.0,0.05,0.035,0.0,0.0,45.6,57.0,1,1,0.5696536532341541,0.6316415379950423,0.08902148545382091,3.0,3.0,Street-Medium,3,0.33088799990830003,0.38398230189933635,0.28512969819236367,87.241,87.241,SOFT,2.0,Q3
VER,Red Bull Racing,2024,Monaco Grand Prix,Monaco,2982.89347053333,19.0,0.0063696542259026,0.29699999999999704,0.4947499999999998,-0.31424999999999415,0.29699999999999704,0.1,0.0,0.1,0.06,0.0,0.0,43.9,62.0,1,0,-2.3848804273745277,0.6316415379950423,3.5000710878223424,10.0,1.0,Street-Slow,3,0.2586903226720705,0.47364915612113306,0.2676605212067964,70.567,70.27,SOFT,3.0,Q3
VER,Red Bull Racing,2024,Qatar Grand Prix,Losail,5380.0,16.0,0.0029739776951672,0.0,0.4947499999999998,-0.31424999999999415,0.10999999999999943,0.2,0.0,0.2,0.415,0.37,0.0,21.5,59.0,0,1,0.5307318976698825,-0.1931313249450013,-0.5513717604354108,20.0,2.0,Permanent-Medium,3,0.36758569299552907,0.33970442126179834,0.29270988574267265,80.52,80.52,SOFT,5.0,Q3
VER,Red Bull Racing,2024,Saudi Arabian Grand Prix,Jeddah,6174.0,27.0,0.0043731778425655,0.0,0.4947499999999998,-0.31424999999999415,0.3470000000000084,0.05,0.0,0.05,0.22799999999999998,0.19799999999999998,0.0,30.1,56.0,1,2,1.4964779576083713,2.8310358391684916,1.1180391446222482,15.0,3.0,Street-Fast,3,0.3631219132979696,0.31781598683007134,0.319062099871959,87.472,87.472,SOFT,2.0,Q3
VER,Red Bull Racing,2024,Singapore Grand Prix,Marina Bay,4956.5492831458605,23.0,0.0046403250903221,0.15500000000000114,0.4947499999999998,-0.31424999999999415,0.29699999999999704,0.05,0.0,0.05,0.30899999999999994,0.16399999999999998,0.0,31.8,79.0,1,0,0.01568673220387009,1.731338688581767,1.436777339075894,10.0,1.0,Street-Slow,3,0.29677743086529884,0.4199710080285459,0.28325156110615524,89.68,89.525,SOFT,2.0,Q3
VER,Red Bull Racing,2024,Spanish Grand Prix,Barcelona-Catalunya,4348.990357163425,16.0,0.003679014825509,0.020000000000010232,0.4947499999999998,-0.31424999999999415,0.10999999999999943,0.05,0.0,0.05,0.175,0.08,0.0,36.0,69.0,0,1,-0.7232901430454965,-0.1931313249450013,0.28982074233246696,110.0,1.0,Permanent-Medium,3,0.29927313978404274,0.3997170987213423,0.3010097614946151,71.403,71.383,SOFT,2.0,Q3
VER,Red Bull Racing,2024,São Paulo Grand Prix,Interlagos,4309.0,15.0,0.0034810860988628,4.366,0.4947499999999998,-0.31424999999999415,0.10999999999999943,2.55,2.5,0.05,0.544,0.334,0.0,23.3,92.0,0,1,-0.7719306088718323,-0.4680556125916825,0.05366841251622112,800.0,2.0,Permanent-Medium,2,0.25734012373107285,0.5265748367911952,0.2160850394777318,87.771,83.405,WET,2.0,Q2
VER,Red Bull Racing,2024,United States Grand Prix,COTA,5337.916050454483,20.0,0.0037467805433727,0.03100000000000591,0.4947499999999998,-0.31424999999999415,0.14499999999999602,0.05,0.0,0.05,0.07200000000000004,0.07200000000000004,0.0,36.4,38.0,0,2,0.4795449852514533,0.9065658256417235,0.37067324124127227,230.0,3.0,Permanent-Fast,3,0.2692478427041716,0.40045040655688,0.33030175073894824,92.361,92.33,SOFT,2.0,Q3
VET,Aston Martin,2021,Abu Dhabi Grand Prix,Yas Marina,5333.449274375974,21.0,0.0039374144047628,2.1159999999999997,1.4867499999999936,-0.0625,1.3614999999999995,0.1,0.0,0.1,0.23950000000000002,0.21200000000000002,0.0,29.4,55.5,0,1,0.4741120237924506,1.1814901132884046,0.59812193588988,10.0,2.0,Permanent-Medium,2,0.20489165924606711,0.429706144256456,0.365402196497477,84.225,82.109,SOFT,3.0,Q2
VET,Aston Martin,2021,Austrian Grand Prix,Red Bull Ring,3999.68196710701,10.0,0.0025001987863632,0.7729999999999961,1.4867499999999936,-0.0625,1.7139999999999986,0.05,0.0,0.05,0.0,0.0,0.0,51.7,26.4,0,2,-1.148155635993153,-1.8426770508250885,-1.1166459125389459,700.0,2.0,Permanent-Fast,3,0.25371745770858856,0.44314886886948973,0.30313367342192177,64.493,63.72,SOFT,2.0,Q3
VET,Aston Martin,2021,Azerbaijan Grand Prix,Baku City,4978.250124294395,20.0,0.0040174759203837,1.0060000000000002,1.4867499999999936,-0.0625,1.346499999999999,0.05,0.0,0.05,0.0,0.0,0.0,46.6,48.8,1,2,0.042081570788943895,0.9065658256417235,0.6936447726344993,28.0,2.0,Street-Fast,2,0.3470809203318203,0.40277234308968546,0.25014673657849434,102.224,101.218,SOFT,2.0,Q2
VET,Aston Martin,2021,Bahrain Grand Prix,Bahrain International,5006.652008539475,15.0,0.0029960140977275,3.0589999999999975,1.4867499999999936,-0.0625,1.3614999999999995,0.05,0.0,0.05,0.10400000000000006,0.10400000000000006,0.0,34.8,42.1,0,1,0.07662692066868529,-0.4680556125916825,-0.5250797315138804,35.0,2.0,Permanent-Medium,1,0.3134830972451551,0.43348613887199094,0.2530307638828539,92.056,88.997,SOFT,2.0,Q1
VET,Aston Martin,2021,Belgian Grand Prix,Spa-Francorchamps,6775.131165030146,19.0,0.0028043737511782,0.7889999999999873,1.4867499999999936,-0.0625,1.7139999999999986,1.55,1.5,0.05,0.6475,0.446,0.0,17.7,90.3,0,2,2.227636715963657,0.6316415379950423,-0.7537292817396346,300.0,2.0,Permanent-Fast,3,0.2768760593764446,0.45582721249165337,0.267296728131902,116.814,116.025,INTERMEDIATE,2.0,Q3
VET,Aston Martin,2021,British Grand Prix,Silverstone,5729.156782444218,18.0,0.003141823602237,1.0799999999999983,1.4867499999999936,-0.0625,1.7139999999999986,0.05,0.0,0.05,0.04450000000000007,0.024000000000000056,0.0,38.8,54.1,0,2,0.9554129895418016,0.3567172503483611,-0.3511117846537936,140.0,2.0,Permanent-Fast,3,0.3167973548557455,0.40682869705980274,0.2763739480844517,87.103,86.023,SOFT,2.0,Q3
VET,Aston Martin,2021,Dutch Grand Prix,Zandvoort,4259.0,14.0,0.0032871566095327,1.8459999999999894,1.4867499999999936,-0.0625,1.3614999999999995,0.05,0.0,0.05,0.14850000000000002,0.09200000000000003,0.0,35.4,61.3,0,1,-0.8327458519410066,-0.7429799002383637,-0.1777123552044761,2.0,2.0,Permanent-Medium,1,0.3481217570796398,0.34224031895491375,0.3096379239654466,70.731,68.885,SOFT,2.0,Q1
VET,Aston Martin,2021,Emilia Romagna Grand Prix,Imola,4909.0,19.0,0.003870442045223,0.9830000000000041,1.4867499999999936,-0.0625,1.3614999999999995,0.05,0.0,0.05,0.26799999999999996,0.26799999999999996,0.0,26.6,35.6,0,1,-0.04214769204173995,0.6316415379950423,0.5182160070911476,37.0,1.0,Permanent-Medium,2,0.3203835849006552,0.34395309971615773,0.33566331538318694,75.394,74.411,SOFT,2.0,Q2
VET,Aston Martin,2021,French Grand Prix,Paul Ricard,5247.8799638259,15.0,0.0028582970844219,1.777000000000001,1.4867499999999936,-0.0625,1.7139999999999986,0.45,0.4,0.05,0.0,0.0,0.0,44.4,42.7,0,2,0.37003365538516214,-0.4680556125916825,-0.6893923813172924,40.0,3.0,Permanent-Fast,2,0.25027515337757583,0.30255974369871524,0.4471651029237089,91.767,89.99,MEDIUM,2.0,Q2
VET,Aston Martin,2021,Hungarian Grand Prix,Hungaroring,4122.248439558155,14.0,0.0033962048152295,1.331000000000003,1.4867499999999936,-0.0625,1.3290000000000006,0.05,0.0,0.05,0.0,0.0,0.0,58.2,45.9,0,0,-0.9990774397082004,-0.7429799002383637,-0.04760497628108983,150.0,1.0,Permanent-Slow,2,0.3617328990228013,0.3567687296416938,0.28149837133550487,76.75,75.419,SOFT,2.0,Q2
VET,Aston Martin,2021,Italian Grand Prix,Monza,5261.551646812222,11.0,0.0020906380357711,1.3579999999999899,1.4867499999999936,-0.0625,1.7139999999999986,0.05,0.0,0.05,0.17600000000000002,0.17600000000000002,0.0,31.2,42.7,0,2,0.38666258986472024,-1.5677527631784072,-1.6053002230701332,120.0,2.0,Permanent-Fast,2,0.33498943309480556,0.3338276914710862,0.33118287543410824,80.913,79.555,SOFT,2.0,Q2
VET,Aston Martin,2021,Mexico City Grand Prix,Hermanos Rodriguez,4309.0,17.0,0.0039452309120445,1.6269999999999953,1.4867499999999936,-0.0625,1.3614999999999995,0.05,0.0,0.05,0.0,0.0,0.0,45.7,20.1,0,1,-0.7719306088718323,0.0817929627016799,0.6074479515566137,2240.0,2.0,Permanent-Medium,2,0.35587468710484893,0.3860674563237078,0.2580578565714433,77.502,75.875,SOFT,2.0,Q2
VET,Aston Martin,2021,Monaco Grand Prix,Monaco,2982.89347053333,19.0,0.0063696542259026,0.9629999999999939,1.4867499999999936,-0.0625,0.9629999999999939,0.15000000000000002,0.0,0.15000000000000002,0.26099999999999995,0.13799999999999998,0.0,33.1,74.6,1,0,-2.3848804273745277,0.6316415379950423,3.5000710878223424,10.0,1.0,Street-Slow,3,0.26350110084281086,0.46984251637240737,0.26665638278478176,71.309,70.346,SOFT,4.0,Q3
VET,Aston Martin,2021,Portuguese Grand Prix,Portimao,4653.0,15.0,0.0032237266279819,1.0019999999999953,1.4867499999999936,-0.0625,1.3614999999999995,0.05,0.0,0.05,0.07,0.07,0.0,36.5,40.9,0,1,-0.3535217365559127,-0.4680556125916825,-0.25339180900199537,90.0,1.0,Permanent-Medium,3,0.2884639736608839,0.38284158541218183,0.3286944409269343,78.97,77.968,SOFT,2.0,Q3
VET,Aston Martin,2021,Qatar Grand Prix,Losail,5380.0,16.0,0.0029739776951672,1.3190000000000026,1.4867499999999936,-0.0625,1.3614999999999995,0.2,0.0,0.2,0.3055,0.22,0.0,29.0,67.1,0,1,0.5307318976698825,-0.1931313249450013,-0.5513717604354108,20.0,2.0,Permanent-Medium,3,0.326905753171183,0.3339785260390037,0.3391157207898132,82.146,80.827,SOFT,5.0,Q3
VET,Aston Martin,2021,Russian Grand Prix,Sochi Autodrom,5760.2985642132535,18.0,0.0031248380269432,4.579999999999998,1.4867499999999936,-0.0625,1.3614999999999995,1.7,1.5,0.2,0.623,0.48,0.0,16.0,78.6,0,1,0.993290890099623,0.3567172503483611,-0.37137758056360215,5.0,2.0,Permanent-Medium,2,0.3543674288985015,0.3444962607789966,0.301136310322502,106.573,101.993,INTERMEDIATE,5.0,Q2
VET,Aston Martin,2021,Saudi Arabian Grand Prix,Jeddah,6174.0,27.0,0.0043731778425655,1.6869999999999976,1.4867499999999936,-0.0625,1.346499999999999,0.15000000000000002,0.0,0.15000000000000002,0.281,0.174,0.0,31.3,71.4,1,2,1.4964779576083713,2.8310358391684916,1.1180391446222482,15.0,3.0,Street-Fast,1,0.36708222157447484,0.31875154151438373,0.31416623691114154,89.198,87.511,SOFT,4.0,Q1
VET,Aston Martin,2021,Spanish Grand Prix,Barcelona-Catalunya,4348.990357163425,16.0,0.003679014825509,1.3379999999999939,1.4867499999999936,-0.0625,1.3614999999999995,0.05,0.0,0.05,0.0,0.0,0.0,43.7,46.9,0,1,-0.7232901430454965,-0.1931313249450013,0.28982074233246696,110.0,1.0,Permanent-Medium,2,0.27930685587674026,0.374863919876023,0.3458292242472368,78.079,76.741,SOFT,2.0,Q2
VET,Aston Martin,2021,Styrian Grand Prix,Red Bull Ring,3999.68196710701,10.0,0.0025001987863632,1.033999999999999,1.4867499999999936,-0.0625,1.7139999999999986,0.05,0.0,0.05,0.0,0.0,0.0,54.0,28.7,0,2,-1.148155635993153,-1.8426770508250885,-1.1166459125389459,700.0,2.0,Permanent-Fast,2,0.2512369942196532,0.44425433526011565,0.3045086705202312,64.875,63.841,SOFT,2.0,Q2
VET,Aston Martin,2021,São Paulo Grand Prix,Interlagos,4309.0,15.0,0.0034810860988628,1.4650000000000034,1.4867499999999936,-0.0625,1.3614999999999995,0.05,0.0,0.05,0.456,0.304,0.0,24.8,80.4,0,1,-0.7719306088718323,-0.4680556125916825,0.05366841251622112,800.0,2.0,Permanent-Medium,2,0.25697776625023416,0.5077594778022738,0.23526275594749205,69.399,67.934,SOFT,2.0,Q2
VET,Aston Martin,2021,Turkish Grand Prix,Istanbul Park,5338.0,14.0,0.0026227051330086,1.9270000000000067,1.4867499999999936,-0.0625,1.7139999999999986,0.55,0.4,0.15000000000000002,0.499,0.34600000000000003,0.0,22.7,80.6,0,2,0.47964709349177603,-0.7429799002383637,-0.9704813831763092,130.0,1.0,Permanent-Fast,2,0.37736894864083964,0.34990270652750755,0.2727283448316528,84.795,82.868,MEDIUM,4.0,Q2
VET,Aston Martin,2021,United States Grand Prix,COTA,5337.916050454483,20.0,0.0037467805433727,2.3710000000000093,1.4867499999999936,-0.0625,1.7139999999999986,0.05,0.0,0.05,0.0715,0.05,0.0,37.5,54.3,0,2,0.4795449852514533,0.9065658256417235,0.37067324124127227,230.0,3.0,Permanent-Fast,2,0.2701273076479046,0.3993031139471668,0.33056957840492857,95.281,92.91,SOFT,2.0,Q2
VET,Aston Martin,2022,Abu Dhabi Grand Prix,Yas Marina,5333.449274375974,21.0,0.0039374144047628,1.1370000000000005,2.272999999999996,-0.06875000000000142,1.3614999999999995,0.05,0.0,0.05,0.24099999999999994,0.13599999999999995,0.0,33.2,71.0,0,1,0.4741120237924506,1.1814901132884046,0.59812193588988,10.0,2.0,Permanent-Medium,3,0.20492932051176424,0.432233613069526,0.3628370664187098,84.961,83.824,SOFT,2.0,Q3
VET,Aston Martin,2022,Australian Grand Prix,Albert Park,4843.53245567963,14.0,0.0028904523977295,3.281000000000006,2.272999999999996,-0.06875000000000142,1.4179999999999922,0.05,0.0,0.05,0.25799999999999995,0.21799999999999997,0.0,29.1,58.0,1,1,-0.12177618446144439,-0.7429799002383637,-0.6510272976721347,31.0,2.0,Street-Medium,1,0.34497036315912705,0.22363799923597333,0.4313916376048996,81.149,77.868,SOFT,2.0,Q1
VET,Aston Martin,2022,Austrian Grand Prix,Red Bull Ring,3999.68196710701,10.0,0.0025001987863632,2.0990000000000038,2.272999999999996,-0.06875000000000142,1.7139999999999986,0.05,0.0,0.05,0.06200000000000003,0.06200000000000003,0.0,36.9,33.0,0,2,-1.148155635993153,-1.8426770508250885,-1.1166459125389459,700.0,2.0,Permanent-Fast,1,0.25083851348329683,0.4436891611883786,0.30547232532832463,67.083,64.984,SOFT,2.0,Q1
VET,Aston Martin,2022,Azerbaijan Grand Prix,Baku City,4978.250124294395,20.0,0.0040174759203837,1.7319999999999993,2.272999999999996,-0.06875000000000142,1.346499999999999,0.05,0.0,0.05,0.23200000000000004,0.13200000000000003,0.0,33.4,70.0,1,2,0.042081570788943895,0.9065658256417235,0.6936447726344993,28.0,2.0,Street-Fast,3,0.3530085070471719,0.40356578168802315,0.24342571126480486,103.091,101.359,SOFT,2.0,Q3
VET,Aston Martin,2022,Belgian Grand Prix,Spa-Francorchamps,6775.131165030146,19.0,0.0028043737511782,2.678999999999988,2.272999999999996,-0.06875000000000142,1.7139999999999986,0.05,0.0,0.05,0.5650000000000001,0.39,0.0,20.5,85.0,0,2,2.227636715963657,0.6316415379950423,-0.7537292817396346,300.0,2.0,Permanent-Fast,1,0.2932182351613631,0.4310539381629429,0.27572782667569395,106.344,103.665,SOFT,2.0,Q1
VET,Aston Martin,2022,British Grand Prix,Silverstone,5729.156782444218,18.0,0.003141823602237,3.536999999999992,2.272999999999996,-0.06875000000000142,1.7139999999999986,1.75,1.5,0.25,0.5800000000000001,0.39,0.0,20.5,88.0,0,2,0.9554129895418016,0.3567172503483611,-0.3511117846537936,140.0,2.0,Permanent-Fast,1,0.31188514211131246,0.40751563321839757,0.2805992246702901,102.666,99.129,INTERMEDIATE,6.0,Q1
VET,Aston Martin,2022,Canadian Grand Prix,Gilles Villeneuve,3927.405044134453,14.0,0.0035646947138566,13.212999999999994,2.272999999999996,-0.06875000000000142,1.3614999999999995,2.65,2.5,0.15000000000000002,4.106,0.436,3.5,18.2,84.0,0,1,-1.2360664087705144,-0.7429799002383637,0.15342335743024896,22.0,2.0,Permanent-Medium,1,0.2906403419671576,0.32203318097172845,0.38732647706111395,94.512,81.299,WET,4.0,Q1
VET,Aston Martin,2022,Dutch Grand Prix,Zandvoort,4259.0,14.0,0.0032871566095327,2.0490000000000066,2.272999999999996,-0.06875000000000142,1.3614999999999995,0.2,0.0,0.2,0.01799999999999997,0.01799999999999997,0.0,39.1,30.0,0,1,-0.8327458519410066,-0.7429799002383637,-0.1777123552044761,2.0,2.0,Permanent-Medium,1,0.34298462516058625,0.3509276014974237,0.30608777334199,72.391,70.342,SOFT,5.0,Q1
VET,Aston Martin,2022,Emilia Romagna Grand Prix,Imola,4909.0,19.0,0.003870442045223,1.1639999999999873,2.272999999999996,-0.06875000000000142,1.3614999999999995,0.05,0.0,0.05,0.675,0.51,0.0,14.5,83.0,0,1,-0.04214769204173995,0.6316415379950423,0.5182160070911476,37.0,1.0,Permanent-Medium,3,0.32308615881036057,0.3417461885763598,0.33516765261327963,79.957,78.793,SOFT,2.0,Q3
VET,Aston Martin,2022,French Grand Prix,Paul Ricard,5247.8799638259,15.0,0.0028582970844219,2.4039999999999964,2.272999999999996,-0.06875000000000142,1.7139999999999986,0.05,0.0,0.05,0.0,0.0,0.0,53.8,45.0,0,2,0.37003365538516214,-0.4680556125916825,-0.6893923813172924,40.0,3.0,Permanent-Fast,2,0.24981774518632874,0.30523392941378275,0.44494832539988854,93.276,90.872,SOFT,2.0,Q2
VET,Aston Martin,2022,Hungarian Grand Prix,Hungaroring,4122.248439558155,14.0,0.0033962048152295,1.8960000000000008,2.272999999999996,-0.06875000000000142,1.3290000000000006,0.05,0.0,0.05,0.266,0.17600000000000002,0.0,31.2,68.0,0,0,-0.9990774397082004,-0.7429799002383637,-0.04760497628108983,150.0,1.0,Permanent-Slow,1,0.3594918824820557,0.35795289695104265,0.28255522056690174,79.273,77.377,SOFT,2.0,Q1
VET,Aston Martin,2022,Italian Grand Prix,Monza,5261.551646812222,11.0,0.0020906380357711,2.4749999999999943,2.272999999999996,-0.06875000000000142,1.7139999999999986,0.05,0.0,0.05,0.0,0.0,0.0,41.1,35.0,0,2,0.38666258986472024,-1.5677527631784072,-1.6053002230701332,120.0,2.0,Permanent-Fast,1,0.3295537054068444,0.33599157752069314,0.3344547170724623,82.636,80.161,SOFT,2.0,Q1
VET,Aston Martin,2022,Japanese Grand Prix,Suzuka,5650.500064177964,18.0,0.0031855587639248,1.25,2.272999999999996,-0.06875000000000142,1.7139999999999986,0.05,0.0,0.05,0.32399999999999995,0.284,0.0,25.8,58.0,0,2,0.8597424407340858,0.3567172503483611,-0.29893057527368244,50.0,2.0,Permanent-Fast,3,0.34957042206859995,0.44990834198378865,0.20052123594761137,90.554,89.304,SOFT,2.0,Q3
VET,Aston Martin,2022,Mexico City Grand Prix,Hermanos Rodriguez,4309.0,17.0,0.0039452309120445,2.6439999999999912,2.272999999999996,-0.06875000000000142,1.3614999999999995,0.1,0.0,0.1,0.0,0.0,0.0,49.4,36.0,0,1,-0.7719306088718323,0.0817929627016799,0.6074479515566137,2240.0,2.0,Permanent-Medium,1,0.3527400241236524,0.38826645444484514,0.2589935214315025,80.419,77.775,SOFT,3.0,Q1
VET,Aston Martin,2022,Miami Grand Prix,Miami,5412.0,19.0,0.003510716925351,1.4179999999999922,2.272999999999996,-0.06875000000000142,1.4179999999999922,0.05,0.0,0.05,0.0,0.0,0.0,50.3,39.0,1,1,0.5696536532341541,0.6316415379950423,0.08902148545382091,3.0,3.0,Street-Medium,2,0.33468197840689917,0.3813487928702862,0.2839692287228146,90.214,88.796,SOFT,2.0,Q2
VET,Aston Martin,2022,Monaco Grand Prix,Monaco,2982.89347053333,19.0,0.0063696542259026,1.2369999999999948,2.272999999999996,-0.06875000000000142,0.9629999999999939,0.1,0.0,0.1,0.0,0.0,0.0,51.8,43.0,1,0,-2.3848804273745277,0.6316415379950423,3.5000710878223424,10.0,1.0,Street-Slow,3,0.26630217729607647,0.46955779268175113,0.26414003002217235,72.613,71.376,SOFT,3.0,Q3
VET,Aston Martin,2022,Singapore Grand Prix,Marina Bay,4956.5492831458605,23.0,0.0046403250903221,4.967999999999989,2.272999999999996,-0.06875000000000142,0.9629999999999939,1.8,1.5,0.30000000000000004,0.41500000000000004,0.25,0.0,27.5,83.0,1,0,0.01568673220387009,1.731338688581767,1.436777339075894,10.0,1.0,Street-Slow,2,0.2655184472809932,0.3882234656408463,0.3462580870781605,114.38,109.412,INTERMEDIATE,7.0,Q2
VET,Aston Martin,2022,Spanish Grand Prix,Barcelona-Catalunya,4348.990357163425,16.0,0.003679014825509,2.2039999999999935,2.272999999999996,-0.06875000000000142,1.3614999999999995,0.05,0.0,0.05,0.0,0.0,0.0,47.8,18.0,0,1,-0.7232901430454965,-0.1931313249450013,0.28982074233246696,110.0,1.0,Permanent-Medium,1,0.2771079872520196,0.37458309657336264,0.3483089161746176,80.954,78.75,SOFT,2.0,Q1
VET,Aston Martin,2022,São Paulo Grand Prix,Interlagos,4309.0,15.0,0.0034810860988628,0.796999999999997,2.272999999999996,-0.06875000000000142,1.3614999999999995,0.1,0.0,0.1,0.47,0.25,0.0,27.5,94.0,0,1,-0.7719306088718323,-0.4680556125916825,0.05366841251622112,800.0,2.0,Permanent-Medium,2,0.25408075002092695,0.5066826641368342,0.23923658584223892,71.678,70.881,SOFT,3.0,Q2
VET,Aston Martin,2022,United States Grand Prix,COTA,5337.916050454483,20.0,0.0037467805433727,2.0420000000000016,2.272999999999996,-0.06875000000000142,1.7139999999999986,0.05,0.0,0.05,0.09200000000000003,0.09200000000000003,0.0,35.4,37.0,0,2,0.4795449852514533,0.9065658256417235,0.37067324124127227,230.0,3.0,Permanent-Fast,2,0.27201809166165275,0.40158509512645496,0.32639681321189234,96.398,94.356,SOFT,2.0,Q2
VET,Ferrari,2019,Abu Dhabi Grand Prix,Yas Marina,5333.449274375974,21.0,0.0039374144047628,0.5600000000000023,0.33900000000000574,0.036999999999999034,1.3614999999999995,0.05,0.0,0.05,0.3175,0.23399999999999999,0.0,28.3,66.7,0,1,0.4741120237924506,1.1814901132884046,0.59812193588988,10.0,2.0,Permanent-Medium,3,0.17632867976379027,0.42467405783572304,0.39899726240048666,95.339,94.779,SOFT,2.0,Q3
VET,Ferrari,2019,Australian Grand Prix,Albert Park,4843.53245567963,14.0,0.0028904523977295,0.7039999999999935,0.33900000000000574,0.036999999999999034,1.4179999999999922,0.05,0.0,0.05,0.1925,0.1,0.0,35.0,68.5,1,1,-0.12177618446144439,-0.7429799002383637,-0.6510272976721347,31.0,2.0,Street-Medium,3,0.33199901465697745,0.2734450055425545,0.394555979800468,81.19,80.486,SOFT,2.0,Q3
VET,Ferrari,2019,Austrian Grand Prix,Red Bull Ring,3999.68196710701,10.0,0.0025001987863632,0.6640000000000015,0.33900000000000574,0.036999999999999034,1.7139999999999986,0.05,0.0,0.05,0.0,0.0,0.0,50.8,23.8,0,2,-1.148155635993153,-1.8426770508250885,-1.1166459125389459,700.0,2.0,Permanent-Fast,3,0.25170025287825715,0.44462594436678343,0.30367380275495937,63.667,63.003,SOFT,2.0,Q3
VET,Ferrari,2019,Azerbaijan Grand Prix,Baku City,4978.250124294395,20.0,0.0040174759203837,0.3019999999999925,0.33900000000000574,0.036999999999999034,1.346499999999999,0.05,0.0,0.05,0.4115,0.26799999999999996,0.0,26.6,78.7,1,2,0.042081570788943895,0.9065658256417235,0.6936447726344993,28.0,2.0,Street-Fast,3,0.35046677976527074,0.40152980743474503,0.2480034127999841,100.797,100.495,SOFT,2.0,Q3
VET,Ferrari,2019,Bahrain Grand Prix,Bahrain International,5006.652008539475,15.0,0.0029960140977275,0.29399999999999693,0.33900000000000574,0.036999999999999034,1.3614999999999995,0.05,0.0,0.05,0.27799999999999997,0.244,0.0,27.8,56.8,0,1,0.07662692066868529,-0.4680556125916825,-0.5250797315138804,35.0,2.0,Permanent-Medium,3,0.31561932849364793,0.43317831215970964,0.2512023593466425,88.16,87.866,SOFT,2.0,Q3
VET,Ferrari,2019,Belgian Grand Prix,Spa-Francorchamps,6775.131165030146,19.0,0.0028043737511782,0.5180000000000007,0.33900000000000574,0.036999999999999034,1.7139999999999986,0.05,0.0,0.05,0.0,0.0,0.0,40.9,35.5,0,2,2.227636715963657,0.6316415379950423,-0.7537292817396346,300.0,2.0,Permanent-Fast,3,0.2927977328532469,0.4304958412997273,0.2767064258470258,103.037,102.519,SOFT,2.0,Q3
VET,Ferrari,2019,Brazilian Grand Prix,Interlagos,4309.0,15.0,0.0034810860988628,0.1280000000000001,0.33900000000000574,0.036999999999999034,1.3614999999999995,0.05,0.0,0.05,0.261,0.19,0.0,30.5,64.2,0,1,-0.7719306088718323,-0.4680556125916825,0.05366841251622112,800.0,2.0,Permanent-Medium,3,0.25819520634028775,0.5078440360189853,0.23396075764072688,67.631,67.503,SOFT,2.0,Q3
VET,Ferrari,2019,British Grand Prix,Silverstone,5729.156782444218,18.0,0.003141823602237,0.6940000000000026,0.33900000000000574,0.036999999999999034,1.7139999999999986,0.05,0.0,0.05,0.31899999999999995,0.226,0.0,28.7,68.6,0,2,0.9554129895418016,0.3567172503483611,-0.3511117846537936,140.0,2.0,Permanent-Fast,3,0.3210976022007997,0.40586569060580274,0.2730367071933976,85.787,85.093,SOFT,2.0,Q3
VET,Ferrari,2019,Canadian Grand Prix,Gilles Villeneuve,3927.405044134453,14.0,0.0035646947138566,0.0,0.33900000000000574,0.036999999999999034,1.3614999999999995,0.05,0.0,0.05,0.0,0.0,0.0,48.2,21.1,0,1,-1.2360664087705144,-0.7429799002383637,0.15342335743024896,22.0,2.0,Permanent-Medium,3,0.2755837129840547,0.31929100227790436,0.40512528473804105,70.24,70.24,SOFT,2.0,Q3
VET,Ferrari,2019,Chinese Grand Prix,Shanghai International,5161.238099433068,16.0,0.0031000313668453,0.30100000000000193,0.33900000000000574,0.036999999999999034,1.7139999999999986,0.05,0.0,0.05,0.166,0.166,0.0,31.7,49.5,0,2,0.2646507345248319,-0.1931313249450013,-0.4009748536645922,5.0,3.0,Permanent-Fast,3,0.2605718143018901,0.2960870133263653,0.44334117237174464,91.848,91.547,SOFT,2.0,Q3
VET,Ferrari,2019,French Grand Prix,Paul Ricard,5247.8799638259,15.0,0.0028582970844219,1.1869999999999976,0.33900000000000574,0.036999999999999034,1.7139999999999986,0.45,0.4,0.05,0.0,0.0,0.0,54.0,42.2,0,2,0.37003365538516214,-0.4680556125916825,-0.6893923813172924,40.0,3.0,Permanent-Fast,3,0.2499273791701115,0.30599065984403284,0.4440819609858557,89.506,88.319,MEDIUM,2.0,Q3
VET,Ferrari,2019,Hungarian Grand Prix,Hungaroring,4122.248439558155,14.0,0.0033962048152295,0.4989999999999952,0.33900000000000574,0.036999999999999034,1.3290000000000006,0.05,0.0,0.05,0.0,0.0,0.0,40.1,48.4,0,0,-0.9990774397082004,-0.7429799002383637,-0.04760497628108983,150.0,1.0,Permanent-Slow,3,0.358567223028866,0.3569021326477601,0.2845306443233739,75.071,74.572,SOFT,2.0,Q3
VET,Ferrari,2019,Italian Grand Prix,Monza,5261.551646812222,11.0,0.0020906380357711,0.14999999999999147,0.33900000000000574,0.036999999999999034,1.7139999999999986,0.05,0.0,0.05,0.053500000000000054,0.04400000000000006,0.0,37.8,51.9,0,2,0.38666258986472024,-1.5677527631784072,-1.6053002230701332,120.0,2.0,Permanent-Fast,3,0.3364587135180035,0.33137420239878174,0.3321670840832149,79.457,79.307,SOFT,2.0,Q3
VET,Ferrari,2019,Japanese Grand Prix,Suzuka,5650.500064177964,18.0,0.0031855587639248,0.0,0.33900000000000574,0.036999999999999034,1.7139999999999986,0.05,0.0,0.05,0.09049999999999997,0.03799999999999997,0.0,38.1,60.5,0,2,0.8597424407340858,0.3567172503483611,-0.29893057527368244,50.0,2.0,Permanent-Fast,3,0.347514472112469,0.4522190572452449,0.20026647064228614,87.064,87.064,SOFT,2.0,Q3
VET,Ferrari,2019,Mexican Grand Prix,Hermanos Rodriguez,4309.0,17.0,0.0039452309120445,0.41200000000000614,0.33900000000000574,0.036999999999999034,1.3614999999999995,0.05,0.0,0.05,0.162,0.14,0.0,33.0,54.4,0,1,-0.7719306088718323,0.0817929627016799,0.6074479515566137,2240.0,2.0,Permanent-Medium,3,0.35290674471198613,0.38535319941466006,0.26174005587335375,75.17,74.758,SOFT,2.0,Q3
VET,Ferrari,2019,Monaco Grand Prix,Monaco,2982.89347053333,19.0,0.0063696542259026,0.7810000000000059,0.33900000000000574,0.036999999999999034,0.9629999999999939,0.05,0.0,0.05,0.06949999999999999,0.0,0.0,41.7,63.9,1,0,-2.3848804273745277,0.6316415379950423,3.5000710878223424,10.0,1.0,Street-Slow,3,0.2611949765317772,0.47139413928707347,0.26741088418114933,70.947,70.166,SOFT,2.0,Q3
VET,Ferrari,2019,Russian Grand Prix,Sochi Autodrom,5760.2985642132535,18.0,0.0031248380269432,0.42499999999999716,0.33900000000000574,0.036999999999999034,1.3614999999999995,0.05,0.0,0.05,0.24650000000000002,0.20200000000000004,0.0,29.9,58.9,0,1,0.993290890099623,0.3567172503483611,-0.37137758056360215,5.0,2.0,Permanent-Medium,3,0.3636600653971082,0.3424223001966259,0.29391763440626595,92.053,91.628,SOFT,2.0,Q3
VET,Ferrari,2019,Singapore Grand Prix,Marina Bay,4956.5492831458605,23.0,0.0046403250903221,0.21999999999999886,0.33900000000000574,0.036999999999999034,0.9629999999999939,0.05,0.0,0.05,0.18299999999999997,0.12799999999999997,0.0,33.6,61.0,1,0,0.01568673220387009,1.731338688581767,1.436777339075894,10.0,1.0,Street-Slow,3,0.2730694650393521,0.3845930503852255,0.3423374845754223,96.437,96.217,SOFT,2.0,Q3
VET,Ferrari,2019,Spanish Grand Prix,Barcelona-Catalunya,4348.990357163425,16.0,0.003679014825509,0.8659999999999997,0.33900000000000574,0.036999999999999034,1.3614999999999995,0.05,0.0,0.05,0.1375,0.1,0.0,35.0,57.5,0,1,-0.7232901430454965,-0.1931313249450013,0.28982074233246696,110.0,1.0,Permanent-Medium,3,0.27905391231382415,0.372050031466331,0.34889605621984476,76.272,75.406,SOFT,2.0,Q3
VET,Ferrari,2019,United States Grand Prix,COTA,5337.916050454483,20.0,0.0037467805433727,0.012000000000000455,0.33900000000000574,0.036999999999999034,1.7139999999999986,0.05,0.0,0.05,0.28200000000000003,0.28200000000000003,0.0,25.9,24.8,0,2,0.4795449852514533,0.9065658256417235,0.37067324124127227,230.0,3.0,Permanent-Fast,3,0.2674351647635293,0.39944155322084723,0.3331232820156235,92.041,92.029,SOFT,2.0,Q3
VET,Ferrari,2020,70th Anniversary Grand Prix,Silverstone,5729.156782444218,18.0,0.003141823602237,1.9240000000000066,1.4765000000000015,0.18499999999998806,1.7139999999999986,0.05,0.0,0.05,0.023500000000000017,0.0020000000000000287,0.0,39.9,54.3,0,2,0.9554129895418016,0.3567172503483611,-0.3511117846537936,140.0,2.0,Permanent-Fast,2,0.31842715726130594,0.4068076896575484,0.27476515308114563,87.078,85.154,SOFT,2.0,Q2
VET,Ferrari,2020,Abu Dhabi Grand Prix,Yas Marina,5333.449274375974,21.0,0.0039374144047628,1.3850000000000051,1.4765000000000015,0.18499999999998806,1.3614999999999995,0.05,0.0,0.05,0.30250000000000005,0.24200000000000002,0.0,27.9,62.1,0,1,0.4741120237924506,1.1814901132884046,0.59812193588988,10.0,2.0,Permanent-Medium,2,0.17969388705487888,0.42553631857271473,0.39476979437240634,96.631,95.246,SOFT,2.0,Q2
VET,Ferrari,2020,Austrian Grand Prix,Red Bull Ring,3999.68196710701,10.0,0.0025001987863632,1.267000000000003,1.4765000000000015,0.18499999999998806,1.7139999999999986,0.05,0.0,0.05,0.0,0.0,0.0,49.4,33.0,0,2,-1.148155635993153,-1.8426770508250885,-1.1166459125389459,700.0,2.0,Permanent-Fast,2,0.2534342584805158,0.4446157679967604,0.30194997352272374,64.206,62.939,SOFT,2.0,Q2
VET,Ferrari,2020,Bahrain Grand Prix,Bahrain International,5006.652008539475,15.0,0.0029960140977275,1.8780000000000001,1.4765000000000015,0.18499999999998806,1.3614999999999995,0.05,0.0,0.05,0.26749999999999996,0.238,0.0,28.1,55.9,0,1,0.07662692066868529,-0.4680556125916825,-0.5250797315138804,35.0,2.0,Permanent-Medium,2,0.31837966390702477,0.4310762603486572,0.2505440757443181,89.142,87.264,SOFT,2.0,Q2
VET,Ferrari,2020,Belgian Grand Prix,Spa-Francorchamps,6775.131165030146,19.0,0.0028043737511782,2.0090000000000003,1.4765000000000015,0.18499999999998806,1.7139999999999986,0.05,0.0,0.05,0.37,0.306,0.0,24.7,62.8,0,2,2.227636715963657,0.6316415379950423,-0.7537292817396346,300.0,2.0,Permanent-Fast,2,0.29568762649984026,0.42618219850669664,0.27813017499346315,103.261,101.252,SOFT,2.0,Q2
VET,Ferrari,2020,British Grand Prix,Silverstone,5729.156782444218,18.0,0.003141823602237,2.0360000000000014,1.4765000000000015,0.18499999999998806,1.7139999999999986,0.05,0.0,0.05,0.026999999999999993,0.0,0.0,40.0,55.4,0,2,0.9554129895418016,0.3567172503483611,-0.3511117846537936,140.0,2.0,Permanent-Fast,2,0.31948482145959534,0.402923360242764,0.2775918182976407,86.339,84.303,SOFT,2.0,Q2
VET,Ferrari,2020,Eifel Grand Prix,Hockenheimring,4317.957322804004,17.0,0.0039370467860392,1.468999999999994,1.4765000000000015,0.18499999999998806,1.3614999999999995,0.05,0.0,0.05,0.512,0.47200000000000003,0.0,16.4,58.0,0,1,-0.7610357736003405,0.0817929627016799,0.5976833233674174,100.0,2.0,Permanent-Medium,2,0.32738822661347966,0.414685604925177,0.25792616846134336,86.738,85.269,SOFT,2.0,Q2
VET,Ferrari,2020,Emilia Romagna Grand Prix,Imola,4909.0,19.0,0.003870442045223,1.7760000000000105,1.4765000000000015,0.18499999999998806,1.3614999999999995,0.05,0.0,0.05,0.40149999999999997,0.32,0.0,24.0,66.3,0,1,-0.04214769204173995,0.6316415379950423,0.5182160070911476,37.0,1.0,Permanent-Medium,2,0.32024938648272205,0.34549313523910596,0.3342574782781721,75.385,73.609,SOFT,2.0,Q2
VET,Ferrari,2020,Hungarian Grand Prix,Hungaroring,4122.248439558155,14.0,0.0033962048152295,1.3269999999999982,1.4765000000000015,0.18499999999998806,1.3290000000000006,0.05,0.0,0.05,0.379,0.28,0.0,26.0,69.8,0,0,-0.9990774397082004,-0.7429799002383637,-0.04760497628108983,150.0,1.0,Permanent-Slow,3,0.3674004333056945,0.3515660523711451,0.2810335143231604,74.774,73.447,SOFT,2.0,Q3
VET,Ferrari,2020,Italian Grand Prix,Monza,5261.551646812222,11.0,0.0020906380357711,2.263999999999996,1.4765000000000015,0.18499999999998806,1.7139999999999986,0.05,0.0,0.05,0.0,0.0,0.0,45.1,45.6,0,2,0.38666258986472024,-1.5677527631784072,-1.6053002230701332,120.0,2.0,Permanent-Fast,1,0.33414252442976666,0.3358800261241389,0.32997744944609425,81.151,78.887,SOFT,2.0,Q1
VET,Ferrari,2020,Portuguese Grand Prix,Portimao,4653.0,15.0,0.0032237266279819,0.980000000000004,1.4765000000000015,0.18499999999998806,1.3614999999999995,0.1,0.0,0.1,0.08799999999999997,0.08799999999999997,0.0,35.6,49.2,0,1,-0.3535217365559127,-0.4680556125916825,-0.25339180900199537,90.0,1.0,Permanent-Medium,3,0.29132556878341037,0.38295070113369317,0.32572373008289646,77.446,76.466,SOFT,3.0,Q3
VET,Ferrari,2020,Russian Grand Prix,Sochi Autodrom,5760.2985642132535,18.0,0.0031248380269432,2.3049999999999926,1.4765000000000015,0.18499999999998806,1.3614999999999995,0.05,0.0,0.05,0.19649999999999998,0.15799999999999997,0.0,32.1,57.7,0,1,0.993290890099623,0.3567172503483611,-0.37137758056360215,5.0,2.0,Permanent-Medium,2,0.36483671441848536,0.34588554519330406,0.2892777403882105,93.609,91.304,SOFT,2.0,Q2
VET,Ferrari,2020,Sakhir Grand Prix,Bahrain International,5006.652008539475,15.0,0.0029960140977275,0.7979999999999947,1.4765000000000015,0.18499999999998806,1.3614999999999995,0.05,0.0,0.05,0.40750000000000003,0.27,0.0,26.5,77.5,0,1,0.07662692066868529,-0.4680556125916825,-0.5250797315138804,35.0,2.0,Permanent-Medium,2,0.34600830641439784,0.35056760498384865,0.30342408860175357,54.175,53.377,SOFT,2.0,Q2
VET,Ferrari,2020,Spanish Grand Prix,Barcelona-Catalunya,4348.990357163425,16.0,0.003679014825509,1.5840000000000032,1.4765000000000015,0.18499999999998806,1.3614999999999995,0.05,0.0,0.05,0.008500000000000014,0.0,0.0,49.3,51.7,0,1,-0.7232901430454965,-0.1931313249450013,0.28982074233246696,110.0,1.0,Permanent-Medium,2,0.28050487248600453,0.3729654779183081,0.3465296495956873,77.168,75.584,SOFT,2.0,Q2
VET,Ferrari,2020,Styrian Grand Prix,Red Bull Ring,3999.68196710701,10.0,0.0025001987863632,1.7199999999999989,1.4765000000000015,0.18499999999998806,1.7139999999999986,3.15,2.5,0.65,4.099,0.40399999999999997,3.5,19.8,89.0,0,2,-1.148155635993153,-1.8426770508250885,-1.1166459125389459,700.0,2.0,Permanent-Fast,3,0.24415110943491106,0.44467911245207115,0.31116977811301777,79.545,77.825,WET,14.0,Q3
VET,Ferrari,2020,Turkish Grand Prix,Istanbul Park,5338.0,14.0,0.0026227051330086,7.403999999999996,1.4765000000000015,0.18499999999998806,1.7139999999999986,2.9,2.5,0.4,0.7245,0.526,0.0,13.7,89.7,0,2,0.47964709349177603,-0.7429799002383637,-0.9704813831763092,130.0,1.0,Permanent-Fast,2,0.3793729215327041,0.3539494134706388,0.26667766499665707,115.169,107.765,WET,9.0,Q2
VET,Ferrari,2020,Tuscan Grand Prix,Mugello,5245.0,15.0,0.0028598665395614,1.7139999999999986,1.4765000000000015,0.18499999999998806,1.7139999999999986,0.05,0.0,0.05,0.0,0.0,0.0,44.8,40.8,0,2,0.36653074138311176,-0.4680556125916825,-0.6875198361136977,255.0,1.0,Permanent-Fast,2,0.35877852663353194,0.2761716412084623,0.3650498321580056,76.858,75.144,SOFT,2.0,Q2
ZHO,Alfa Romeo,2022,Abu Dhabi Grand Prix,Yas Marina,5333.449274375974,21.0,0.0039374144047628,1.5840000000000032,1.769250000000003,0.13049999999999784,1.725999999999999,0.05,0.0,0.05,0.243,0.13799999999999998,0.0,33.1,71.0,0,1,0.4741120237924506,1.1814901132884046,0.59812193588988,10.0,2.0,Permanent-Medium,2,0.20583551892094415,0.42983092918696136,0.36433355189209443,85.408,83.824,SOFT,2.0,Q2
ZHO,Alfa Romeo,2022,Australian Grand Prix,Albert Park,4843.53245567963,14.0,0.0028904523977295,2.0420000000000016,1.769250000000003,0.13049999999999784,1.9250000000000043,0.05,0.0,0.05,0.21,0.19,0.0,30.5,54.0,1,1,-0.12177618446144439,-0.7429799002383637,-0.6510272976721347,31.0,2.0,Street-Medium,2,0.3457014140908522,0.22780628206732575,0.42649230384182213,79.91,77.868,SOFT,2.0,Q2
ZHO,Alfa Romeo,2022,Austrian Grand Prix,Red Bull Ring,3999.68196710701,10.0,0.0025001987863632,1.9170000000000016,1.769250000000003,0.13049999999999784,1.9969999999999999,0.05,0.0,0.05,0.06,0.06,0.0,37.0,33.0,0,2,-1.148155635993153,-1.8426770508250885,-1.1166459125389459,700.0,2.0,Permanent-Fast,1,0.25285122793381265,0.44290817775519054,0.30424059431099687,66.901,64.984,SOFT,2.0,Q1
ZHO,Alfa Romeo,2022,Azerbaijan Grand Prix,Baku City,4978.250124294395,20.0,0.0040174759203837,2.4180000000000064,1.769250000000003,0.13049999999999784,2.1230000000000047,0.15000000000000002,0.0,0.15000000000000002,0.175,0.08,0.0,36.0,69.0,1,2,0.042081570788943895,0.9065658256417235,0.6936447726344993,28.0,2.0,Street-Fast,2,0.35233240506085167,0.4041357911675998,0.24353180377154865,103.777,101.359,SOFT,4.0,Q2
ZHO,Alfa Romeo,2022,Bahrain Grand Prix,Bahrain International,5006.652008539475,15.0,0.0029960140977275,1.934999999999988,1.769250000000003,0.13049999999999784,1.725999999999999,0.05,0.0,0.05,0.31799999999999995,0.288,0.0,25.6,56.0,0,1,0.07662692066868529,-0.4680556125916825,-0.5250797315138804,35.0,2.0,Permanent-Medium,2,0.31895386677910764,0.43025958721200525,0.25078654600888717,92.493,90.558,SOFT,2.0,Q2
ZHO,Alfa Romeo,2022,Belgian Grand Prix,Spa-Francorchamps,6775.131165030146,19.0,0.0028043737511782,2.4199999999999875,1.769250000000003,0.13049999999999784,1.9969999999999999,0.05,0.0,0.05,0.549,0.384,0.0,20.8,83.0,0,2,2.227636715963657,0.6316415379950423,-0.7537292817396346,300.0,2.0,Permanent-Fast,2,0.293557053306311,0.4299382570580195,0.2765046896356695,106.085,103.665,SOFT,2.0,Q2
ZHO,Alfa Romeo,2022,British Grand Prix,Silverstone,5729.156782444218,18.0,0.003141823602237,1.661999999999992,1.769250000000003,0.13049999999999784,1.9969999999999999,1.95,1.5,0.45,0.5820000000000001,0.392,0.0,20.4,88.0,0,2,0.9554129895418016,0.3567172503483611,-0.3511117846537936,140.0,2.0,Permanent-Fast,3,0.319145558631227,0.4051651437132284,0.2756892976555446,100.791,99.129,INTERMEDIATE,10.0,Q3
ZHO,Alfa Romeo,2022,Canadian Grand Prix,Gilles Villeneuve,3927.405044134453,14.0,0.0035646947138566,2.7309999999999945,1.769250000000003,0.13049999999999784,1.725999999999999,1.6,1.5,0.1,0.513,0.438,0.0,18.1,65.0,0,1,-1.2360664087705144,-0.7429799002383637,0.15342335743024896,22.0,2.0,Permanent-Medium,3,0.2800785433773652,0.3251814828037605,0.3947399738188742,84.03,81.299,INTERMEDIATE,3.0,Q3
ZHO,Alfa Romeo,2022,Dutch Grand Prix,Zandvoort,4259.0,14.0,0.0032871566095327,1.3619999999999948,1.769250000000003,0.13049999999999784,1.725999999999999,0.05,0.0,0.05,0.012000000000000028,0.012000000000000028,0.0,39.4,30.0,0,1,-0.8327458519410066,-0.7429799002383637,-0.1777123552044761,2.0,2.0,Permanent-Medium,2,0.34316077206292533,0.3506638402320651,0.30617538770500946,71.704,70.342,SOFT,2.0,Q2
ZHO,Alfa Romeo,2022,Emilia Romagna Grand Prix,Imola,4909.0,19.0,0.003870442045223,0.9369999999999976,1.769250000000003,0.13049999999999784,1.725999999999999,0.35000000000000003,0.0,0.35000000000000003,0.676,0.506,0.0,14.7,84.0,0,1,-0.04214769204173995,0.6316415379950423,0.5182160070911476,37.0,1.0,Permanent-Medium,3,0.3227016179606171,0.34376019064342156,0.33353819139596136,79.73,78.793,SOFT,8.0,Q3
ZHO,Alfa Romeo,2022,French Grand Prix,Paul Ricard,5247.8799638259,15.0,0.0028582970844219,2.8020000000000067,1.769250000000003,0.13049999999999784,1.9969999999999999,0.05,0.0,0.05,0.0,0.0,0.0,56.1,45.0,0,2,0.37003365538516214,-0.4680556125916825,-0.6893923813172924,40.0,3.0,Permanent-Fast,1,0.2528663236330252,0.30549565514443705,0.4416380212225377,93.674,90.872,SOFT,2.0,Q1
ZHO,Alfa Romeo,2022,Hungarian Grand Prix,Hungaroring,4122.248439558155,14.0,0.0033962048152295,1.195999999999998,1.769250000000003,0.13049999999999784,1.195999999999998,0.05,0.0,0.05,0.31299999999999994,0.20799999999999996,0.0,29.6,71.0,0,0,-0.9990774397082004,-0.7429799002383637,-0.04760497628108983,150.0,1.0,Permanent-Slow,2,0.3652017868733534,0.3537601975233222,0.28103801560332425,78.573,77.377,SOFT,2.0,Q2
ZHO,Alfa Romeo,2022,Italian Grand Prix,Monza,5261.551646812222,11.0,0.0020906380357711,1.8419999999999987,1.769250000000003,0.13049999999999784,1.9969999999999999,0.05,0.0,0.05,0.0,0.0,0.0,41.1,35.0,0,2,0.38666258986472024,-1.5677527631784072,-1.6053002230701332,120.0,2.0,Permanent-Fast,3,0.33008548467738985,0.3372071753472434,0.3327073399753668,82.003,80.161,SOFT,2.0,Q3
ZHO,Alfa Romeo,2022,Japanese Grand Prix,Suzuka,5650.500064177964,18.0,0.0031855587639248,1.5900000000000034,1.769250000000003,0.13049999999999784,1.9969999999999999,0.05,0.0,0.05,0.30100000000000005,0.266,0.0,26.7,57.0,0,2,0.8597424407340858,0.3567172503483611,-0.29893057527368244,50.0,2.0,Permanent-Fast,2,0.35014412392457145,0.45019473232556606,0.19966114374986246,90.894,89.304,SOFT,2.0,Q2
ZHO,Alfa Romeo,2022,Mexico City Grand Prix,Hermanos Rodriguez,4309.0,17.0,0.0039452309120445,1.7009999999999934,1.769250000000003,0.13049999999999784,1.725999999999999,0.05,0.0,0.05,0.0,0.0,0.0,48.0,36.0,0,1,-0.7719306088718323,0.0817929627016799,0.6074479515566137,2240.0,2.0,Permanent-Medium,2,0.35380492224067644,0.38834365091348333,0.2578514268458402,79.476,77.775,SOFT,2.0,Q2
ZHO,Alfa Romeo,2022,Miami Grand Prix,Miami,5412.0,19.0,0.003510716925351,2.2239999999999895,1.769250000000003,0.13049999999999784,1.9250000000000043,0.15000000000000002,0.0,0.15000000000000002,0.0,0.0,0.0,50.3,40.0,1,1,0.5696536532341541,0.6316415379950423,0.08902148545382091,3.0,3.0,Street-Medium,1,0.33473961766644694,0.37937815864645136,0.28588222368710176,91.02,88.796,SOFT,4.0,Q1
ZHO,Alfa Romeo,2022,Monaco Grand Prix,Monaco,2982.89347053333,19.0,0.0063696542259026,4.22999999999999,1.769250000000003,0.13049999999999784,2.643500000000003,0.15000000000000002,0.0,0.15000000000000002,0.025,0.0,0.0,47.1,55.0,1,0,-2.3848804273745277,0.6316415379950423,3.5000710878223424,10.0,1.0,Street-Slow,1,0.2695817792238711,0.4676083908684495,0.26280982990767926,75.606,71.376,SOFT,4.0,Q1
ZHO,Alfa Romeo,2022,Saudi Arabian Grand Prix,Jeddah,6174.0,27.0,0.0043731778425655,1.6189999999999998,1.769250000000003,0.13049999999999784,2.1230000000000047,0.2,0.0,0.2,0.36200000000000004,0.30200000000000005,0.0,24.9,62.0,1,2,1.4964779576083713,2.8310358391684916,1.1180391446222482,15.0,3.0,Street-Fast,2,0.3677172981217782,0.3196873712688852,0.3125953306093366,89.819,88.2,SOFT,5.0,Q2
ZHO,Alfa Romeo,2022,Singapore Grand Prix,Marina Bay,4956.5492831458605,23.0,0.0046403250903221,5.962999999999994,1.769250000000003,0.13049999999999784,2.643500000000003,1.7,1.5,0.2,0.397,0.24200000000000002,0.0,27.9,81.0,1,0,0.01568673220387009,1.731338688581767,1.436777339075894,10.0,1.0,Street-Slow,2,0.26496208017334777,0.3915406283856988,0.3434972914409534,115.375,109.412,INTERMEDIATE,5.0,Q2
ZHO,Alfa Romeo,2022,Spanish Grand Prix,Barcelona-Catalunya,4348.990357163425,16.0,0.003679014825509,1.725999999999999,1.769250000000003,0.13049999999999784,1.725999999999999,0.05,0.0,0.05,0.0,0.0,0.0,47.8,18.0,0,1,-0.7232901430454965,-0.1931313249450013,0.28982074233246696,110.0,1.0,Permanent-Medium,2,0.27804562851036335,0.3756399423430588,0.3463144291465779,80.476,78.75,SOFT,2.0,Q2
ZHO,Alfa Romeo,2022,São Paulo Grand Prix,Interlagos,4309.0,15.0,0.0034810860988628,4.3160000000000025,1.769250000000003,0.13049999999999784,1.725999999999999,0.1,0.0,0.1,0.476,0.256,0.0,27.2,94.0,0,1,-0.7719306088718323,-0.4680556125916825,0.05366841251622112,800.0,2.0,Permanent-Medium,1,0.25838796760509064,0.5053925023604665,0.23621953003444288,75.197,70.881,SOFT,3.0,Q1
ZHO,Alfa Romeo,2022,United States Grand Prix,COTA,5337.916050454483,20.0,0.0037467805433727,2.3000000000000114,1.769250000000003,0.13049999999999784,1.9969999999999999,0.05,0.0,0.05,0.06599999999999995,0.06599999999999995,0.0,36.7,36.0,0,2,0.4795449852514533,0.9065658256417235,0.37067324124127227,230.0,3.0,Permanent-Fast,2,0.26975045522264524,0.4040618275120013,0.3261877172653534,96.656,94.356,SOFT,2.0,Q2
ZHO,Alfa Romeo,2023,Abu Dhabi Grand Prix,Yas Marina,5333.449274375974,21.0,0.0039374144047628,1.7140000000000128,1.7295000000000016,0.16850000000000165,1.725999999999999,0.05,0.0,0.05,0.23099999999999993,0.15599999999999994,0.0,32.2,65.0,0,1,0.4741120237924506,1.1814901132884046,0.59812193588988,10.0,2.0,Permanent-Medium,1,0.20352517056329925,0.4345753238060569,0.3618995056306438,85.159,83.445,SOFT,2.0,Q1
ZHO,Alfa Romeo,2023,Australian Grand Prix,Albert Park,4843.53245567963,14.0,0.0028904523977295,1.808000000000007,1.7295000000000016,0.16850000000000165,1.9250000000000043,0.2,0.0,0.2,0.326,0.326,0.0,23.7,49.0,1,1,-0.12177618446144439,-0.7429799002383637,-0.6510272976721347,31.0,2.0,Street-Medium,1,0.3482047364400306,0.22699261522790937,0.4248026483320601,78.54,76.732,SOFT,5.0,Q1
ZHO,Alfa Romeo,2023,Austrian Grand Prix,Red Bull Ring,3999.68196710701,10.0,0.0025001987863632,1.4269999999999925,1.7295000000000016,0.16850000000000165,1.9969999999999999,0.05,0.0,0.05,0.01799999999999997,0.01799999999999997,0.0,39.1,41.0,0,2,-1.148155635993153,-1.8426770508250885,-1.1166459125389459,700.0,2.0,Permanent-Fast,1,0.2535324683217357,0.44424017745905375,0.30222735421921054,65.818,64.391,SOFT,2.0,Q1
ZHO,Alfa Romeo,2023,Azerbaijan Grand Prix,Baku City,4978.250124294395,20.0,0.0040174759203837,2.438999999999993,1.7295000000000016,0.16850000000000165,2.1230000000000047,0.15000000000000002,0.0,0.15000000000000002,0.30900000000000005,0.15400000000000005,0.0,32.3,81.0,1,2,0.042081570788943895,0.9065658256417235,0.6936447726344993,28.0,2.0,Street-Fast,1,0.35124023304300384,0.4050778433779545,0.24368192357904173,102.642,100.203,SOFT,4.0,Q1
ZHO,Alfa Romeo,2023,Bahrain Grand Prix,Bahrain International,5006.652008539475,15.0,0.0029960140977275,1.7650000000000006,1.7295000000000016,0.16850000000000165,1.725999999999999,0.05,0.0,0.05,0.24799999999999997,0.24799999999999997,0.0,27.6,21.0,0,1,0.07662692066868529,-0.4680556125916825,-0.5250797315138804,35.0,2.0,Permanent-Medium,2,0.3174816612552338,0.4310233620849868,0.2514949766597794,91.473,89.708,SOFT,2.0,Q2
ZHO,Alfa Romeo,2023,Belgian Grand Prix,Spa-Francorchamps,6775.131165030146,19.0,0.0028043737511782,14.663999999999987,1.7295000000000016,0.16850000000000165,1.9969999999999999,1.55,1.5,0.05,0.495,0.3,0.0,25.0,89.0,0,2,2.227636715963657,0.6316415379950423,-0.7537292817396346,300.0,2.0,Permanent-Fast,1,0.2773520259533898,0.4591747219279661,0.2634732521186441,120.832,106.168,INTERMEDIATE,2.0,Q1
ZHO,Alfa Romeo,2023,British Grand Prix,Silverstone,5729.156782444218,18.0,0.003141823602237,3.403000000000006,1.7295000000000016,0.16850000000000165,1.9969999999999999,0.05,0.0,0.05,0.517,0.36200000000000004,0.0,21.9,81.0,0,2,0.9554129895418016,0.3567172503483611,-0.3511117846537936,140.0,2.0,Permanent-Fast,1,0.3138155631747722,0.4035040999522874,0.2826803368729403,90.123,86.72,SOFT,2.0,Q1
ZHO,Alfa Romeo,2023,Canadian Grand Prix,Gilles Villeneuve,3927.405044134453,14.0,0.0035646947138566,4.617000000000004,1.7295000000000016,0.16850000000000165,1.725999999999999,1.6,1.5,0.1,0.6020000000000001,0.42200000000000004,0.0,18.9,86.0,0,1,-1.2360664087705144,-0.7429799002383637,0.15342335743024896,22.0,2.0,Permanent-Medium,1,0.28902594130210457,0.3205946581555518,0.39037940054234355,83.342,78.725,INTERMEDIATE,3.0,Q1
ZHO,Alfa Romeo,2023,Dutch Grand Prix,Zandvoort,4259.0,14.0,0.0032871566095327,11.5,1.7295000000000016,0.16850000000000165,1.725999999999999,1.65,1.5,0.15000000000000002,0.5129999999999999,0.38799999999999996,0.0,20.6,75.0,0,1,-0.8327458519410066,-0.7429799002383637,-0.1777123552044761,2.0,2.0,Permanent-Medium,1,0.3446208585667808,0.33839423885361963,0.3169849025795996,82.067,70.567,INTERMEDIATE,4.0,Q1
ZHO,Alfa Romeo,2023,Hungarian Grand Prix,Hungaroring,4122.248439558155,14.0,0.0033962048152295,0.362000000000009,1.7295000000000016,0.16850000000000165,1.195999999999998,0.05,0.0,0.05,0.0,0.0,0.0,42.9,33.0,0,0,-0.9990774397082004,-0.7429799002383637,-0.04760497628108983,150.0,1.0,Permanent-Slow,3,0.36192851853295394,0.3543672292161983,0.2837042522508477,76.971,76.609,SOFT,2.0,Q3
ZHO,Alfa Romeo,2023,Italian Grand Prix,Monza,5261.551646812222,11.0,0.0020906380357711,2.0960000000000036,1.7295000000000016,0.16850000000000165,1.9969999999999999,0.8500000000000001,0.8,0.05,0.0,0.0,0.0,40.5,40.0,0,2,0.38666258986472024,-1.5677527631784072,-1.6053002230701332,120.0,2.0,Permanent-Fast,1,0.32832868066512927,0.3401383663065906,0.3315329530282801,82.39,80.294,HARD,2.0,Q1
ZHO,Alfa Romeo,2023,Japanese Grand Prix,Suzuka,5650.500064177964,18.0,0.0031855587639248,2.521000000000001,1.7295000000000016,0.16850000000000165,1.9969999999999999,0.05,0.0,0.05,0.054000000000000055,0.054000000000000055,0.0,37.3,46.0,0,2,0.8597424407340858,0.3567172503483611,-0.29893057527368244,50.0,2.0,Permanent-Fast,1,0.350839186853104,0.449386201010963,0.19977461213593292,91.398,88.877,SOFT,2.0,Q1
ZHO,Alfa Romeo,2023,Las Vegas Grand Prix,Las Vegas,6353.0,14.0,0.0022036832992287,2.1230000000000047,1.7295000000000016,0.16850000000000165,2.1230000000000047,0.05,0.0,0.05,0.515,0.46,0.0,17.0,61.0,1,2,1.7141965277960156,-0.7429799002383637,-1.4704238825178961,600.0,2.0,Street-Fast,1,0.2863604255184557,0.33282375143649384,0.38081582304505057,94.849,92.726,SOFT,2.0,Q1
ZHO,Alfa Romeo,2023,Mexico City Grand Prix,Hermanos Rodriguez,4309.0,17.0,0.0039452309120445,0.8840000000000003,1.7295000000000016,0.16850000000000165,1.725999999999999,0.05,0.0,0.05,0.0,0.0,0.0,41.5,26.0,0,1,-0.7719306088718323,0.0817929627016799,0.6074479515566137,2240.0,2.0,Permanent-Medium,3,0.354516335682255,0.38584240871236386,0.2596412556053812,78.05,77.166,SOFT,2.0,Q3
ZHO,Alfa Romeo,2023,Miami Grand Prix,Miami,5412.0,19.0,0.003510716925351,1.277000000000001,1.7295000000000016,0.16850000000000165,1.9250000000000043,0.05,0.0,0.05,0.05,0.0,0.0,41.8,60.0,1,1,0.5696536532341541,0.6316415379950423,0.08902148545382091,3.0,3.0,Street-Medium,2,0.3338366007878217,0.3805269550805417,0.2856364441316366,88.091,86.814,SOFT,2.0,Q2
ZHO,Alfa Romeo,2023,Monaco Grand Prix,Monaco,2982.89347053333,19.0,0.0063696542259026,2.1580000000000013,1.7295000000000016,0.16850000000000165,2.643500000000003,0.30000000000000004,0.0,0.30000000000000004,0.0,0.0,0.0,46.1,34.0,1,0,-2.3848804273745277,0.6316415379950423,3.5000710878223424,10.0,1.0,Street-Slow,1,0.2593746174666431,0.47294044040640343,0.2676849421269535,73.523,71.365,SOFT,7.0,Q1
ZHO,Alfa Romeo,2023,Qatar Grand Prix,Losail,5380.0,16.0,0.0029739776951672,3.6539999999999964,1.7295000000000016,0.16850000000000165,1.725999999999999,0.05,0.0,0.05,0.13099999999999995,0.10599999999999994,0.0,34.7,55.0,0,1,0.5307318976698825,-0.1931313249450013,-0.5513717604354108,20.0,2.0,Permanent-Medium,1,0.37287263244578644,0.33551788818739137,0.2916094793668222,87.432,83.778,SOFT,2.0,Q1
ZHO,Alfa Romeo,2023,Saudi Arabian Grand Prix,Jeddah,6174.0,27.0,0.0043731778425655,1.195999999999998,1.7295000000000016,0.16850000000000165,2.1230000000000047,0.15000000000000002,0.0,0.15000000000000002,0.174,0.174,0.0,31.3,41.0,1,2,1.4964779576083713,2.8310358391684916,1.1180391446222482,15.0,3.0,Street-Fast,2,0.3647175864343122,0.31636131945764073,0.3189210941080471,89.461,88.265,SOFT,4.0,Q2
ZHO,Alfa Romeo,2023,Singapore Grand Prix,Marina Bay,4956.5492831458605,23.0,0.0046403250903221,2.274000000000001,1.7295000000000016,0.16850000000000165,2.643500000000003,0.05,0.0,0.05,0.23400000000000007,0.10400000000000006,0.0,34.8,76.0,1,0,0.01568673220387009,1.731338688581767,1.436777339075894,10.0,1.0,Street-Slow,1,0.2929400158699521,0.42182976259409377,0.285230221535954,93.258,90.984,SOFT,2.0,Q1
ZHO,Alfa Romeo,2023,Spanish Grand Prix,Barcelona-Catalunya,4348.990357163425,16.0,0.003679014825509,1.2489999999999952,1.7295000000000016,0.16850000000000165,1.725999999999999,0.15000000000000002,0.0,0.15000000000000002,0.382,0.29200000000000004,0.0,25.4,68.0,0,1,-0.7232901430454965,-0.1931313249450013,0.28982074233246696,110.0,1.0,Permanent-Medium,2,0.29975109152487045,0.4031909250418248,0.29705798343330475,73.521,72.272,SOFT,4.0,Q2
ZHO,Alfa Romeo,2023,São Paulo Grand Prix,Interlagos,4309.0,15.0,0.0034810860988628,1.2540000000000049,1.7295000000000016,0.16850000000000165,1.725999999999999,0.05,0.0,0.05,0.06900000000000006,0.03400000000000006,0.0,38.3,57.0,0,1,-0.7719306088718323,-0.4680556125916825,0.05366841251622112,800.0,2.0,Permanent-Medium,1,0.26263065591020696,0.5052402665731323,0.23212907751666081,71.275,70.021,SOFT,2.0,Q1
ZHO,Alfa Romeo,2023,United States Grand Prix,COTA,5337.916050454483,20.0,0.0037467805433727,0.9749999999999943,1.7295000000000016,0.16850000000000165,1.9969999999999999,0.05,0.0,0.05,0.0,0.0,0.0,41.1,13.0,0,2,0.4795449852514533,0.9065658256417235,0.37067324124127227,230.0,3.0,Permanent-Fast,2,0.26768584505423315,0.40331041401074214,0.32900374093502477,95.698,94.723,SOFT,2.0,Q2
ZHO,Alfa Romeo,2024,Abu Dhabi Grand Prix,Yas Marina,5333.449274375974,21.0,0.0039374144047628,1.2849999999999966,1.854499999999998,0.25799999999999557,1.725999999999999,0.05,0.0,0.05,0.28200000000000003,0.20200000000000004,0.0,29.9,66.0,0,1,0.4741120237924506,1.1814901132884046,0.59812193588988,10.0,2.0,Permanent-Medium,1,0.20603242727706247,0.43173581306628517,0.3622317596566524,83.88,82.595,SOFT,2.0,Q1
ZHO,Alfa Romeo,2024,Australian Grand Prix,Albert Park,4843.53245567963,14.0,0.0028904523977295,2.272999999999996,1.854499999999998,0.25799999999999557,1.9250000000000043,0.2,0.0,0.2,0.115,0.1,0.0,35.0,53.0,1,1,-0.12177618446144439,-0.7429799002383637,-0.6510272976721347,31.0,2.0,Street-Medium,1,0.34520642553844577,0.22949813270578603,0.4252954417557681,78.188,75.915,SOFT,5.0,Q1
ZHO,Alfa Romeo,2024,Austrian Grand Prix,Red Bull Ring,3999.68196710701,10.0,0.0025001987863632,1.747000000000014,1.854499999999998,0.25799999999999557,1.9969999999999999,0.05,0.0,0.05,0.0,0.0,0.0,46.2,39.0,0,2,-1.148155635993153,-1.8426770508250885,-1.1166459125389459,700.0,2.0,Permanent-Fast,1,0.25098015470549945,0.4447404671440033,0.30427937815049727,66.061,64.314,SOFT,2.0,Q1
ZHO,Alfa Romeo,2024,Azerbaijan Grand Prix,Baku City,4978.250124294395,20.0,0.0040174759203837,2.8810000000000002,1.854499999999998,0.25799999999999557,2.1230000000000047,0.15000000000000002,0.0,0.15000000000000002,0.04799999999999997,0.04799999999999997,0.0,37.6,38.0,1,2,0.042081570788943895,0.9065658256417235,0.6936447726344993,28.0,2.0,Street-Fast,1,0.35350037411507396,0.4069988296913071,0.23950079619361894,104.246,101.365,SOFT,4.0,Q1
ZHO,Alfa Romeo,2024,Bahrain Grand Prix,Bahrain International,5006.652008539475,15.0,0.0029960140977275,1.5919999999999987,1.854499999999998,0.25799999999999557,1.725999999999999,0.05,0.0,0.05,0.368,0.368,0.0,21.6,47.0,0,1,0.07662692066868529,-0.4680556125916825,-0.5250797315138804,35.0,2.0,Permanent-Medium,1,0.3212314201659376,0.42910188745771677,0.2496666923763456,90.757,89.165,SOFT,2.0,Q1
ZHO,Alfa Romeo,2024,Belgian Grand Prix,Spa-Francorchamps,6775.131165030146,19.0,0.0028043737511782,4.616,1.854499999999998,0.25799999999999557,1.9969999999999999,1.7,1.5,0.2,0.578,0.368,0.0,21.6,92.0,0,2,2.227636715963657,0.6316415379950423,-0.7537292817396346,300.0,2.0,Permanent-Fast,1,0.2758140522182127,0.4626958182976013,0.26149012948418593,117.775,113.159,INTERMEDIATE,5.0,Q1
ZHO,Alfa Romeo,2024,British Grand Prix,Silverstone,5729.156782444218,18.0,0.003141823602237,2.048000000000002,1.854499999999998,0.25799999999999557,1.9969999999999999,0.05,0.0,0.05,0.524,0.40399999999999997,0.0,19.8,74.0,0,2,0.9554129895418016,0.3567172503483611,-0.3511117846537936,140.0,2.0,Permanent-Fast,2,0.32153140541955455,0.40508951028258616,0.2733790842978593,87.867,85.819,SOFT,2.0,Q2
ZHO,Alfa Romeo,2024,Canadian Grand Prix,Gilles Villeneuve,3927.405044134453,14.0,0.0035646947138566,2.549999999999997,1.854499999999998,0.25799999999999557,1.725999999999999,0.15000000000000002,0.0,0.15000000000000002,0.27799999999999997,0.17799999999999996,0.0,31.1,70.0,0,1,-1.2360664087705144,-0.7429799002383637,0.15342335743024896,22.0,2.0,Permanent-Medium,1,0.2817800032304959,0.31750390351585633,0.40071609325364776,74.292,71.742,SOFT,4.0,Q1
ZHO,Alfa Romeo,2024,Chinese Grand Prix,Shanghai International,5161.238099433068,16.0,0.0031000313668453,1.8449999999999989,1.854499999999998,0.25799999999999557,1.9969999999999999,0.05,0.0,0.05,0.13799999999999996,0.10799999999999997,0.0,34.6,56.0,0,2,0.2646507345248319,-0.1931313249450013,-0.4009748536645922,5.0,3.0,Permanent-Fast,1,0.2661221925553636,0.3011988901104654,0.432678917334171,95.505,93.66,SOFT,2.0,Q1
ZHO,Alfa Romeo,2024,Dutch Grand Prix,Zandvoort,4259.0,14.0,0.0032871566095327,3.587999999999994,1.854499999999998,0.25799999999999557,1.725999999999999,0.05,0.0,0.05,0.23399999999999999,0.16399999999999998,0.0,31.8,64.0,0,1,-0.8327458519410066,-0.7429799002383637,-0.1777123552044761,2.0,2.0,Permanent-Medium,1,0.34173707702597567,0.3590450580800153,0.2992178648940091,73.261,69.673,SOFT,2.0,Q1
ZHO,Alfa Romeo,2024,Emilia Romagna Grand Prix,Imola,4909.0,19.0,0.003870442045223,2.088000000000008,1.854499999999998,0.25799999999999557,1.725999999999999,0.05,0.0,0.05,0.0,0.0,0.0,41.9,43.0,0,1,-0.04214769204173995,0.6316415379950423,0.5182160070911476,37.0,1.0,Permanent-Medium,1,0.31499075929926856,0.3468386391441289,0.33817060155660256,76.834,74.746,SOFT,2.0,Q1
ZHO,Alfa Romeo,2024,Hungarian Grand Prix,Hungaroring,4122.248439558155,14.0,0.0033962048152295,2.8100000000000023,1.854499999999998,0.25799999999999557,1.195999999999998,0.2,0.0,0.2,3.785,0.21,3.5,29.5,65.0,0,0,-0.9990774397082004,-0.7429799002383637,-0.04760497628108983,150.0,1.0,Permanent-Slow,1,0.3652370029601342,0.35288388841190715,0.2818791086279585,78.037,75.227,SOFT,5.0,Q1
ZHO,Alfa Romeo,2024,Italian Grand Prix,Monza,5261.551646812222,11.0,0.0020906380357711,2.117999999999995,1.854499999999998,0.25799999999999557,1.9969999999999999,0.05,0.0,0.05,0.0,0.0,0.0,49.1,37.0,0,2,0.38666258986472024,-1.5677527631784072,-1.6053002230701332,120.0,2.0,Permanent-Fast,1,0.3253729510712751,0.3374670022714716,0.3371600466572534,81.445,79.327,SOFT,2.0,Q1
ZHO,Alfa Romeo,2024,Japanese Grand Prix,Suzuka,5650.500064177964,18.0,0.0031855587639248,1.945999999999998,1.854499999999998,0.25799999999999557,1.9969999999999999,0.05,0.0,0.05,0.30100000000000005,0.266,0.0,26.7,57.0,0,2,0.8597424407340858,0.3567172503483611,-0.29893057527368244,50.0,2.0,Permanent-Fast,1,0.35149706577327133,0.4491419189510001,0.19936101527572855,90.143,88.197,SOFT,2.0,Q1
ZHO,Alfa Romeo,2024,Las Vegas Grand Prix,Las Vegas,6353.0,14.0,0.0022036832992287,1.2540000000000049,1.854499999999998,0.25799999999999557,2.1230000000000047,0.1,0.0,0.1,0.522,0.522,0.0,13.9,28.0,1,2,1.7141965277960156,-0.7429799002383637,-1.4704238825178961,600.0,2.0,Street-Fast,2,0.2816728298740996,0.3341598443879187,0.38416732573798174,93.566,92.312,SOFT,3.0,Q2
ZHO,Alfa Romeo,2024,Mexico City Grand Prix,Hermanos Rodriguez,4309.0,17.0,0.0039452309120445,2.1260000000000048,1.854499999999998,0.25799999999999557,1.725999999999999,0.05,0.0,0.05,0.0,0.0,0.0,41.5,40.0,0,1,-0.7719306088718323,0.0817929627016799,0.6074479515566137,2240.0,2.0,Permanent-Medium,1,0.3553898965057895,0.3870401680500051,0.25756993544420537,78.072,75.946,SOFT,2.0,Q1
ZHO,Alfa Romeo,2024,Miami Grand Prix,Miami,5412.0,19.0,0.003510716925351,1.5829999999999984,1.854499999999998,0.25799999999999557,1.9250000000000043,0.05,0.0,0.05,0.025,0.0,0.0,48.5,55.0,1,1,0.5696536532341541,0.6316415379950423,0.08902148545382091,3.0,3.0,Street-Medium,1,0.3335134648293254,0.38168738178870576,0.2847991533819689,88.824,87.241,SOFT,2.0,Q1
ZHO,Alfa Romeo,2024,Monaco Grand Prix,Monaco,2982.89347053333,19.0,0.0063696542259026,2.7580000000000098,1.854499999999998,0.25799999999999557,2.643500000000003,0.15000000000000002,0.0,0.15000000000000002,0.04,0.0,0.0,44.7,58.0,1,0,-2.3848804273745277,0.6316415379950423,3.5000710878223424,10.0,1.0,Street-Slow,1,0.26547351700717536,0.46793010899928794,0.26659637399353675,73.028,70.27,SOFT,4.0,Q1
ZHO,Alfa Romeo,2024,Qatar Grand Prix,Losail,5380.0,16.0,0.0029739776951672,0.9810000000000088,1.854499999999998,0.25799999999999557,1.725999999999999,0.1,0.0,0.1,0.415,0.37,0.0,21.5,59.0,0,1,0.5307318976698825,-0.1931313249450013,-0.5513717604354108,20.0,2.0,Permanent-Medium,2,0.36652311014588773,0.33782407577821133,0.2956528140759009,81.501,80.52,SOFT,3.0,Q2
ZHO,Alfa Romeo,2024,Singapore Grand Prix,Marina Bay,4956.5492831458605,23.0,0.0046403250903221,2.5289999999999964,1.854499999999998,0.25799999999999557,2.643500000000003,0.05,0.0,0.05,0.30700000000000005,0.16200000000000003,0.0,31.9,79.0,1,0,0.01568673220387009,1.731338688581767,1.436777339075894,10.0,1.0,Street-Slow,1,0.2958698155430508,0.42130705890021075,0.28282312555673844,92.054,89.525,SOFT,2.0,Q1
ZHO,Alfa Romeo,2024,Spanish Grand Prix,Barcelona-Catalunya,4348.990357163425,16.0,0.003679014825509,1.355000000000004,1.854499999999998,0.25799999999999557,1.725999999999999,0.05,0.0,0.05,0.17400000000000004,0.08400000000000006,0.0,35.8,68.0,0,1,-0.7232901430454965,-0.1931313249450013,0.28982074233246696,110.0,1.0,Permanent-Medium,2,0.2981385245676263,0.3987461849377217,0.303115290494652,72.738,71.383,SOFT,2.0,Q2
ZHO,Alfa Romeo,2024,São Paulo Grand Prix,Interlagos,4309.0,15.0,0.0034810860988628,8.858000000000004,1.854499999999998,0.25799999999999557,1.725999999999999,2.75,2.5,0.25,4.058,0.348,3.5,22.6,92.0,0,1,-0.7719306088718323,-0.4680556125916825,0.05366841251622112,800.0,2.0,Permanent-Medium,1,0.25899873188602146,0.5306460878141833,0.21035518029979516,92.263,83.405,WET,6.0,Q1
ZHO,Alfa Romeo,2024,United States Grand Prix,COTA,5337.916050454483,20.0,0.0037467805433727,1.8979999999999961,1.854499999999998,0.25799999999999557,1.9969999999999999,0.05,0.0,0.05,0.004000000000000057,0.004000000000000057,0.0,39.8,37.0,0,2,0.4795449852514533,0.9065658256417235,0.37067324124127227,230.0,3.0,Permanent-Fast,1,0.27094918707815085,0.39970072589888356,0.3293500870229656,94.228,92.33,SOFT,2.0,Q1
